p_id,agent_type,sex,age,min_static_exposure,mean_static_exposure,mean_raw_diff,mean_abs_diff,max_abs_diff,mpd,mapd,non_home_hours,unique_nonhome_nontravel_hexes,num_location_changes,min_transition_distance_km,avg_transition_distance_km,max_transition_distance_km,travel_hours
2015000000253-1885801,retired,male,83.0,10.79646488225417,12.248917475370282,-0.04020411808473624,0.14262182771084425,2.232547105281345,-0.34672555496987306,1.196078316401083,22,7,19,0.9369332903949988,1.6001582362790212,3.353186547319115,0
2015000000253-1885802,retired,female,72.0,10.79646488225417,12.248917475370284,-0.1510473801394816,0.1757463492186583,3.0246426487645213,-1.2790929617530509,1.4939650405763478,17,8,15,0.936660269630524,1.7080572659102393,3.8779341770081657,0
2015000000253-1885803,student__lf_elig,male,16.0,10.79646488225417,12.248917475370288,-0.5691500788306604,0.5691500788306604,3.2146000569186413,-4.923012792362629,4.923012792362629,40,11,24,0.937103114536943,5.341327382478167,10.035720937617866,0
2015000000253-1885804,student__age10_15,male,13.0,10.79646488225417,12.248917475370282,-0.7324960410894159,0.7539558957123601,3.000528565645215,-6.06843686542062,6.253741798755623,62,7,21,0.9694780994652679,2.177681455819259,5.24900582636083,0
2015000000253-1885901,retired,male,83.0,10.79646488225417,12.248917475370293,-0.1616080185833478,0.2017799958802921,2.711011353316845,-1.3742279445931025,1.7087059788283114,22,9,20,0.9694073484335395,1.9445309636863315,6.0401601086144625,0
2015000000253-1885902,retired,female,72.0,10.79646488225417,12.248917475370272,-0.10358863108142422,0.12494664642860713,2.7000968712365054,-0.8736842067901117,1.0378854592887223,11,9,14,0.9365866049865467,1.2813112218727931,4.202901795224306,0
2015000000253-1885903,student__lf_elig,male,16.0,10.79646488225417,12.248917475370272,-0.5062263488455139,0.5121612059803453,3.237765776227171,-4.231688579317991,4.27731599174834,42,7,17,0.9398493815223414,2.793328728669888,5.24900582636083,0
2015000000253-1885904,student__age10_15,male,13.0,10.79646488225417,12.248917475370277,-0.9613570328569617,0.9613570328569617,3.0156671478496477,-7.943560455404394,7.943560455404394,72,12,23,0.939638226212071,2.189980764127505,4.976529153728712,0
2015000000253-2721501,retired,male,83.0,9.995283614279488,11.535258731144191,-0.1443906760002298,0.15953607956101407,2.656501336555875,-1.3373677661443877,1.4789017840131327,18,8,14,0.9371130530858424,8.335407505727689,48.206327518594776,0
2015000000253-2721502,retired,female,72.0,9.995283614279488,11.53525873114419,-0.017115295464934562,0.030669891863715826,1.138586097497626,-0.13910067024678927,0.2657685719114305,8,4,10,0.9371015889827037,1.4200126273869498,1.8744234709553098,0
2015000000253-2721503,student__lf_elig,male,16.0,9.995283614279488,11.535258731144191,-0.411099843590943,0.4977144148833862,2.269952859120723,-3.460116842899847,4.27201507214177,56,11,24,0.9399026273455208,2.867585352464982,5.643625668950205,0
2015000000253-2721504,student__age10_15,male,13.0,9.995283614279488,11.535258731144193,-0.3170642565058899,0.3328927520714779,1.8282888761235228,-2.7767946697819177,2.92473112903965,43,10,22,0.9399729341814947,2.236751940992889,6.116379812675821,0
2015000000253-2721601,retired,male,83.0,8.864746094322975,10.327243201338973,-0.048792890929975706,0.06414925764107303,1.2899348037321747,-0.5230244230288745,0.6867694025919768,11,6,9,0.9370493890973051,12.030150647595157,48.206327518594776,0
2015000000253-2721602,retired,female,72.0,8.864746094322975,10.327243201338977,-0.0316113782513372,0.1260368096004569,1.224327187742933,-0.31321280081652847,1.3642858219030713,22,5,10,0.9370493890973051,10.941183036152392,49.08060175816741,0
2015000000253-2721603,student__lf_elig,male,16.0,8.864746094322975,10.327243201338977,-0.09220892617553605,0.18451732213089803,2.481956493383832,-0.8345445891989307,1.7116507090006523,62,9,24,0.9365247500696169,2.83358261168981,7.370020496481836,0
2015000000253-2721604,student__age10_15,male,13.0,8.864746094322975,10.327243201338973,-0.07599412042819201,0.16478553806379942,3.2046566270490615,-0.7519589200214426,1.5962897146582702,50,10,22,0.9369119446530174,2.0865375179630052,4.434437053121925,0
2015000000253-2988201,retired,male,83.0,8.51135575583746,9.914980003130202,0.0034165991352529033,0.01038117682780855,0.3771884431221828,0.04583195587043559,0.10611901220234847,13,7,15,0.9367029883676842,1.5657653830842377,2.5561800530372616,0
2015000000253-2988202,retired,female,72.0,8.51135575583746,9.914980003130186,-0.024340394480687828,0.04141781981204051,0.5156994467821043,-0.2347850344199285,0.43051397660102625,21,8,14,0.9397619146253193,2.0717205806579178,3.3277516866401657,0
2015000000253-2988203,student__lf_elig,male,16.0,8.51135575583746,9.914980003130212,0.12472310666004442,0.15662773637951258,2.2695124873904096,1.2980681816132706,1.6456572968445764,52,9,23,0.9368288364410626,2.0795858668455414,3.759751056993365,0
2015000000253-2988204,student__age10_15,male,13.0,8.51135575583746,9.914980003130198,0.7313308661801464,0.7345763734159144,4.847360737301912,7.375883967227062,7.405267734276609,55,9,21,0.9369119446530174,2.6853242939304556,4.342783080360497,0
2015000000253-2988301,retired,male,83.0,8.51135575583746,9.914980003130212,0.08942549495895001,0.12895187758752108,3.384271681054541,0.9356971026694818,1.375039931918052,20,7,15,0.9367978821365991,1.4709029120004196,3.424700315083915,0
2015000000253-2988302,retired,female,72.0,8.51135575583746,9.914980003130207,0.11167398158563739,0.11611283031888159,3.384271681054541,1.18405356214504,1.2361840574646303,21,7,14,0.9367978821365991,2.0015578549256423,3.424700315083915,0
2015000000253-2988303,student__lf_elig,male,16.0,8.51135575583746,9.914980003130218,0.23183886052309072,0.2515970507327546,6.217178819464232,2.631200874967768,2.8326877934980588,39,13,25,0.9367861443969053,1.859333403063049,5.1128774189256125,0
2015000000253-2988304,student__age10_15,male,13.0,8.51135575583746,9.914980003130202,0.06947841032349095,0.10526680152145827,0.9291653244440585,0.7146158260825145,1.0446570347974682,58,6,19,0.9369546099881262,2.332415630499901,3.360384968122709,0
2015000000253-2988401,retired,male,83.0,8.714250983102815,10.136751957936966,0.038836444021436635,0.051423361175598876,1.8734537386086654,0.40054281304027495,0.5342356277611301,16,8,13,0.9368501432437757,2.2516615110305787,3.7600322182344112,0
2015000000253-2988402,retired,female,72.0,8.714250983102815,10.136751957936978,-0.037292196773594646,0.04045650055161094,0.9215812116375837,-0.38462770119474055,0.41166865589949186,21,11,18,0.9367765817246341,1.6304619718553413,3.2131595168370435,0
2015000000253-2988403,student__lf_elig,male,16.0,8.714250983102815,10.136751957936983,0.027421240821948523,0.06879200759281824,2.454360879297008,0.24819383560786865,0.6862866584774886,45,9,22,0.9368288364410626,1.7692951737832707,4.047209310282691,0
2015000000253-2988404,student__age10_15,male,13.0,8.714250983102815,10.13675195793699,0.007918568580359945,0.10363234720899232,2.7477155205260555,0.0482543785144884,1.003619239395009,49,8,23,0.9369546099881262,2.033407573355793,4.192824944037067,0
2015000000253-3033701,retired,male,83.0,8.714250983102815,10.136751957936983,-0.03939209818267515,0.03939209818267515,1.165462880077861,-0.43316540321570357,0.43316540321570357,17,6,10,0.9398322874840473,1.6424042026728773,3.758906780845544,0
2015000000253-3033702,retired,female,72.0,8.714250983102815,10.136751957936978,-0.026409779711439558,0.08310787758406755,1.1676294734897468,-0.3630852010304231,0.7918200959321756,18,4,9,1.6641449625716513,13.21549964483098,51.53720480301343,0
2015000000253-3033703,student__lf_elig,male,16.0,8.714250983102815,10.136751957936978,0.08028070565394012,0.15984295066585652,2.5612471404455928,0.7661409119956923,1.563104214589555,65,11,25,0.9367765817246341,1.6789445298625185,3.2131595168370435,0
2015000000253-3033704,student__age10_15,male,13.0,8.714250983102815,10.136751957936983,0.950923456128609,0.958727376777664,4.35430665634539,9.256951348563959,9.340670715848159,51,7,20,0.936838367830534,2.6698916114197697,4.045219347758952,0
2015000000253-3033801,retired,male,83.0,8.51135575583746,9.914980003130196,0.00617608094230118,0.022874167893963016,0.7089118233766794,0.06814978459293607,0.2538128307291696,16,8,12,0.9365247500696169,1.8185857489955195,4.32705464134759,0
2015000000253-3033802,retired,female,72.0,8.51135575583746,9.914980003130191,-0.0039105037083473244,0.021105003989893414,0.48871162246643074,-0.050826929301,0.22767120492815945,13,7,14,0.9367978821365991,1.6746438617423165,2.5506232440439445,0
2015000000253-3033803,student__lf_elig,male,16.0,8.51135575583746,9.914980003130207,0.19987995432858818,0.2135119956216729,3.2407696014825778,2.0976247217993316,2.2361963331245494,58,10,23,0.969634046707657,1.952478073642949,3.4901085003798964,0
2015000000253-3033804,student__age10_15,male,13.0,8.51135575583746,9.914980003130193,0.055079958210723146,0.09275009456397938,2.470572512592801,0.6336329473259243,0.9773695256092653,38,7,18,0.9400432079823022,2.3354144274640727,4.277729206569343,0
2015000000253-3083101,retired,male,83.0,8.087639464302656,9.60653776581471,0.01228428742173015,0.029927431283792733,1.3207121177777559,0.1545498496252481,0.3257617516496802,8,6,11,0.9397276048730324,1.63559371726165,3.3537046418592107,0
2015000000253-3083102,retired,female,72.0,8.087639464302656,9.606537765814718,-0.005600207004120984,0.03624257582212576,0.8671167900855803,-0.07327142519197938,0.42329002001996496,12,5,13,0.9368404045120727,1.8897068687525982,4.6849367259162085,0
2015000000253-3083103,student__lf_elig,male,16.0,8.087639464302656,9.606537765814718,-0.28073937612141303,0.28488745531833815,1.8529453471135486,-2.8707795866836734,2.9156522040236497,68,9,22,0.9363578796726141,3.6660344370652735,8.030463906418031,0
2015000000253-3083104,student__age10_15,male,13.0,8.087639464302656,9.60653776581472,-0.1758978535679053,0.20157069801218988,0.9719136841255409,-1.8072801239819154,2.0649683930808975,46,7,18,0.9363578796726141,4.174639490377455,8.26782326552476,0
2015000000253-3083201,retired,male,83.0,8.087639464302656,9.606537765814712,-0.021089461247757287,0.038565505242852065,1.3207121177777559,-0.22284324399367553,0.4293932792781537,16,6,10,0.9368404045120727,11.977617822995017,51.96376538342254,0
2015000000253-3083202,retired,female,72.0,8.087639464302656,9.606537765814716,0.008898756494011157,0.05759966250021874,0.8671167900855803,0.10072859755085055,0.6580552821750457,17,6,14,0.9368404045120727,8.781652239080238,52.70168121207187,0
2015000000253-3083203,student__lf_elig,male,16.0,8.087639464302656,9.606537765814707,0.1626184085959563,0.17452101047487723,2.379305479553084,1.6697013646491128,1.7662870117240863,56,6,17,0.9399591461107994,4.3702403687564315,5.92101400772584,0
2015000000253-3083204,student__age10_15,male,13.0,8.087639464302656,9.606537765814712,-0.20281543706863717,0.2287874016556133,0.9719136841255409,-2.0247809260010663,2.3153177322862346,61,6,20,0.9363578796726141,3.8103225581845117,8.030463906418031,0
2015000000253-3083301,retired,male,83.0,8.087639464302656,9.606537765814707,0.007537083501520862,0.035366172647925194,0.6326423772771399,0.06192635062004037,0.3803987418338663,15,5,9,0.9368404045120727,12.875657273126507,51.96376538342254,0
2015000000253-3083302,retired,female,72.0,8.087639464302656,9.606537765814707,0.011745782458250045,0.019540222051083727,0.9027832195575023,0.13793112661594661,0.22476282230924743,7,6,10,0.9368404045120727,2.3419970195361715,5.622144322581085,0
2015000000253-3083303,student__lf_elig,male,16.0,8.087639464302656,9.606537765814716,0.15209622809553808,0.15506599308909108,0.870787828783735,1.567938514992489,1.5911101120739137,66,7,20,0.9368404045120727,2.4334201783707234,6.1772455673206546,0
2015000000253-3083304,student__age10_15,male,13.0,8.087639464302656,9.606537765814714,0.17486600952080694,0.19839855268432077,2.379305479553084,1.7093768550626438,2.0003460960554222,50,8,18,0.9368404045120727,2.166911779928675,4.267890788858775,0
2015000000253-3083401,retired,male,83.0,8.087639464302656,9.606537765814704,-0.0013816145287924694,0.04036201919081402,0.7869703051945702,-0.03625463139295726,0.44145395542778176,14,6,12,0.9366409879995671,9.749611435271401,52.096149294582986,0
2015000000253-3083402,retired,female,72.0,8.087639464302656,9.6065377658147,0.04088070954623154,0.04429212845375249,0.8671167900855803,0.4796053707446013,0.5164857211632093,19,7,15,0.9368404045120727,1.7602832315145975,4.684675385123629,0
2015000000253-3083403,student__lf_elig,male,16.0,8.087639464302656,9.606537765814707,0.06697471546269998,0.1580651376686777,0.843878864013698,0.6869327942829255,1.5940463103662397,72,9,23,0.9371764814605507,3.213700197657104,6.1772455673206546,0
2015000000253-3083404,student__age10_15,male,13.0,8.087639464302656,9.606537765814721,-0.183477221137566,0.22328586088418273,1.3728208576364764,-1.809650754243249,2.269777742678906,53,10,21,0.9695348612565284,4.113636324716795,8.030463906418031,0
2015000000253-3604801,retired,male,83.0,8.718848856403893,10.282980058851768,-0.024753951616552344,0.04443280944352107,0.9753688518517123,-0.2626644163381341,0.4883691871292327,15,5,14,0.969609200375522,8.452452087097436,50.15298523890964,0
2015000000253-3604802,retired,female,72.0,8.718848856403893,10.28298005885177,-0.04891264604246953,0.04891264604246953,0.9753688518517123,-0.5240995019967171,0.5240995019967171,12,5,11,0.9398872704189328,10.221202097204873,50.15298523890964,0
2015000000253-3604803,student__lf_elig,male,16.0,8.718848856403893,10.282980058851754,-0.14752423026066103,0.15391097431339343,1.653717879554673,-1.4753947795975455,1.5219660291659154,50,10,25,0.9370608155273443,1.6994925946278374,6.118431979553273,0
2015000000253-3604804,student__age10_15,male,13.0,8.718848856403893,10.282980058851756,-0.09779554332557042,0.10670309925742824,1.4997360736624312,-0.9237606923307794,1.0220668851726658,48,8,22,0.9369873770791978,1.5558715642378784,3.4129773066475826,0
2015000000253-5790701,retired,male,83.0,8.384713195146485,9.595732967288805,0.03118121728773296,0.04529501044213169,1.0884450331406121,0.3419093323414939,0.5018499646329673,20,6,15,0.9373542500079508,1.7472216510007788,3.4136152696361237,0
2015000000253-5790702,retired,female,72.0,8.384713195146485,9.595732967288805,0.05310145876686896,0.05310145876686896,1.707157703799199,0.5993653996407782,0.5993653996407782,17,6,15,0.9401357710973504,1.2585210054659763,1.939700289542437,0
2015000000253-5790703,student__lf_elig,male,16.0,8.384713195146485,9.595732967288805,0.592907458775464,0.592907458775464,2.9719434176252264,6.207382991887113,6.207382991887113,44,8,21,0.9373753333493594,3.100789008490082,6.563676788049721,0
2015000000253-5790704,student__age10_15,male,13.0,8.384713195146485,9.595732967288807,0.7778708568153595,0.7812410137439547,3.446669200456311,7.843459822493498,7.883049792364593,56,11,25,0.9377203233244563,2.614205119170931,4.9176405077477074,0
2015000000253-5790801,retired,male,83.0,9.021961203143718,10.583699490119667,0.04749549320555412,0.11051902283492095,1.11833221235422,0.41083697410858905,1.0722354005291426,26,11,19,0.9374696295175571,1.4312308666810918,3.7495634934469657,0
2015000000253-5790802,retired,female,72.0,9.021961203143718,10.583699490119654,0.07024229671442013,0.09408835712899359,2.1872470345873154,0.7077402120301527,0.9274828452522741,15,8,16,0.9377934418374014,1.7242794089473779,3.414976420409653,0
2015000000253-5790803,student__lf_elig,male,16.0,9.021961203143718,10.583699490119646,-0.23856821925685662,0.23856821925685662,1.5432480256188743,-2.230286144359808,2.230286144359808,43,5,17,0.9373753333493594,1.5663106722971354,2.4583385208539665,0
2015000000253-5790804,student__age10_15,male,13.0,9.021961203143718,10.58369949011965,0.5086026051212413,0.5230495254238774,2.46518335073622,4.750018364799959,4.903656104992282,57,9,19,0.937803537708441,2.5321688386102097,4.051397694942083,0
2015000000486-172901,homemaker,female,29.0,7.263181413763464,8.24133009632952,-0.005251742726403153,0.027405318678894963,0.6184105690473682,-0.05532684734956758,0.3002568058282656,13,5,9,0.9325938553349945,3.0248104716936375,5.763864678434565,0
2015000000486-172902,worker_only,male,30.0,7.263181413763464,8.24133009632953,-0.17779585056760738,0.17779585056760738,1.1901815328935417,-2.10596562993118,2.10596562993118,42,5,15,1.592988784447917,3.1220008990344126,6.526104130304399,0
2015000000486-172903,youth__age_under05,female,4.0,7.263181413763464,8.241330096329532,-0.00272802045634732,0.062083735778705976,1.0208283099580289,-0.011865808062621015,0.7811444399148328,34,14,24,0.9327763999472047,3.369242267429747,12.627781456560161,0
2015000000486-172904,youth__age_under05,female,1.0,7.263181413763464,8.241330096329522,-0.04121721518191338,0.04437132947841181,0.7044884680187593,-0.45796155230603236,0.49903303201666477,22,9,16,0.932848495774191,2.4659904422803964,5.583762042803228,0
2015000000486-172905,youth__age_under05,female,0.0,7.263181413763464,8.241330096329522,-0.0301995250379011,0.07371666332290223,1.2150439654876237,-0.3149433893991446,0.8413714936617713,25,10,17,0.932848495774191,3.2294893993428357,9.087104360139008,0
2015000000486-204201,homemaker,female,29.0,8.136542315765064,9.101592134523413,-0.04605408171638157,0.06390855711990359,0.7530812861365614,-0.5052748396055091,0.6973110784685637,33,8,13,0.9300403121472786,6.729676420753673,19.234585486988685,0
2015000000486-204202,worker_only,male,30.0,8.136542315765064,9.101592134523411,7.458053576032897e-05,0.013655377686448845,1.1533164906655706,-0.013625525550826151,0.15328563429621186,2,2,4,0.9654102863336546,5.56208373388052,10.158757181427386,0
2015000000486-204203,youth__age_under05,female,4.0,8.136542315765064,9.10159213452342,-0.02059640422740839,0.06994052538978282,1.461123999287489,-0.19938628390202742,0.6969688391698479,18,7,15,0.9300403121472786,1.9227624608645302,7.9183540415154505,0
2015000000486-204204,youth__age_under05,female,1.0,8.136542315765064,9.101592134523408,-0.0015393900732877015,0.08819406376668001,1.461123999287489,0.02738101558625274,0.9152257590110849,27,8,22,0.9300403121472786,2.9630414161812557,14.044583956218263,0
2015000000486-204205,youth__age_under05,female,0.0,8.136542315765064,9.10159213452342,-0.011830610977746075,0.08423344297818032,2.3896728062406147,-0.09775222797987124,0.8920780735794523,29,9,19,0.9300403121472786,3.87477653612737,16.06420846766325,0
2015000000486-2719901,homemaker,female,29.0,8.464336591069534,9.888796354259991,-0.022437107390881044,0.12777258757831045,1.0927050944079522,-0.2598104197786651,1.327470918974572,39,10,26,0.9320920886635534,1.444997306315639,2.510076729512713,0
2015000000486-2719902,worker_only,male,30.0,8.464336591069534,9.888796354260004,-0.06490312244476543,0.08806807194243908,1.1319930997858867,-0.692222809657327,0.9658998928928205,28,5,12,0.9321668496925055,2.0664134152691145,2.5431204783708123,0
2015000000486-2719903,youth__age_under05,female,4.0,8.464336591069534,9.888796354260007,-0.018687327700541267,0.044704115662635366,1.0927050944079522,-0.21932091329322387,0.454594011890342,11,5,11,0.9321668496925055,1.3035213302754503,1.868353243787465,0
2015000000486-2719904,youth__age_under05,female,1.0,8.464336591069534,9.888796354259998,-0.025397159591284864,0.05141394755337896,1.0927050944079522,-0.2765203525737663,0.5117934511708845,12,5,11,0.9321668496925055,1.4733782421463628,1.868353243787465,0
2015000000486-2719905,youth__age_under05,female,0.0,8.464336591069534,9.888796354259998,0.011051017706577524,0.08569740165432911,1.0927050944079522,0.05940363465036224,0.8643139425267437,35,10,27,0.9321668496925055,1.505351117207321,2.5430789476628233,0
2015000000486-2720001,homemaker,female,29.0,8.464336591069534,9.888796354259995,-0.004681021726032643,0.10625133638279823,0.8519649182552538,-0.05216975360452751,1.1394288381652886,42,15,34,0.9320920886635534,1.4748669668486551,3.473849920541874,0
2015000000486-2720002,worker_only,male,30.0,8.464336591069534,9.888796354260005,-0.09528785888170191,0.09528785888170191,1.0612058422531483,-1.0038238384540585,1.0038238384540585,26,3,12,1.868353243787465,3.307552271032064,4.2442138032385,0
2015000000486-2720003,youth__age_under05,female,4.0,8.464336591069534,9.888796354259998,-0.05245740215285047,0.118763522904324,0.9435678023959522,-0.5824003250811316,1.2101031091071695,45,12,29,0.9321668496925055,1.4754824336119188,2.8019836482729024,0
2015000000486-2720004,youth__age_under05,female,1.0,8.464336591069534,9.888796354259993,-0.044381542094431264,0.162431632607221,0.9913482697936278,-0.4330252299439007,1.7581920296260476,50,13,33,0.932017296730567,1.4366560499683438,3.3066381360317405,0
2015000000486-2720005,youth__age_under05,female,0.0,8.464336591069534,9.888796354259995,-0.019742271709169038,0.05155176115292461,0.8519649182552538,-0.20333495123614395,0.5407991018548804,27,10,20,0.9321668496925055,1.7470904669072655,3.3388045869952228,0
2015000000486-2720101,homemaker,female,29.0,8.464336591069534,9.888796354259991,-0.01917835747945212,0.10735019628231487,0.8305073002078842,-0.23266807091203842,1.0849089151489066,48,14,33,0.9322415798010885,1.4122175597439288,2.5464021948879103,0
2015000000486-2720102,worker_only,male,30.0,8.464336591069534,9.888796354259995,-0.20804495987813418,0.20804495987813418,1.0585218739253914,-2.1260921676321978,2.1260921676321978,60,4,14,1.653601526946709,3.361515913932187,4.149678988608578,0
2015000000486-2720103,youth__age_under05,female,4.0,8.464336591069534,9.888796354259998,-0.009087396085414682,0.0948689451984049,0.8519649182552538,-0.0843518277181754,0.9850935786212479,33,9,24,0.9321668496925055,1.4340386045752844,2.54294708840813,0
2015000000486-2720104,youth__age_under05,female,1.0,8.464336591069534,9.888796354259997,-0.03088197948168278,0.0776032347412529,0.9913482697936278,-0.3683429946062073,0.7854131764510717,41,10,21,0.9321668496925055,1.4005338922108344,3.1925764781409014,0
2015000000486-2720105,youth__age_under05,female,0.0,8.464336591069534,9.888796354259995,0.014204275705753625,0.08163630141683346,0.8519649182552538,0.12897182203067398,0.8076998225085601,40,11,22,0.9321457898542437,1.570584958695729,1.9330503760121909,0
2015000000486-2841801,homemaker,female,29.0,7.891205584510411,9.581351066418252,-0.0005792537754264101,0.03681015571620146,0.5884577736154633,-0.013113409388892265,0.37591242599013414,29,11,27,0.9322205395643457,1.6640578382990714,3.338260290812311,0
2015000000486-2841802,worker_only,male,30.0,7.891205584510411,9.581351066418236,0.0057107315018307524,0.14682422671184417,1.410131870136368,0.10863479754619758,1.5914493070645668,56,14,30,0.9322625941300764,1.9899074388030178,4.149161237515832,0
2015000000486-2841803,youth__age_under05,female,4.0,7.891205584510411,9.58135106641824,-0.03951668176087544,0.07710275477161803,1.463503710076786,-0.41443218463127796,0.8032952303226953,43,15,28,0.9322205395643457,1.5088428328323984,3.3340059062677767,0
2015000000486-2841804,youth__age_under05,female,1.0,7.891205584510411,9.581351066418238,0.05283195071562959,0.09512957401704647,1.410131870136368,0.662589189429139,1.0657231053309517,39,13,32,0.9322952583405283,1.502280071019574,2.510076729512713,0
2015000000486-2841805,youth__age_under05,female,0.0,7.891205584510411,9.581351066418238,0.020863031043602136,0.0845307699607664,1.2537035524290232,0.22127074142505,0.8258023714119338,46,11,29,0.9322952583405283,1.7428352649452465,3.3387640361273783,0
2015000000486-2959801,homemaker,female,29.0,7.891205584510411,9.581351066418241,0.00939276774644843,0.10020193314360809,1.410131870136368,0.18859463627028655,1.029372525327871,37,12,30,0.9322952583405283,1.5807548862094698,2.510187755975716,0
2015000000486-2959802,worker_only,male,30.0,7.891205584510411,9.581351066418247,-0.187182138068854,0.1879386117637027,2.587466017475019,-1.895909571132925,1.9026777935199535,34,6,16,0.9322952583405283,3.272635399569604,6.164369982060188,0
2015000000486-2959803,youth__age_under05,female,4.0,7.891205584510411,9.581351066418238,0.0466050598222534,0.07603590599925084,1.463503710076786,0.49139873135905754,0.7893772870373859,30,10,28,0.9322952583405283,1.596180117196554,4.021441143867657,0
2015000000486-2959804,youth__age_under05,female,1.0,7.891205584510411,9.581351066418245,0.01060611348471445,0.06970795524219338,1.463503710076786,0.11641103022169873,0.7408454351026009,40,12,29,0.9321878836293215,1.6046029890376183,4.789243455892203,0
2015000000486-2959805,youth__age_under05,female,0.0,7.891205584510411,9.581351066418236,0.06107553805278402,0.1237299690834914,1.410131870136368,0.6185495096284014,1.2423845268571265,44,14,26,0.9322531393527274,1.5353115857107107,3.3342353193626972,0
2015000000486-3142801,homemaker,female,29.0,7.686094630956024,9.250743774310925,0.07868795736369975,0.07879673333459498,0.9962825742328718,0.8689387006106559,0.8699556957566794,31,13,26,0.9322088916588449,1.7760576894922764,4.249487431506877,0
2015000000486-3142802,worker_only,male,30.0,7.686094630956024,9.250743774310923,0.022592125965754144,0.022592125965754144,1.084658582409002,0.2544226955616861,0.2544226955616861,6,3,6,0.9342857704142316,1.4148858584669304,1.656759497913872,0
2015000000486-3142803,youth__age_under05,female,4.0,7.686094630956024,9.25074377431092,0.12332176376046614,0.12431340768104095,1.3228159991962336,1.38649508688187,1.3954377653532508,35,12,26,0.9322205395643457,1.9686671016742294,4.424041533377544,0
2015000000486-3142804,youth__age_under05,female,1.0,7.686094630956024,9.250743774310925,0.11372575675667898,0.11372575675667898,1.0047067505630132,1.1427611643593623,1.1427611643593623,35,10,22,0.9322205395643457,1.3324283830642358,3.306962826403569,0
2015000000486-3142805,youth__age_under05,female,0.0,7.686094630956024,9.25074377431092,0.09038411821778956,0.09137576213836437,1.455007745374095,0.9454411041559011,0.9543837826272819,31,11,20,0.9322205395643457,1.6257433972585047,3.4743523844387734,0
2015000000486-3142901,homemaker,female,29.0,7.686094630956024,9.25074377431092,0.1452725172108821,0.19321830702454226,2.014609480771135,1.6202971938146162,2.052673950696691,57,19,31,0.9322742118020881,1.7153159254578108,5.604185657012904,0
2015000000486-3142902,worker_only,male,30.0,7.686094630956024,9.250743774310916,-0.013035652823951915,0.03639740914855675,0.7372318111642233,-0.1509566228480747,0.4136887044613855,27,4,14,0.9325192289114467,2.467855521025956,3.398828435798492,0
2015000000486-3142903,youth__age_under05,female,4.0,7.686094630956024,9.250743774310925,0.09681902762695696,0.09773203054664169,0.979611648739942,1.0169399092785925,1.025173400539689,30,9,18,0.9323489192407558,1.7267375118438282,3.3133934978369144,0
2015000000486-3142904,youth__age_under05,female,1.0,7.686094630956024,9.25074377431092,0.0719174942538067,0.0719174942538067,0.7869088480165018,0.724026888227033,0.724026888227033,29,8,17,0.9323278663960284,1.4261497455302936,2.510187755975716,0
2015000000486-3142905,youth__age_under05,female,0.0,7.686094630956024,9.250743774310925,0.08235744946949933,0.08235744946949933,1.0047067505630132,0.826901135198143,0.826901135198143,32,9,21,0.9322742118020881,1.5791212850059002,6.161638174496925,0
2015000000486-4080901,homemaker,female,29.0,8.271612211943213,9.568727996114532,0.09142204418279436,0.19518390427860605,1.8941590354539368,1.1133814100480826,2.1344048725636524,31,9,15,0.9322765818145441,1.9363522010628424,6.085732473747643,0
2015000000486-4080902,worker_only,male,30.0,8.271612211943213,9.56872799611452,0.011510036685344808,0.011510036685344808,1.9336861631379278,0.12155222697478345,0.12155222697478345,1,1,2,1.5971479740002383,1.5971479740002383,1.5971479740002383,0
2015000000486-4080903,youth__age_under05,female,4.0,8.271612211943213,9.568727996114523,0.11481089894632192,0.31292428082938606,2.9938607097390655,1.2809331795382393,3.043754327013308,45,10,24,0.9322765818145441,2.4813213070906506,6.387078420335953,0
2015000000486-4080904,youth__age_under05,female,1.0,8.271612211943213,9.568727996114525,0.06629274058705935,0.14385008092356064,1.9336861631379278,0.7634466513642963,1.4531406966141192,30,7,18,0.9322765818145441,1.8149926947888213,3.194547958975065,0
2015000000486-4080905,youth__age_under05,female,0.0,8.271612211943213,9.568727996114532,-0.16495784453098214,0.21460413857109217,2.5653380816108413,-1.6291563630480055,2.11002833673667,34,12,20,0.9323514395801813,2.547529804525337,6.1501786057285335,0
2015000000486-4460901,homemaker,female,29.0,7.270131665255928,8.774970308192078,0.053853697168046534,0.08233232898838744,1.4634001620295365,0.6105105293164883,0.962328273268641,27,13,22,0.9328855677474905,2.345474149107104,5.096805119104021,0
2015000000486-4460902,worker_only,male,30.0,7.270131665255928,8.774970308192069,0.04353859347901053,0.06587732601784554,0.7630732100097362,0.5155984915627917,0.7733960534679234,33,9,21,0.933130560948,3.2751944343366484,5.802963927503594,0
2015000000486-4460903,youth__age_under05,female,4.0,7.270131665255928,8.774970308192072,0.17435596550523677,0.1765071483781177,2.159121608727407,1.85989846821566,1.8889582616774931,31,8,16,0.9330983135160412,2.299421569714857,5.597471043712014,0
2015000000486-4460904,youth__age_under05,female,1.0,7.270131665255928,8.77497030819208,0.16296092156707603,0.21705004057765726,1.747813629840273,1.664040385997011,2.3297481878260355,42,11,25,0.966995096827801,2.5729364549638127,5.096805119104021,0
2015000000486-4460905,youth__age_under05,female,0.0,7.270131665255928,8.774970308192069,0.08987830582811557,0.14609853853450985,1.747813629840273,0.9319220171275446,1.6135191838381229,45,13,29,0.9351198258697052,2.4804987098656226,5.096805119104021,0
2015000000486-4461001,homemaker,female,29.0,6.9753956641797235,8.598213774202785,0.0573714001610442,0.0573714001610442,1.1184177135095386,0.6855221765385561,0.6855221765385561,19,5,17,0.933033649488651,1.1908471096801445,2.5444634320578454,0
2015000000486-4461002,worker_only,male,30.0,6.9753956641797235,8.598213774202797,0.11780945370187165,0.21085350986678492,1.3036257549240773,1.5128309841428076,2.6272405037865822,65,11,23,0.9324887242117103,4.215853367513584,11.267938706335412,0
2015000000486-4461003,youth__age_under05,female,4.0,6.9753956641797235,8.598213774202794,0.06208901274571858,0.0754897312849086,1.1184177135095386,0.7803107392745224,0.9447790903878196,28,8,24,0.933033649488651,1.5818586551301783,2.9012575566498575,0
2015000000486-4461004,youth__age_under05,female,1.0,6.9753956641797235,8.598213774202787,0.09294607856434647,0.12540552860397142,1.2035420855340586,1.136664167435442,1.5170837034680105,46,10,24,0.932938021740294,1.7138884292893792,5.914187158464131,0
2015000000486-4461005,youth__age_under05,female,0.0,6.9753956641797235,8.598213774202785,0.12681379012507493,0.12755707498566174,1.2146624316978176,1.5641431257352325,1.5738880633789043,41,8,26,0.933033649488651,1.420739351478269,3.309010338007473,0
2015000000486-5007801,homemaker,female,29.0,9.467120463364868,10.399825684322577,-0.03957806980045141,0.03957806980045141,0.6025701560337087,-0.3945328794130142,0.3945328794130142,13,2,5,0.9374267051235922,1.6434082540690078,2.4578574288814123,0
2015000000486-5007802,worker_only,male,30.0,9.467120463364868,10.399825684322577,-0.002856079520762812,0.0062343017677524044,0.7635920282352782,-0.026604601843032614,0.058073003603228916,2,2,3,1.6072523787800115,6.633499795174099,9.851998011228318,0
2015000000486-5007803,youth__age_under05,female,4.0,9.467120463364868,10.399825684322575,-0.08616099721207451,0.08616099721207451,2.020496992519492,-0.8346297099560955,0.8346297099560955,16,4,13,0.9374267051235922,1.685364889610578,3.3596691395741405,0
2015000000486-5007804,youth__age_under05,female,1.0,9.467120463364868,10.399825684322575,-0.026637216822475298,0.03363790291356642,0.8478885775353664,-0.25720830614364154,0.3268006624670434,8,4,8,0.9397148144710443,1.467798297442328,1.663758159961992,0
2015000000486-5007805,youth__age_under05,female,0.0,9.467120463364868,10.399825684322577,-0.011713943931292653,0.015316803614219837,0.7149981659427116,-0.12286065418365345,0.16070357059020826,5,3,6,0.9397148144710443,1.3848219107400768,1.6074985389691743,0
2015000000486-5302001,homemaker,female,29.0,8.027204072934309,8.935624061753536,0.10135102549276086,0.1060482269985472,3.966952521933745,1.2371733693767715,1.2837164528878091,9,5,11,0.9317053478286959,13.61782702657655,35.80716322320289,0
2015000000486-5302002,worker_only,male,30.0,8.027204072934309,8.935624061753538,0.021432464656368493,0.021432464656368493,2.583679315910892,0.26339887568153114,0.26339887568153114,4,2,4,16.035019016014846,20.20082432646192,24.366629636908993,0
2015000000486-5302003,youth__age_under05,female,4.0,8.027204072934309,8.93562406175354,0.019603235637097004,0.04428365941242605,1.3434312880712138,0.2575042117173126,0.5302938128399816,17,5,14,0.9344500236633833,0.9955283504412531,1.6570681469816342,0
2015000000486-5302004,youth__age_under05,female,1.0,8.027204072934309,8.93562406175354,0.26851938379296253,0.2808278911149964,7.427254211894924,3.1825228138707264,3.3043139991561783,20,8,16,0.9317254785981908,9.740734525045548,36.39131681130696,0
2015000000486-5302005,youth__age_under05,female,0.0,8.027204072934309,8.935624061753538,0.10404697838630138,0.10404697838630138,3.966952521933745,1.252646696384361,1.252646696384361,11,4,9,0.9674115723230424,15.642190838350123,37.303735877546224,0
2015000000486-5302101,homemaker,female,29.0,9.92084067683636,11.504465059572876,-0.6960646132407857,0.8035080496092015,3.245972002872337,-5.75366756142493,6.78718851005949,50,6,20,0.9345234330459411,4.138188579175302,10.417892499477082,0
2015000000486-5302102,worker_only,male,30.0,9.92084067683636,11.504465059572874,-0.1146955869656196,0.4046755253986696,3.245972002872337,-1.0118639356805907,3.4314224890769025,33,6,19,1.6543838152731631,9.680527187236612,36.410054688520304,0
2015000000486-5302103,youth__age_under05,female,4.0,9.92084067683636,11.50446505957288,-0.3991883719682072,0.5402548738031501,3.245972002872337,-3.6595186995732374,4.797179911157956,46,10,21,0.9316511030448509,7.979713865196383,41.577323545363086,0
2015000000486-5302104,youth__age_under05,female,1.0,9.92084067683636,11.504465059572874,-0.23294056024881143,0.44696840350092737,3.245972002872337,-1.9076175693830737,3.820294286389693,41,11,25,0.9317254785981908,7.173487896505954,41.577323545363086,0
2015000000486-5302105,youth__age_under05,female,0.0,9.92084067683636,11.504465059572873,-0.2815343559798673,0.58938596403595,3.0366100236634033,-2.3310392541266554,5.018591068244476,43,7,21,0.9345234330459411,4.617819642389214,14.404267830760057,0
2015000000486-5302201,homemaker,female,29.0,9.71898107734723,11.579246212245973,-0.10240237218241208,0.4900231260345042,3.841337156243414,-0.732224212848829,4.117641778571734,47,11,22,0.9335466245981413,8.792086588900377,30.78780879730676,0
2015000000486-5302202,worker_only,male,30.0,9.71898107734723,11.579246212245975,-0.11690374196297945,0.427281147300673,3.3789329124421457,-0.9464739431351161,3.4566787591130153,40,9,23,0.9338078662893158,7.100981464199333,21.323042443525146,0
2015000000486-5302203,youth__age_under05,female,4.0,9.71898107734723,11.579246212245963,-0.04686312328900185,0.4635894792905364,3.390948412034506,-0.5266643580701793,3.950203689870002,38,7,21,0.9338078662893158,7.483975293977602,32.649252846972,0
2015000000486-5302204,youth__age_under05,female,1.0,9.71898107734723,11.579246212245964,-0.3222071435407497,0.49925201286065096,3.475816897616312,-3.008036110069506,4.518241615183375,55,9,24,0.9338078662893158,8.530959804174767,32.630755782786764,0
2015000000486-5302205,youth__age_under05,female,0.0,9.71898107734723,11.579246212245966,0.15259168820924318,0.5827965314185158,3.6480927868874584,1.4021638037372819,4.8584610377491675,49,11,27,0.9316511030448509,7.572732899682127,31.717676150417066,0
2015000000486-61001,homemaker,female,29.0,7.2441768925895715,8.122421786697746,-0.04592642499423305,0.047127812108392876,0.5318837441370334,-0.5238151368045293,0.5400309487429853,32,6,15,0.9301121641684786,1.5209368453330632,1.8638997244721829,0
2015000000486-61002,worker_only,male,30.0,7.2441768925895715,8.122421786697746,-0.002827938134359754,0.011676242812014372,0.5315841932243419,-0.031895304959770804,0.14181486060561405,18,2,14,1.6539308984474885,6.133894459891627,7.9258798844692855,0
2015000000486-61003,youth__age_under05,female,4.0,7.2441768925895715,8.122421786697746,-0.03651039817938393,0.050223257414851244,0.5318837441370334,-0.41743619833621814,0.6035697134904616,35,8,20,0.9301875169244999,1.8451188077723508,5.085858608596414,0
2015000000486-61004,youth__age_under05,female,1.0,7.2441768925895715,8.122421786697744,-0.05835678611014814,0.08076944081587976,0.5318837441370334,-0.6748282218565115,0.9450194051171059,42,7,23,0.9301875169244999,1.7321689287905269,2.895779665361721,0
2015000000486-61005,youth__age_under05,female,0.0,7.2441768925895715,8.12242178669775,-0.05247680154903011,0.06684962474445301,0.5318837441370334,-0.6295558348308807,0.7904517650209818,38,4,18,0.9301875169244999,1.5330859545590687,2.505352357386772,0
2015000000486-61101,homemaker,female,29.0,7.184582607892623,8.080383354587966,0.14194088185378334,0.15169327908868768,1.9489513293609457,1.8270514482178664,1.9335781264307954,24,7,16,0.930780190897638,1.763965506674851,3.3091589109688697,0
2015000000486-61102,worker_only,male,30.0,7.184582607892623,8.080383354587982,0.06782347619114762,0.06782347619114762,1.3761831641548152,0.8656291586740835,0.8656291586740835,14,2,12,1.9312966885741443,3.8563566786237184,4.241368676633632,0
2015000000486-61103,youth__age_under05,female,4.0,7.184582607892623,8.080383354587987,0.2219580283422354,0.2263650251806181,1.4873347644992512,2.6488886140724714,2.697530827555567,41,5,20,0.9324428530800468,1.6735215165459452,2.5437853344537924,0
2015000000486-61104,youth__age_under05,female,1.0,7.184582607892623,8.08038335458797,0.16912451302238432,0.16912451302238432,1.9489513293609457,2.04730106834437,2.04730106834437,27,7,19,0.9308553159933356,1.7391469078567807,3.473999096415283,0
2015000000486-61105,youth__age_under05,female,0.0,7.184582607892623,8.080383354587982,0.18443649977435184,0.18443649977435184,1.4980340714173117,2.1654510770851707,2.1654510770851707,23,4,16,1.5937621738595436,2.163691376471551,2.896947950202742,0
2015000000486-618201,homemaker,female,29.0,6.6255229715037185,7.968804868613764,0.035098876990103625,0.035098876990103625,0.48397472611002534,0.3860739302220018,0.3860739302220018,14,3,8,0.9332501228695943,1.6515894061369678,2.4411128034644602,0
2015000000486-618202,worker_only,male,30.0,6.6255229715037185,7.968804868613765,0.013652163895931062,0.013652163895931062,1.4871966987931735,0.1939563801321961,0.1939563801321961,3,2,5,1.5943850293293502,2.8281799584849185,5.22084670252694,0
2015000000486-618203,youth__age_under05,female,4.0,6.6255229715037185,7.968804868613757,0.0848791059322521,0.08515464812054885,1.7392085079531103,0.9935994578991459,0.9972679076119271,33,13,21,0.9309443639637984,2.324018399560907,7.450258347366405,0
2015000000486-618204,youth__age_under05,female,1.0,6.6255229715037185,7.968804868613765,0.041692242783990245,0.05708800065028753,0.630917984004995,0.4963258083134129,0.6659884106339952,37,5,14,0.9329762595803418,1.9852481696304582,4.303791684930281,0
2015000000486-618205,youth__age_under05,female,0.0,6.6255229715037185,7.968804868613758,0.023795320480051608,0.05388858496268039,0.7064837712137901,0.30977355892681485,0.6414039735374001,30,8,18,0.931115859143783,1.8693960046118612,3.394597421253687,0
2015000000486-773001,homemaker,female,29.0,7.754883864189838,9.07394933785265,0.016151042777382964,0.029141645133099744,1.2320953385699536,0.1759465838252025,0.3300040149708005,8,5,10,0.9324887242117103,1.9189391747693674,3.474675754274116,0
2015000000486-773002,worker_only,male,30.0,7.754883864189838,9.07394933785265,-0.0345391746488957,0.10194475505503521,1.645713840734338,-0.33425839862466095,1.2034600731642626,22,3,14,0.9351556142459765,6.00692984190504,8.802696425351279,0
2015000000486-773003,youth__age_under05,female,4.0,7.754883864189838,9.073949337852646,0.06540803329971198,0.08700899439555913,0.9559116915419743,0.7034977679981067,0.9301840653353609,35,10,24,0.9324025624871056,1.8526375909900843,4.319057697851117,0
2015000000486-773004,youth__age_under05,female,1.0,7.754883864189838,9.07394933785265,0.062381731783247636,0.08216643980000804,0.8858148641326764,0.6106454425250947,0.8242578141443765,32,13,25,0.9325633862032372,1.8242728630218181,4.961699459771031,0
2015000000486-773005,youth__age_under05,female,0.0,7.754883864189838,9.07394933785265,0.036675878653558557,0.050949682417843735,0.7803275237910192,0.36411762999759856,0.5233441811585148,23,11,19,0.9344496135420629,1.9572672820473438,3.4067833875607443,0
2015000000582-1296701,worker_only,male,55.0,8.424478462813596,9.340093817250096,-0.15045168459871858,0.20766119973920258,3.00894186879232,-1.5818922567190479,2.2241141374512314,38,13,29,0.9308841292893507,14.372780389605843,37.67168573178717,0
2015000000582-1296702,worker_only,female,51.0,8.424478462813596,9.340093817250095,0.02435229157485011,0.02484394231400324,0.45916484962929793,0.23964504865742753,0.24541015425191276,10,2,4,1.8672612207113712,1.8674071560051853,1.8675530912989993,0
2015000000582-1296703,homemaker,male,22.0,8.424478462813596,9.340093817250093,0.03132911388898704,0.05715079936877438,0.6587225750535772,0.33325369305847263,0.6164391226631659,23,9,15,0.9318771078706539,1.7563956114465396,2.795083926384677,0
2015000000582-1296801,worker_only,male,55.0,8.544212376598365,9.465311608675327,-0.15700837244360533,0.1875998874101836,1.646700206067207,-1.6934577167201494,2.021358591778102,50,13,26,0.9306720415774683,8.301590826450353,19.932859582697276,0
2015000000582-1296802,worker_only,female,51.0,8.544212376598365,9.46531160867533,-0.002618064428948482,0.002618064428948482,0.43983482406334495,-0.0303534049607151,0.0303534049607151,1,1,2,0.966257461312207,0.966257461312207,0.966257461312207,0
2015000000582-1296803,homemaker,male,22.0,8.544212376598365,9.46531160867533,-0.0009883404994557204,0.05089187503054247,1.0988563915529816,-0.003162557830185563,0.5132607363496087,30,10,16,0.9317484703723058,2.0325990158269573,7.9466497037262895,0
2015000000582-1681501,worker_only,male,55.0,7.806782296189718,9.232013504783495,0.02907478929195641,0.20106123480565427,1.7354367181752384,0.3883706187506703,2.1338267463142753,49,11,23,0.9304344762345528,8.912306451010725,23.970257099652844,0
2015000000582-1681502,worker_only,female,51.0,7.806782296189718,9.232013504783485,0.022138715545981864,0.022138715545981864,0.8534810396669954,0.2550999330403598,0.2550999330403598,7,2,4,1.5964129277645518,1.6248503013036861,1.6532876748428205,0
2015000000582-1681503,homemaker,male,22.0,7.806782296189718,9.232013504783486,0.11403045640246912,0.11403045640246912,1.7288616304206368,1.225524687354385,1.225524687354385,52,14,30,0.9320920886635534,1.7312296264614921,3.1930783003125627,0
2015000000582-3670601,worker_only,male,55.0,7.367810271581608,9.301124969720368,-0.43203301437220326,0.44118184351288225,3.946756204478513,-4.428055490330577,4.521320910325416,67,10,33,0.9290734501855304,13.28608179525066,42.233288828252,0
2015000000582-3670602,worker_only,female,51.0,7.367810271581608,9.301124969720375,-0.002183767331460323,0.005117464404233128,0.30665173289912495,-0.02538020294240846,0.05459047589785025,5,2,5,1.6567292532178997,1.9588638578808208,2.5433424483078513,0
2015000000582-3670603,homemaker,male,22.0,7.367810271581608,9.301124969720373,0.18989581614045278,0.21605757433433065,2.092512648881926,2.3399047389295817,2.623754292428036,54,16,32,0.9322835825455356,2.199519869023161,4.243649514039059,0
2015000000582-3792301,worker_only,male,55.0,7.649670587845344,9.510765100661143,-0.423725579638525,0.42805260588236715,3.682126163163556,-3.88205604900227,3.938620919268939,43,12,23,0.9308841292893507,17.992947613930145,46.267156801332376,0
2015000000582-3792302,worker_only,female,51.0,7.649670587845344,9.510765100661144,-0.016747251246193463,0.016747251246193463,0.7033845523401254,-0.17576179223731606,0.17576179223731606,4,1,2,2.443247151706457,2.443247151706457,2.443247151706457,0
2015000000582-3792303,homemaker,male,22.0,7.649670587845344,9.510765100661141,-0.02603990192131923,0.03306457690427137,1.418582480740727,-0.27103685744284034,0.3592511870259605,9,4,8,1.5974250440114401,2.1086976748002915,3.3147337872862654,0
2015000000582-3851801,worker_only,male,55.0,8.276820398394303,9.605915235942954,-0.7745072006670645,0.7745072006670645,4.745746061129354,-7.383645988951015,7.383645988951015,56,8,24,0.9308841292893507,19.134649989277495,46.323434965455014,0
2015000000582-3851802,worker_only,female,51.0,8.276820398394303,9.605915235942962,-0.005575664416007156,0.005575664416007156,0.9367116218892022,-0.060438069221240585,0.060438069221240585,1,1,2,1.9337263349528433,1.9337263349528433,1.9337263349528433,0
2015000000582-3851803,homemaker,male,22.0,8.276820398394303,9.605915235942968,-0.02958464843122074,0.03086909394638823,0.9367116218892022,-0.29374033106344294,0.30659989101164914,13,5,11,0.9328081793694212,1.5318285175757682,3.4788297844406526,0
2015000000582-3851901,worker_only,male,55.0,8.276820398394303,9.605915235942964,-0.2256279778453269,0.22580048825704319,4.294914558395779,-2.1798863680283853,2.1816135008300175,30,10,21,0.932477227606046,19.249690934474025,39.07122499873718,0
2015000000582-3851902,worker_only,female,51.0,8.276820398394303,9.605915235942968,-0.005552077044694139,0.00977248644426217,0.3283054658525977,-0.05865749346628051,0.10091121854752011,9,4,6,0.9347390301636165,1.7558927067750123,2.547436777787944,0
2015000000582-3851903,homemaker,male,22.0,8.276820398394303,9.605915235942973,-0.0330260016137352,0.035064504712505856,0.8530656550305622,-0.35818380257196475,0.3828128630160712,11,5,12,0.9328081793694212,1.4415265951478002,1.869223322706124,0
2015000000582-4081001,worker_only,male,55.0,8.620625949260475,10.467270522020325,-0.6771342335633055,0.7450563116420815,4.793892645255108,-5.902485286708306,6.573049264867439,44,4,15,0.9308841292893507,30.26676375144943,44.8389337978125,0
2015000000582-4081002,worker_only,female,51.0,8.620625949260475,10.467270522020327,0.10646402277333128,0.11026483612511415,1.3375610847812442,0.9093391685849084,0.946862880955073,18,4,7,0.9320196337522987,1.1784337994268594,1.8641142097432077,0
2015000000582-4081003,homemaker,male,22.0,8.620625949260475,10.467270522020335,0.09410224137814685,0.09410224137814685,1.3375610847812442,0.8071420121168257,0.8071420121168257,16,2,10,0.9320945759909093,0.9325767920023429,0.9345056560480776,0
2015000000582-4688101,worker_only,male,55.0,8.19207478472961,9.323743090860841,1.383722071466033,1.4217584762845898,6.918162590354093,15.365700487607741,15.756949912581625,49,9,20,0.9369641374758638,14.320916247891821,28.618499775051983,0
2015000000582-4688102,worker_only,female,51.0,8.19207478472961,9.32374309086085,-0.0046866434620331165,0.0046866434620331165,0.7873561016215636,-0.0478515240194234,0.0478515240194234,1,1,2,0.9394671128286624,0.9394671128286624,0.9394671128286624,0
2015000000582-4688103,homemaker,male,22.0,8.19207478472961,9.32374309086085,-0.0438418540326642,0.09665096544314376,1.496585390420032,-0.46868038050749283,1.023264282762605,20,5,13,0.9696739378292584,3.493957110983298,14.54429227850822,0
2015000000582-5621801,worker_only,male,55.0,7.580200058210506,9.215757366019679,0.035051351126503975,0.10768953846508365,1.5642910729320363,0.3751129248399635,1.1231596906358605,46,7,19,0.9719090253690872,12.621913817737829,22.758863830085144,0
2015000000582-5621802,worker_only,female,51.0,7.580200058210506,9.215757366019675,0.020964696063421027,0.020964696063421027,1.1740229795515775,0.26832104878527047,0.26832104878527047,3,1,2,1.8865953199219738,1.8865953199219738,1.8865953199219738,0
2015000000582-5621803,homemaker,male,22.0,7.580200058210506,9.215757366019673,0.04656763414556007,0.054890020499075064,0.6626746127548166,0.5986643630396572,0.6908559343362473,19,5,10,0.943332871374156,4.51281126382118,8.030089212693174,0
2015000000582-5621901,worker_only,male,55.0,8.13060315070544,9.629878629941436,0.0373532429710273,0.12046161080147201,2.2940091094887283,0.24311143999174484,1.1596698721853835,38,8,20,1.8856462543252803,23.828914170285287,49.594341159913135,0
2015000000582-5621902,worker_only,female,51.0,8.13060315070544,9.629878629941437,-0.01982145404939654,0.01982145404939654,1.4016365647181406,-0.20764268855279147,0.20764268855279147,3,2,4,1.8856462543252803,1.9154135924074764,1.9451809304896726,0
2015000000582-5621903,homemaker,male,22.0,8.13060315070544,9.629878629941434,-0.08095900634620519,0.11020707627984516,0.6139195866903915,-0.7314879956113902,1.0912161657300143,45,6,18,0.9428584452846929,1.8540719931468734,3.3748309662791502,0
2015000000582-5622001,worker_only,male,55.0,7.313177892177915,8.758249554286389,-0.040953754859201566,0.18790307624123198,1.0079204321229023,-0.4957005156483683,2.0881245835575766,41,6,21,0.9427878090405873,9.337032620831788,14.919954563907197,0
2015000000582-5622002,worker_only,female,51.0,7.313177892177915,8.758249554286394,0.0017614459383542293,0.0017614459383542293,0.29592291764351053,0.023865331735975298,0.023865331735975298,1,1,2,1.668316517705913,1.668316517705913,1.668316517705913,0
2015000000582-5622003,homemaker,male,22.0,7.313177892177915,8.758249554286389,0.06455793581444294,0.06455793581444294,1.0033466221780856,0.785414782739723,0.785414782739723,18,5,13,0.943332871374156,5.278955253056494,15.242181607274118,0
2015000000582-5736301,worker_only,male,55.0,8.870851464214637,10.347509300614822,-0.14957987453383917,0.24810236971536798,2.2259163566326343,-1.3425637394081071,2.375056553478401,56,12,25,0.9409791035013009,11.44714840603196,27.39864839780908,0
2015000000582-5736302,worker_only,female,51.0,8.870851464214637,10.347509300614822,-0.007081838527115298,0.007081838527115298,1.18974887255537,-0.07895332004980658,0.07895332004980658,1,1,2,0.9726256191680658,0.9726256191680658,0.9726256191680658,0
2015000000582-5736303,homemaker,male,22.0,8.870851464214637,10.347509300614817,-0.09036396531080189,0.12134477839733238,1.453740803869822,-0.8858669708063536,1.2149973594718837,19,6,12,0.9429740143894905,2.032078521455779,3.7745737075220434,0
2015000000582-5736401,worker_only,male,55.0,7.338760960449044,8.847518870064114,0.25531847309817507,0.255633466794592,1.3955543376833042,2.869916302205469,2.8734950460704693,47,8,18,0.9427171394444165,11.707330347990977,22.610458591818272,0
2015000000582-5736402,worker_only,female,51.0,7.338760960449044,8.847518870064123,0.05085845070566096,0.05085845070566096,0.9164236845214582,0.5802956116536864,0.5802956116536864,10,2,4,0.9427171394444165,1.3048325406011472,1.6669479417578774,0
2015000000582-5736403,homemaker,male,22.0,7.338760960449044,8.847518870064118,0.051465778503882564,0.05220775313866553,1.0786228969757783,0.6037823235569009,0.6138926765004251,12,4,10,0.9427171394444165,1.2880341012014398,1.885504948485004,0
2015000000582-6156301,worker_only,male,55.0,7.897362097994684,9.897242577715097,-0.619778465128712,0.6373781139637671,6.082936639979626,-5.784071821240596,5.9626059999634755,44,7,18,0.9428020706304642,23.853806173145173,41.928386203658256,0
2015000000582-6156302,worker_only,female,51.0,7.897362097994684,9.897242577715087,-0.0027734562840578273,0.0027734562840578273,0.09318813114434299,-0.027608737455905683,0.027608737455905683,5,1,2,1.6645834633160668,1.6645834633160668,1.6645834633160668,0
2015000000582-6156303,homemaker,male,22.0,7.897362097994684,9.897242577715085,0.007890431344775543,0.045627385328250704,1.1111067727110875,0.10159686266851796,0.4774804782825163,11,4,10,0.9411104008954427,1.5762522599320412,1.9434383302627436,0
2015000000582-6156401,worker_only,male,55.0,7.72793953598125,9.360918904355831,-0.873630035907685,0.9251113809336751,6.54847958180231,-7.970166526631507,8.530863066074833,39,7,20,0.9411104008954427,22.910884620463968,44.45971463750373,0
2015000000582-6156402,worker_only,female,51.0,7.72793953598125,9.360918904355836,0.00512733791728835,0.00512733791728835,0.8613927701044428,0.05508215986261706,0.05508215986261706,1,1,2,1.8854300736090386,1.8854300736090386,1.8854300736090386,0
2015000000582-6156403,homemaker,male,22.0,7.72793953598125,9.360918904355827,0.023330627047586584,0.023330627047586584,1.5319759327613607,0.27204708048679893,0.27204708048679893,6,3,7,0.9409871984381379,1.6521294888783533,3.227724736394997,0
2015000000582-6897901,worker_only,male,55.0,8.687021780451929,10.310869913204392,-1.0200935249461065,1.0200935249461065,6.717847983991415,-8.805989768804249,8.805989768804249,40,7,20,0.9429928599712443,20.258997168991534,39.37439578008976,0
2015000000582-6897902,worker_only,female,51.0,8.687021780451929,10.310869913204387,-0.02744185689195801,0.02744185689195801,1.1525579894622364,-0.26221654787966153,0.26221654787966153,4,1,2,1.886055407020107,1.886055407020107,1.886055407020107,0
2015000000582-6897903,homemaker,male,22.0,8.687021780451929,10.310869913204394,-0.024404805197544913,0.024404805197544913,0.8362501999290046,-0.24428224129354978,0.24428224129354978,6,2,7,0.9413964570862612,0.9551567137134462,0.97190731966471,0
2015000000582-7981301,worker_only,male,55.0,8.214360015181155,9.757335303247341,-0.3543173545166506,0.43339104185305594,2.7264981194326907,-3.255869640634497,4.107917393043766,47,4,14,1.6152033508836467,24.415622628607967,41.85538861544252,0
2015000000582-7981302,worker_only,female,51.0,8.214360015181155,9.75733530324734,0.0038886228774170813,0.0038886228774170813,0.6532886434060696,0.043422703959806165,0.043422703959806165,1,1,2,1.6152033508836467,1.6152033508836467,1.6152033508836467,0
2015000000582-7981303,homemaker,male,22.0,8.214360015181155,9.757335303247341,0.0011391857315614015,0.03537535406326851,0.7714744709540824,0.03134339545759526,0.39156315510492523,9,2,7,0.9419352780420718,1.4230316433796582,1.6152033508836467,0
2015000000674-1302501,worker_only,male,55.0,9.999943577683377,12.095827508148082,-0.9083273822145875,0.9322407188497777,4.596902234225978,-7.199063152576013,7.424742074260384,53,8,19,0.9399481840989583,25.0232108728014,46.784309675638035,0
2015000000674-1302502,worker_only,female,56.0,9.999943577683377,12.095827508148068,0.036160846014373534,0.13517925998583413,4.596956023168527,0.22483030907570872,1.146789665380651,26,7,18,1.6205460395155311,4.299321071983664,7.679434542824739,0
2015000000674-1302503,worker_student,male,21.0,9.999943577683377,12.095827508148048,1.4533947138663013,1.4701524019884367,11.582122094572618,11.47551572555364,11.610339477673753,64,8,21,0.9467935801689887,6.400594512304845,11.381823712611157,0
2015000000674-1302504,other,female,17.0,9.999943577683377,12.095827508148055,0.06822690498511014,0.07283250788204094,1.7102560102454216,0.5705287646428951,0.603281249086454,19,7,15,0.9460771163085129,1.4931450616498045,2.479344274780904,0
2015000000674-1302601,worker_only,male,55.0,10.190999201819853,12.086388917640832,-0.9671373438137177,1.0379035450823704,5.292480010200357,-7.943073609645715,8.476625735410439,44,9,21,0.9458405480637669,15.260268049803456,30.945162615221104,0
2015000000674-1302602,worker_only,female,56.0,10.190999201819853,12.086388917640843,0.5380212912906376,0.5380212912906376,5.306148683647345,4.125523033608084,4.125523033608084,27,6,14,0.9441108206586218,3.0145219637996354,7.305393453202588,0
2015000000674-1302603,worker_student,male,21.0,10.190999201819853,12.086388917640821,0.79786237641222,0.8147425250596612,14.572511860290872,6.434943310746391,6.5786197605789205,44,6,21,0.9467935801689887,7.514108652707273,11.342963768486173,0
2015000000674-1302604,other,female,17.0,10.190999201819853,12.086388917640821,0.03252070869348885,0.03252070869348885,1.4619473689128935,0.26453617524632883,0.26453617524632883,9,3,9,1.6718039599054497,2.0628803274157677,2.4793268886464306,0
2015000000674-1956501,worker_only,male,55.0,11.252457953936156,13.823640906743156,-1.9510418104648817,1.9860786374081794,11.022369359336622,-12.843256167861686,13.154626599875094,42,11,22,0.9443175380451991,16.73863602198479,36.32786853151381,0
2015000000674-1956502,worker_only,female,56.0,11.252457953936156,13.823640906743213,-0.15812622537037532,0.1723924460825704,2.8912992889331424,-0.9818932932974289,1.0917316357299305,26,6,15,0.9437264567140841,3.1872170385618004,5.003768109656871,0
2015000000674-1956503,worker_student,male,21.0,11.252457953936156,13.823640906743211,0.20850805008768347,0.25779223182675626,7.8315230243774785,1.3225372296872566,1.6775800356505695,22,7,18,1.6686158700100295,5.388837239712845,9.060940865799953,0
2015000000674-1956504,other,female,17.0,11.252457953936156,13.82364090674316,-0.05199085836510865,0.05404917484131734,1.272467218548453,-0.37516856005489824,0.3905194491021125,10,4,8,0.9736263802199466,1.5516086829313724,1.8926701187992399,0
2015000000674-214701,worker_only,male,55.0,7.17215403471472,11.319308213741875,-0.686786493091482,0.7594770159505513,4.921980050653923,-4.358182544843671,5.082844833215564,45,4,14,0.9398875260327596,31.587750489567714,43.321851308562465,0
2015000000674-214702,worker_only,female,56.0,7.17215403471472,11.319308213741877,0.0970801153618497,0.4703185945600749,3.1618787221463123,2.163786867090997,4.256462844828438,57,5,15,0.9733122614272545,7.158741421384937,30.246694623576076,0
2015000000674-214703,worker_student,male,21.0,7.17215403471472,11.319308213741877,1.2283554618344679,1.2288251846751659,8.85180220600866,10.41503067983977,10.420099202589183,50,9,22,0.9443835021971606,9.260263034580104,15.138898117848044,0
2015000000674-214704,other,female,17.0,7.17215403471472,11.319308213741879,0.05254856170613681,0.06989396469670449,1.5764689069890192,0.5874142562250875,0.7385664608946072,20,7,15,0.943310545284373,1.7322095480467399,3.3340268914993287,0
2015000000674-214801,worker_only,male,55.0,7.3220951102120075,11.703183927945824,0.05228770387021778,0.28275845532761285,4.748747271109277,0.557323910201437,2.389509752230492,43,7,19,0.9397250093352083,25.76563185887982,47.68345482511017,0
2015000000674-214802,worker_only,female,56.0,7.3220951102120075,11.703183927945833,0.0904219055469029,0.14694303102103307,0.6377112714781532,0.98942474510315,1.3347819326916852,52,4,17,0.9434020114427277,1.619594236768947,2.5669025589942516,0
2015000000674-214803,worker_student,male,21.0,7.3220951102120075,11.703183927945824,-0.10522826037417744,0.11969468905942596,2.2951760877240446,-0.8537601963398953,0.9722299377636374,17,6,16,1.8852861935254959,6.422116730915576,9.383144986879365,0
2015000000674-214804,other,female,17.0,7.3220951102120075,11.703183927945819,0.0033642715400197887,0.061608470845306344,0.9103809488376857,-0.023067258626446582,0.5426617960185753,30,6,14,0.943310545284373,1.1997151838450415,1.8866921754286317,0
2015000000674-214901,worker_only,male,55.0,7.17215403471472,11.319308213741872,0.6102274482734289,0.7121804288249391,5.100092043299018,5.636111878255727,6.53292139040154,51,9,21,0.970990434983018,25.467516960218838,53.31530897557805,0
2015000000674-214902,worker_only,female,56.0,7.17215403471472,11.319308213741868,0.1065614505183395,0.28996601767876784,2.4508935130186718,1.4155731810129382,2.4438871231564105,34,4,14,0.9460422219354775,3.333591771347685,4.212071768534395,0
2015000000674-214903,worker_student,male,21.0,7.17215403471472,11.31930821374187,0.06040725678365228,0.09320180218091116,1.27326140866532,0.6277210556403078,0.8768288905149426,44,7,21,0.9426788190750292,5.2757278477426786,9.382510918421564,0
2015000000674-214904,other,female,17.0,7.17215403471472,11.319308213741866,0.1004448588653388,0.13265713050482328,1.1276642940781265,1.036822491892998,1.24508467728064,40,9,18,0.9431780020075236,1.6508331533211336,4.8665109847826615,0
2015000000674-215001,worker_only,male,55.0,7.3220951102120075,11.703183927945826,0.9411523757537019,1.0667128765953633,6.233679380241613,8.42388531683803,9.549871565159387,47,6,17,0.9391764336064841,32.22025399047188,54.92393053028744,0
2015000000674-215002,worker_only,female,56.0,7.3220951102120075,11.703183927945815,0.03140544371542836,0.18002319593621768,2.496778237309261,0.7019310775271057,1.5233498492665885,35,5,18,0.9434426941091045,2.394453577161524,3.4992493488726537,0
2015000000674-215003,worker_student,male,21.0,7.3220951102120075,11.703183927945817,0.4369855526483637,0.4369855526483637,8.80946462328373,3.911877540730576,3.911877540730576,20,5,15,0.9443128582112904,8.601478407780592,12.904786030310522,0
2015000000674-215004,other,female,17.0,7.3220951102120075,11.70318392794584,-0.04858204542911625,0.0569795998629213,1.3850116561980386,-0.36499872105941467,0.42925456469599343,17,4,9,0.9433816301442582,1.4525126450548516,1.9467027239934798,0
2015000000674-4003201,worker_only,male,55.0,9.039018599805555,12.473144262653374,-1.362539995926564,1.3670781168965913,12.517388125886013,-10.388740531270098,10.438946434930084,51,6,14,1.6635392786344287,30.50194535017322,53.18541005973495,0
2015000000674-4003202,worker_only,female,56.0,9.039018599805555,12.473144262653344,-0.3234487871421335,0.8023657195993592,9.590751167977238,-0.07684962484660897,4.748503364709408,32,6,16,0.9440096844315138,4.2125486554063585,7.442147464485706,0
2015000000674-4003203,worker_student,male,21.0,9.039018599805555,12.473144262653348,0.15273124896777102,0.1882019237718474,4.344484677408214,1.4228120849133399,1.701489665308191,29,6,20,0.973937388160145,1.6441240486866437,4.080160660141097,0
2015000000674-4003204,other,female,17.0,9.039018599805555,12.473144262653342,-0.09977816212024264,0.10890830481189592,2.228335493260861,-0.994678479889886,1.072804825931722,12,5,12,0.9739433519955922,1.672871983203925,1.9478896176445495,0
2015000000674-4003301,worker_only,male,55.0,9.858612802419481,13.703326399301426,-1.9482079257349147,1.9482079257349147,18.07730212470961,-10.895268325441101,10.895268325441101,37,9,20,0.9721304331468852,22.32090553707265,45.183558819709134,0
2015000000674-4003302,worker_only,female,56.0,9.858612802419481,13.703326399301437,-1.0354708867673772,1.0354708867673772,11.07324804947909,-4.575146379339314,4.575146379339314,37,1,10,2.840281242922247,2.8402812429222464,2.840281242922247,0
2015000000674-4003303,worker_student,male,21.0,9.858612802419481,13.703326399301432,-0.047139786780979256,0.06332162040978992,5.147721944531204,-0.31384653894041975,0.4648476046264942,9,3,9,1.6212610367395923,2.012810557906535,2.568389292535644,0
2015000000674-4003304,other,female,17.0,9.858612802419481,13.703326399301432,-0.04816286078278067,0.09167942316298679,3.5101108970521704,-0.4147818772691999,0.8232634641208708,10,3,10,0.973937388160145,1.2959153918396518,1.889019054743888,0
2015000000674-4003401,worker_only,male,55.0,9.039018599805555,12.473144262653344,-1.6087267122059068,1.642061748181804,14.0837287019293,-11.394372627076892,11.763163061655872,49,9,22,0.943560423946633,22.229636924701758,47.884083350388536,0
2015000000674-4003402,worker_only,female,56.0,9.039018599805555,12.473144262653344,0.6863190568496931,0.7401542069046723,4.60311740398644,5.571092515709887,6.109438062006401,41,3,14,1.6687813502241935,2.33965311512095,2.5639462403286863,0
2015000000674-4003403,worker_student,male,21.0,9.039018599805555,12.473144262653344,-0.3182106978154402,0.3182106978154402,2.669433913505877,-2.5944280121432857,2.5944280121432857,40,7,21,0.9448162778334435,4.624327339734602,7.161842470209813,0
2015000000674-4003404,other,female,17.0,9.039018599805555,12.473144262653358,-0.08977274136006998,0.08977274136006998,2.228335493260861,-0.8870911918425053,0.8870911918425053,10,3,9,0.9739433519955922,1.3551211123141822,1.6727115154330965,0
2015000000674-4003501,worker_only,male,55.0,9.88383704743897,13.139974331296871,-2.2924241195291506,2.2924241195291506,16.6552059978507,-16.479616824050126,16.479616824050126,53,7,17,0.9721881068390954,24.810308445685678,42.163733095322314,0
2015000000674-4003502,worker_only,female,56.0,9.88383704743897,13.139974331296845,0.0027420989616867403,0.5206143016181587,5.290192413232607,1.1886424059517922,3.4841107176212036,28,3,13,0.9737262990512449,3.51312652807302,4.082641883380025,0
2015000000674-4003503,worker_student,male,21.0,9.88383704743897,13.139974331296875,-0.5882031500800645,0.5882031500800645,3.1116641161231122,-4.714616446795578,4.714616446795578,46,6,20,0.9448162778334435,4.728894355308698,6.873863482918298,0
2015000000674-4003504,other,female,17.0,9.88383704743897,13.139974331296836,-0.029199831311994794,0.03998292247409328,4.198116539345914,-0.1453891750946186,0.23946375872271186,10,5,12,0.9467604258115554,1.4283868511992595,1.9478153930981383,0
2015000000674-4695501,worker_only,male,55.0,9.886189875351425,13.526486221397994,-1.9363211376081186,1.9363211376081186,16.121212182243248,-10.609692464384256,10.609692464384256,46,11,23,0.9403443292585197,23.84179658874189,53.91541114750433,0
2015000000674-4695502,worker_only,female,56.0,9.886189875351425,13.526486221398002,-0.6689557251981609,0.950068332820174,9.89189474867101,-1.847436161672495,4.488770217931065,37,1,10,4.863057205017114,4.863057205017114,4.863057205017114,0
2015000000674-4695503,worker_student,male,21.0,9.886189875351425,13.526486221397999,-0.4029033427584133,0.4029033427584133,5.694622688794215,-2.8856079663435485,2.8856079663435485,24,4,16,0.9448162778334435,4.835850624828097,5.843861959277995,0
2015000000674-4695504,other,female,17.0,9.886189875351425,13.526486221397974,-0.1306766371776506,0.1306766371776506,4.8968344701342374,-1.1776285493942946,1.1776285493942946,8,2,6,1.6727996640628695,1.8562385318925525,1.9479579658073944,0
2015000000674-5452201,worker_only,male,55.0,11.62466381038259,15.236944094844121,-2.350129662247458,2.350129662247458,14.82389815371714,-14.630471833749004,14.630471833749004,51,7,19,0.9719161399731457,30.58428133398069,48.802340435691235,0
2015000000674-5452202,worker_only,female,56.0,11.62466381038259,15.236944094844112,-0.15473135842500388,0.295023704179564,7.681936682044661,-0.6055713938241419,1.6232455924142357,34,4,12,0.944333035427574,6.425158579433474,9.231346018570896,0
2015000000674-5452203,worker_student,male,21.0,11.62466381038259,15.236944094844116,-0.5988828459189184,0.8517985288637601,6.280426200413666,-4.601915718396873,5.711942462160128,55,7,19,1.8887366945050261,2.506476313451256,5.96130556760703,0
2015000000674-5452204,other,female,17.0,11.62466381038259,15.236944094844112,-0.0757564674231906,0.10875293087330758,2.771702929809825,-0.5650425057309396,0.8021395763409354,10,4,7,0.9467257033696197,1.6863229447592971,2.839973341696149,0
2015000000674-654801,worker_only,male,55.0,10.438725136269408,14.519207946533552,-1.7537212408672116,1.7537212408672116,7.484357574615748,-10.790554656061747,10.790554656061747,55,8,21,0.9460422219354775,26.519225963948536,46.47145819437918,0
2015000000674-654802,worker_only,female,56.0,10.438725136269408,14.519207946533546,-0.5418674659998063,0.5418674659998063,4.613999512041897,-3.4448040702196967,3.4448040702196967,27,5,15,0.9434730427081593,6.922067740647637,10.382881978962805,0
2015000000674-654803,worker_student,male,21.0,10.438725136269408,14.519207946533554,0.21837774392382067,0.33249031318750355,5.726232733522874,1.2209780313361127,2.0314468489579944,31,5,17,0.9467935801689887,8.072286113804212,11.98190160275336,0
2015000000674-654804,other,female,17.0,10.438725136269408,14.519207946533538,-0.14746654305358076,0.15187001641237316,3.8692917335975388,-1.0220416952104259,1.0507337518216657,9,3,10,0.9434730427081593,1.4217811672466163,1.8871590457466965,0
2015000000674-739401,worker_only,male,55.0,11.240978084296172,12.973767469479068,-1.3264759914501763,1.3264759914501763,8.128348197265673,-9.734331072420089,9.734331072420089,43,6,17,0.9436251371407317,17.852599118245788,33.235535240485575,0
2015000000674-739402,worker_only,female,56.0,11.240978084296172,12.97376746947902,0.4294449414341767,0.4421836646730807,3.851127387753534,3.131473840079413,3.22305837286135,31,6,15,0.9438681375048206,2.3746066347747345,4.080571853038688,0
2015000000674-739403,worker_student,male,21.0,11.240978084296172,12.973767469479046,0.5546935206185485,0.652750165119955,10.952423800910763,4.126427332535693,4.962770543021619,43,7,20,0.9739002198232781,7.220167159467595,10.545798307003075,0
2015000000674-739404,other,female,17.0,11.240978084296172,12.973767469479036,0.05427589889139696,0.14845689648566418,4.677125886366165,0.33526618987850226,1.0596822181674994,16,8,15,0.9460437810438216,1.7978893339360735,3.343846504796268,0
2015000000978-001,worker_only,male,43.0,14.23684308097015,16.138406566753435,-1.5175244378489505,1.5175244378489505,6.698687849659147,-9.462821460158736,9.462821460158736,46,2,12,0.9702989879950908,19.39888371694942,23.084600662740293,0
2015000000978-002,worker_only,female,45.0,14.23684308097015,16.138406566753446,-1.0605496394903828,1.147109205965816,7.8801071464872745,-6.771260832096841,7.280194531947365,31,4,15,0.9702958368002523,14.849181670107532,22.12169884741945,0
2015000000978-003,student__age10_15,male,15.0,14.23684308097015,16.138406566753417,-0.666810697100353,0.666810697100353,3.800721620811732,-4.19064501819924,4.19064501819924,57,7,20,0.9382417393979455,1.9623094875868237,2.81494394912946,0
2015000000978-004,student__age10_15,male,12.0,14.23684308097015,16.138406566753467,-0.8827896063980377,0.9693491728734711,3.700437389200019,-5.53151971683315,6.040453416683676,59,6,22,0.9382417393979455,1.5749436955756089,2.517204173503336,0
2015000000978-005,student__age05_09,female,7.0,14.23684308097015,16.13840656675343,-0.49211364190426904,0.7032701321627903,4.405445140467007,-3.028322625803237,4.500070733450086,60,7,21,0.9382417393979455,1.973314675781639,2.81494394912946,0
2015000000978-101,worker_only,male,43.0,13.484270288837777,15.548858059611632,-1.056930814875985,1.056930814875985,8.313140985781946,-6.649482763469762,6.649482763469762,27,4,16,1.613811946945917,21.29409146212297,33.957355986151825,0
2015000000978-102,worker_only,female,45.0,13.484270288837777,15.54885805961161,-0.6543938201321121,0.679590649387055,7.394987728407536,-4.161372571452328,4.336118868332684,21,3,13,0.9702187517007939,21.79691264850034,28.019167962697654,0
2015000000978-103,student__age10_15,male,15.0,13.484270288837777,15.548858059611637,-0.1301795849054961,0.5115696411411403,3.4463721355103996,-0.9299057443058981,3.231303294237616,60,9,19,0.9702187517007939,8.571497446568339,15.360340916130891,0
2015000000978-104,student__age10_15,male,12.0,13.484270288837777,15.548858059611616,-1.1408744355423392,1.1408744355423392,4.30080704151861,-7.433185921667445,7.433185921667445,65,9,21,0.9405057794942947,2.5275983709272407,4.825700563121534,0
2015000000978-105,student__age05_09,female,7.0,13.484270288837777,15.54885805961161,-0.5190385379444026,0.8348399893210993,4.588455677395405,-3.374699717290756,5.449054271545556,63,6,19,0.9702187517007939,2.3414133568398134,4.441953547542292,0
2015000000978-1611201,worker_only,male,43.0,10.830823840477274,12.992786595831909,-1.1546607759666034,1.1745688566361585,9.294792018752862,-8.476602627312692,8.642357523352079,45,6,20,0.9435807391761909,11.689900875403119,18.6050903117393,0
2015000000978-1611202,worker_only,female,45.0,10.830823840477274,12.992786595831925,-0.47494942305656535,0.4888698979834421,6.097041594719698,-3.474002106980176,3.587893593197448,25,4,13,1.6669620064198514,15.386764896016158,24.041308009655737,0
2015000000978-1611203,student__age10_15,male,15.0,10.830823840477274,12.992786595831918,0.5893058437464501,0.5893058437464501,2.8792561358761954,4.631314183218562,4.631314183218562,56,9,19,0.9393007875139037,3.77548248044289,6.737642506990891,0
2015000000978-1611204,student__age10_15,male,12.0,10.830823840477274,12.992786595831893,0.2739267357389299,0.3047066122467069,2.4339888680780977,2.2282576244942303,2.46959667641899,51,8,20,0.9393530651129114,3.9771486348982457,7.653777943778079,0
2015000000978-1611205,student__age05_09,female,7.0,10.830823840477274,12.992786595831909,0.3518042865009417,0.3518042865009417,2.4559787484092706,2.790907254712584,2.790907254712584,49,5,18,0.9392079854160975,4.069175262264654,7.268740220203269,0
2015000000978-1611301,worker_only,male,43.0,10.691625281795803,12.82031261185877,-1.3518919837321264,1.3521514052263193,9.153729416762866,-9.479882479039135,9.481994736444378,39,8,19,1.6145353035292982,10.426249296459378,18.717178570054582,0
2015000000978-1611302,worker_only,female,45.0,10.691625281795803,12.82031261185879,-1.124106797164666,1.124366218658859,8.845986033958166,-8.494908714633105,8.497020972038346,34,3,16,1.66237579345808,22.679152800518153,29.64865734367057,0
2015000000978-1611303,student__age10_15,male,15.0,10.691625281795803,12.820312611858759,-0.496562492599015,0.6488126432593807,3.997372477873686,-3.6983723784356473,4.99106982791697,54,13,24,0.9396832776777558,4.304844187216303,10.113870213982192,0
2015000000978-1611304,student__age10_15,male,12.0,10.691625281795803,12.820312611858778,0.7929448028884604,0.7929448028884604,3.9570334210278126,6.39269659628169,6.39269659628169,60,9,21,0.9391663813519789,3.7774244778664685,6.737046161910514,0
2015000000978-1611305,student__age05_09,female,7.0,10.691625281795803,12.820312611858764,0.4379682573447309,0.4409761465069676,2.573187426759569,3.580514209758532,3.6062859187190073,55,6,17,0.9418053180242985,3.207667312390835,4.933697975268829,0
2015000000978-1611401,worker_only,male,43.0,10.830823840477274,12.992786595831896,-1.5693533719226238,1.5768449222464207,7.911936035656911,-11.448661817385501,11.513552085940871,45,5,15,0.9409723962572788,12.294942728906967,18.6050903117393,0
2015000000978-1611402,worker_only,female,45.0,10.830823840477274,12.992786595831904,-0.5079226343720098,0.5154141846958066,4.497446713706475,-3.6778017187669447,3.7426919873223135,33,3,16,0.942206354781281,16.590102298125675,21.64994128196749,0
2015000000978-1611403,student__age10_15,male,15.0,10.830823840477274,12.992786595831902,0.5390281068484535,0.5390281068484535,2.8792561358761954,4.279162040356378,4.279162040356378,47,8,20,0.9393524990837074,3.864800106997966,7.535699798740146,0
2015000000978-1611404,student__age10_15,male,12.0,10.830823840477274,12.992786595831909,0.3714231790515762,0.40749865905278987,3.7717459860180877,3.066973425908325,3.349834279460601,64,6,20,0.9709296584213233,3.5573676433905335,6.1473387896964615,0
2015000000978-1611405,student__age05_09,female,7.0,10.830823840477274,12.992786595831904,0.2940349792839004,0.3844825872526759,2.4744746066442804,2.3926290248331865,3.1760676079848276,52,8,19,0.9708179112035695,3.721061868021772,5.829587405754386,0
2015000000978-1611501,worker_only,male,43.0,11.95137611988337,13.746629376563936,-1.609547534698983,1.609547534698983,7.790940648998562,-11.569903553989722,11.569903553989722,43,6,16,0.9721643900725024,16.737762377774274,26.120296342592678,0
2015000000978-1611502,worker_only,female,45.0,11.95137611988337,13.746629376563906,-0.9569440564333185,0.9569440564333185,8.398042526593787,-6.845521450472774,6.845521450472774,21,1,8,27.285195617918,27.285195617917996,27.285195617918,0
2015000000978-1611503,student__age10_15,male,15.0,11.95137611988337,13.746629376563936,-0.8210008336628705,0.825666216805776,7.32444844684566,-5.822038443611048,5.856740073906865,49,11,23,0.9420144961876828,4.801309254078953,11.368571539297164,0
2015000000978-1611504,student__age10_15,male,12.0,11.95137611988337,13.74662937656391,0.106136286115281,0.366842887679742,2.2696821258377504,0.6459475084669958,2.5715926677922782,61,9,21,0.9391145881114924,1.9542515273497858,4.927319751428086,0
2015000000978-1611505,student__age05_09,female,7.0,11.95137611988337,13.74662937656391,0.10487585731069198,0.31338151717391693,2.4333465841519377,0.6814220749948626,2.2017174002175213,56,9,22,0.9421196755520186,2.177655368596007,7.26456756005231,0
2015000000978-1611601,worker_only,male,43.0,10.691625281795803,12.820312611858773,-0.8733183272456955,0.8823961195378284,4.857526475051255,-6.193658199809617,6.272923546550552,53,6,17,0.9696739429855363,18.593737740546484,30.646798482478374,0
2015000000978-1611602,worker_only,female,45.0,10.691625281795803,12.820312611858764,-1.2164685667699366,1.2168063771074744,11.22509222656377,-8.713779828921547,8.716530342672351,27,4,16,0.9444738090781097,19.38996886399702,31.006559454902884,0
2015000000978-1611603,student__age10_15,male,15.0,10.691625281795803,12.820312611858764,-0.5492061233480774,0.5604520631407321,5.125401644200555,-4.108381695665526,4.204449620158454,46,10,22,0.9419618785519663,4.5394662469294,10.437481981301186,0
2015000000978-1611604,student__age10_15,male,12.0,10.691625281795803,12.82031261185877,0.45398985260704144,0.4665426646830749,2.573187426759569,3.6241204560971707,3.731451449268105,60,6,19,0.9391353969407843,3.466020101615115,5.662019572951685,0
2015000000978-1611605,student__age05_09,female,7.0,10.691625281795803,12.82031261185877,0.38190243609506586,0.38668779668730346,2.4955110634871396,2.980521137675303,3.021522289580238,53,9,21,0.939187196554139,3.0373545454896744,4.933697975268829,0
2015000000978-1611701,worker_only,male,43.0,10.691625281795803,12.82031261185877,-1.0722082648219566,1.0722082648219566,7.722377264623237,-7.465254332367269,7.465254332367269,34,8,20,1.6116287370698776,11.15350660078955,22.588295713531373,0
2015000000978-1611702,worker_only,female,45.0,10.691625281795803,12.820312611858759,-0.7698984116423327,0.7698984116423327,8.286765025573391,-5.383016953797177,5.383016953797177,22,4,14,0.9710701973988131,18.88978322129904,25.980267495759804,0
2015000000978-1611703,student__age10_15,male,15.0,10.691625281795803,12.820312611858773,0.5550262564658073,0.5662252849629967,2.6742479246245523,4.268912923406573,4.3611390521220095,55,10,20,0.9394875274502194,2.893502668849918,5.662019572951685,0
2015000000978-1611704,student__age10_15,male,12.0,10.691625281795803,12.820312611858778,0.3465357325231136,0.371216619582357,2.573187426759569,2.7896740162413747,3.001140797053273,61,10,23,0.9393530651129114,2.9175014843671296,6.520799725266633,0
2015000000978-1611705,student__age05_09,female,7.0,10.691625281795803,12.82031261185877,0.47474530263678083,0.5335840345223227,3.322007481538046,3.6031637915427086,4.107296288442985,62,6,20,0.9417526626121805,3.2994470290727813,6.514706419974512,0
2015000000978-1611801,worker_only,male,43.0,10.556563613310999,12.978209115992307,-1.3181120444494194,1.3284246494002498,8.514421887692656,-10.503786275259598,10.591857037905362,43,6,20,0.9395392268325389,12.670019226454542,20.46285099279599,0
2015000000978-1611802,worker_only,female,45.0,10.556563613310999,12.978209115992312,-1.011154939413954,1.011154939413954,10.470860283389277,-7.301248506662366,7.301248506662366,31,2,14,0.9395392268325389,28.434234003700418,33.0166831331784,0
2015000000978-1611803,student__age10_15,male,15.0,10.556563613310999,12.978209115992323,-0.6364931326856031,0.7285335261267708,4.520885896323261,-4.523663978384163,5.309698901978037,60,9,22,0.9395392268325389,3.7477620958812525,7.148917368390461,0
2015000000978-1611804,student__age10_15,male,12.0,10.556563613310999,12.978209115992307,0.3892721537402317,0.450865814121808,2.7082490952443727,3.1891400318012555,3.713843022743809,62,8,21,0.9391145881114924,3.5719687645421487,6.521302984695971,0
2015000000978-1611805,student__age05_09,female,7.0,10.556563613310999,12.978209115992328,0.49297805268080547,0.505083717435802,3.1535163630424705,3.924877819576953,4.028261507053571,56,6,16,0.9418395244833552,4.161896227487264,5.659363035762888,0
2015000000978-201,worker_only,male,43.0,14.23684308097015,16.13840656675341,-0.6616242923521587,0.6616242923521587,6.207300720393642,-4.102211863775637,4.102211863775637,27,4,16,0.9382417393979455,14.223197650619976,22.40927170226473,0
2015000000978-202,worker_only,female,45.0,14.23684308097015,16.138406566753414,-0.8444848968295912,0.8444848968295912,6.702295945863742,-5.138952778175175,5.138952778175175,27,4,15,0.9382417393979455,12.046938005402906,17.3944201459933,0
2015000000978-203,student__age10_15,male,15.0,14.23684308097015,16.138406566753446,-0.6437621900516313,0.6448690921572913,4.405445140467007,-4.016628462614066,4.022703933385278,57,7,21,0.9382417393979455,2.1168576443443965,3.416968736655084,0
2015000000978-204,student__age10_15,male,12.0,14.23684308097015,16.13840656675342,-0.8266502684507602,0.8670086035364154,3.4866113778086607,-5.238529340896737,5.519824522576303,57,5,18,0.9382417393979455,2.015476391437847,3.321424083926601,0
2015000000978-205,student__age05_09,female,7.0,14.23684308097015,16.138406566753428,-0.5481027079507248,0.5481027079507248,4.071216013198727,-3.5564647337883657,3.5564647337883657,51,7,18,0.9382417393979455,2.0490925313764645,2.81494394912946,0
2015000000978-2359601,worker_only,male,43.0,11.549420668225643,14.214593113879554,-0.6309320012201931,0.6309320012201931,8.030550105732633,-4.411120649713193,4.411120649713193,36,6,19,0.9707443755249331,16.28638835606043,42.70113285626893,0
2015000000978-2359602,worker_only,female,45.0,11.549420668225643,14.214593113879541,-0.8123087766744531,0.8123087766744531,5.545271173736074,-5.766834105169251,5.766834105169251,35,6,17,0.9373331404605802,15.76394512595171,27.486965132777488,0
2015000000978-2359603,student__age10_15,male,15.0,11.549420668225643,14.214593113879559,0.2426035959560274,0.3235227021627367,2.078849610822564,1.8917074886891279,2.4822397642561786,47,6,19,0.9389901228327279,1.9773727503952536,2.817250703215875,0
2015000000978-2359604,student__age10_15,male,12.0,11.549420668225643,14.214593113879552,0.053078368718717156,0.279176876296728,2.8767179104010463,0.5124198594429605,2.1040338926146926,50,7,19,0.9389382796056217,1.525439237435098,3.7669394569237293,0
2015000000978-2359605,student__age05_09,female,7.0,11.549420668225643,14.214593113879557,-0.1857434573995074,0.23769691953677805,2.1820454097653634,-1.2484056196612738,1.6088752265540402,46,6,17,0.9389382796056217,1.7050006544486103,2.5263334596871467,0
2015000000978-2359701,worker_only,male,43.0,11.549420668225643,14.214593113879546,-0.6122111869250272,0.6122111869250272,5.018501460933063,-4.19609153631909,4.19609153631909,40,6,18,0.9390109452520904,11.368368037696696,25.822937769971915,0
2015000000978-2359702,worker_only,female,45.0,11.549420668225643,14.214593113879538,-0.6834128082029866,0.6834128082029866,6.920148591654609,-4.563229597400017,4.563229597400017,30,5,16,0.9390109452520904,14.91947729850933,24.145753838982767,0
2015000000978-2359703,student__age10_15,male,15.0,11.549420668225643,14.214593113879536,0.20077397785933884,0.4321675174918193,2.078849610822564,1.7795331855358336,3.363098868448474,73,7,18,0.9390109452520904,2.2076061175837385,2.817250703215875,0
2015000000978-2359704,student__age10_15,male,12.0,11.549420668225643,14.214593113879557,-0.05157813201955678,0.21598583678696026,3.645622460912149,-0.349120650497615,1.564106204302946,47,7,18,0.9389072272931643,1.6626140819077968,2.5184618364114773,0
2015000000978-2359705,student__age05_09,female,7.0,11.549420668225643,14.214593113879546,-0.3397919288361837,0.40752519103526746,2.1820454097653634,-2.347923736691565,2.8450218422347096,52,6,18,0.9389382796056217,1.307785411702148,2.8244712699713963,0
2015000000978-2359801,worker_only,male,43.0,11.549420668225643,14.214593113879554,0.011154980038877863,0.509585760267581,5.018501460933063,0.19445255255446287,3.907638311931266,40,7,20,0.9392799004893033,6.548264107020176,27.412111466441928,0
2015000000978-2359802,worker_only,female,45.0,11.549420668225643,14.214593113879552,0.3073921698051425,0.5004206117449375,8.107194561471388,2.5528616762823817,3.8921542608904183,27,3,11,0.9707412650740106,9.116927949535652,25.88076259666852,0
2015000000978-2359803,student__age10_15,male,15.0,11.549420668225643,14.214593113879552,-0.10080036531253388,0.14666708788397717,2.0763589285419783,-0.6501119892310818,1.024685328502801,39,5,18,0.9390109452520904,1.4501220919749231,2.817250703215875,0
2015000000978-2359804,student__age10_15,male,12.0,11.549420668225643,14.214593113879548,-0.01211721186534133,0.2491767645840815,5.360255240312091,-0.036203997549016785,1.7594737410705146,42,6,18,0.9390109452520904,1.7018721973752722,3.2215602254987026,0
2015000000978-2359805,student__age05_09,female,7.0,11.549420668225643,14.214593113879541,-0.11465827764264229,0.21778299566950096,4.900324655831321,-0.7661409811170482,1.494163002304613,39,6,19,1.610776646190769,1.8997354942946278,3.367831268258639,0
2015000000978-301,worker_only,male,43.0,15.395249433518778,17.11764541793049,-2.6574598852641347,2.6574598852641347,10.996784464874521,-15.27485729808083,15.27485729808083,44,2,11,1.6640946137560038,32.45934207438872,36.28749171757738,0
2015000000978-302,worker_only,female,45.0,15.395249433518778,17.117645417930483,-1.2665948885873721,1.2680053136683689,10.044837610426395,-7.257414344814957,7.265360565786071,30,4,15,1.66064478319737,20.603590055329942,31.42290231130171,0
2015000000978-303,student__age10_15,male,15.0,15.395249433518778,17.11764541793049,-2.219169166775655,2.219169166775655,9.059679130847126,-12.90557235013835,12.90557235013835,55,8,22,0.9370608155273443,6.5505864438271635,12.811744309193365,0
2015000000978-304,student__age10_15,male,12.0,15.395249433518778,17.11764541793047,-1.6250086750832116,1.6250086750832116,6.194111344516022,-9.528226308628097,9.528226308628097,63,10,20,0.9405759799417083,2.7352820765654196,5.810132442820224,0
2015000000978-305,student__age05_09,female,7.0,15.395249433518778,17.117645417930486,-1.4861431319036604,1.4861431319036604,6.0126474157587175,-8.878199226913638,8.878199226913638,53,8,21,0.9404355459204972,2.8588936958337614,5.195168767515925,0
2015000000978-3371501,worker_only,male,43.0,11.96258350251106,14.539642656337405,-1.2177773512520194,1.2177773512520194,9.296583241289198,-8.082779105935908,8.082779105935908,35,6,18,0.9393424825239627,12.660090640383487,22.60095547614749,0
2015000000978-3371502,worker_only,female,45.0,11.96258350251106,14.539642656337419,-0.9175436971831443,0.91856950727816,10.430345603165181,-5.921719717471446,5.929180154156109,20,4,12,0.9419618785519663,24.10719178006008,30.34405103251185,0
2015000000978-3371503,student__age10_15,male,15.0,11.96258350251106,14.539642656337426,0.0036162964465278865,0.11953283292774929,1.3410164089009342,0.046639072624979634,0.8086425178419152,40,6,17,0.942031550324458,2.0450219885054968,4.176171073381508,0
2015000000978-3371504,student__age10_15,male,12.0,11.96258350251106,14.539642656337408,-0.08436783260815657,0.16375304884822905,2.7416839006778737,-0.5206692153283767,1.1172296612369355,47,7,18,0.9391353969407843,2.734927093633315,5.6507250246273415,0
2015000000978-3371505,student__age05_09,female,7.0,11.96258350251106,14.53964265633742,-0.0864590025991761,0.22257049543848934,2.046555175767729,-0.5134062462437224,1.5131679086052012,50,5,16,0.9392597725965137,2.293110349359595,2.825676486563939,0
2015000000978-401,worker_only,male,43.0,17.285835334874456,19.310390726380703,-1.898355493643567,1.898355493643567,13.796471686811362,-9.897532956404387,9.897532956404387,30,4,14,1.6608026480887972,24.743611820610813,35.65050574348575,0
2015000000978-402,worker_only,female,45.0,17.285835334874456,19.310390726380717,-1.463203208267401,1.463203208267401,12.546737582759945,-7.660981461220788,7.660981461220788,23,2,10,1.8765145596250734,26.884481065687915,33.13647269220362,0
2015000000978-403,student__age10_15,male,15.0,17.285835334874456,19.310390726380703,-3.0244030577796543,3.0244030577796543,10.377444120448795,-15.73863164783575,15.73863164783575,59,7,19,0.9702958368002523,8.215363697539173,14.33508562248018,0
2015000000978-404,student__age10_15,male,12.0,17.285835334874456,19.31039072638071,-2.5325825187868496,2.5325825187868496,8.237038278163855,-13.35049414111276,13.35049414111276,65,9,21,0.9382835206947946,3.475521113926799,7.378935563066478,0
2015000000978-405,student__age05_09,female,7.0,17.285835334874456,19.310390726380707,-0.3423044927072502,0.3423044927072502,6.88817403629006,-1.781562579064442,1.781562579064442,12,5,13,1.6090598305191863,1.929703045500299,2.9108969189899403,0
2015000000978-501,worker_only,male,43.0,15.34833518270419,17.710489530146354,-1.721556064823415,1.7236137271859284,8.783011667990685,-9.678997827659993,9.691607506030062,43,4,14,0.9382937502880359,10.050616939241143,13.89130774843037,0
2015000000978-502,worker_only,female,45.0,15.34833518270419,17.710489530146344,-0.48391795751191663,0.48391795751191663,5.512762278000693,-2.72601815670441,2.72601815670441,24,3,13,0.9703343440255056,14.235606039120977,18.240467775835224,0
2015000000978-503,student__age10_15,male,15.0,15.34833518270419,17.71048953014636,-1.222656729515616,1.222656729515616,5.6498232128516435,-7.054548496951138,7.054548496951138,62,5,21,0.9382937502880359,2.076235918408147,2.9110123742435072,0
2015000000978-504,student__age10_15,male,12.0,15.34833518270419,17.710489530146358,-1.497310226089332,1.5451147285785873,5.329268639953172,-8.611054654642619,8.90400815955795,65,8,24,0.9382208093370379,1.7907389334387795,2.9110123742435072,0
2015000000978-505,student__age05_09,female,7.0,15.34833518270419,17.71048953014636,-1.0116472107620527,1.075386547414394,4.860833134628011,-5.707540764766014,6.098145437986461,56,6,18,0.9382208093370379,3.3962447386958443,6.569586207470883,0
2015000000978-601,worker_only,male,43.0,17.25500712768021,19.40088079066064,-1.8016883030367423,1.8016883030367423,10.484239621040931,-9.028703021766802,9.028703021766802,34,4,12,1.8723496814370602,16.983750306239596,25.792834096314934,0
2015000000978-602,worker_only,female,45.0,17.25500712768021,19.400880790660647,-1.4530835766318682,1.4530835766318682,10.410951409335208,-7.520217764710802,7.520217764710802,29,3,15,1.6675842514305408,19.47090397595512,23.97707473179602,0
2015000000978-603,student__age10_15,male,15.0,17.25500712768021,19.400880790660636,-2.8465413855842483,2.8465413855842483,11.111512493713155,-14.768631380941095,14.768631380941095,57,11,24,0.9371764814605507,6.144234730455701,14.969859686142145,0
2015000000978-604,student__age10_15,male,12.0,17.25500712768021,19.40088079066061,-2.3356756785695376,2.3356756785695376,8.365471875775988,-12.163872552920914,12.163872552920914,60,10,20,0.9405759799417083,2.971424391608115,6.5038101739937355,0
2015000000978-605,student__age05_09,female,7.0,17.25500712768021,19.400880790660626,-1.9985703751954824,1.9985703751954824,8.357429541807427,-10.428045105140123,10.428045105140123,53,7,18,1.6602543133773722,3.51283752687641,5.652645065754062,0
2015000000978-701,worker_only,male,43.0,11.79867264178175,14.467758751872593,-0.8493694607335629,0.8508829318964488,5.234875550064833,-5.9132561152492755,5.923053874770985,35,4,16,1.609433236715392,13.300040698171152,20.43528379071844,0
2015000000978-702,worker_only,female,45.0,11.79867264178175,14.467758751872614,-0.7521592056918236,0.7536726768547095,5.14141334425649,-5.192380388522509,5.202178148044219,32,2,16,1.8767022097315142,15.578778035663374,20.14613664430733,0
2015000000978-703,student__age10_15,male,15.0,11.79867264178175,14.467758751872582,-0.12771785452054576,0.1438415129816102,2.037080440483116,-0.9445166708641626,1.0421260830174865,22,6,19,0.9408763624447449,1.8660569974378272,3.364608934213504,0
2015000000978-704,student__age10_15,male,12.0,11.79867264178175,14.467758751872587,-0.37521815331377023,0.38740736589122965,2.2374444978497454,-2.6313746928224466,2.7030674540462125,62,5,22,0.9383146604469512,1.3495404945934384,1.9406780302180018,0
2015000000978-705,student__age05_09,female,7.0,11.79867264178175,14.467758751872593,-0.3556131008039855,0.3724222680773653,2.2374444978497454,-2.5513512393476527,2.65917085343566,55,6,20,0.9383355443226203,1.519857721272904,4.050749769214396,0
2015000001015-2886501,retired,female,71.0,5.180413605507404,5.957635410473103,0.002704682450991335,0.010285168629283536,0.33829336208398253,0.06228887288156846,0.17485489751251088,17,5,14,0.9591939771612269,1.6993476428006613,3.4947228037333944,0
2015000001015-308401,retired,female,71.0,7.944330557083678,8.981056845976607,0.08709986137316761,0.08709986137316761,3.123650151720943,1.0388783828018862,1.0388783828018862,9,4,12,0.9517089971534886,1.6411038431698703,3.4099726186884416,0
2015000001015-3841201,retired,female,71.0,5.002845714061173,6.036394171775278,0.0021979235605722246,0.011112672350727822,0.5737490833104459,0.024490579756839208,0.1840655499653864,5,2,8,0.9686505281833653,1.3164679570070366,1.6642853858307076,0
2015000001015-4220501,retired,female,71.0,6.676221960395514,7.610507659223508,0.016977279888222115,0.01801652315278567,0.481098793369247,0.21910808728694076,0.23407576092051083,12,4,10,0.9456071611714482,1.0985735022160532,1.6751370151171368,0
2015000001015-4592901,retired,female,71.0,6.701019240409219,7.797340053674031,-0.0030058527750961663,0.0030058527750961663,0.252491633108078,-0.041817937457067016,0.041817937457067016,2,1,2,1.674863949656699,1.674863949656699,1.674863949656699,0
2015000001015-6755401,retired,female,71.0,7.907798362658548,9.888258016309061,0.006988430780709225,0.007864585557517149,0.7095612900647037,0.06711095459591114,0.0772448353616832,7,4,10,0.9447240187134814,1.2888326100776006,1.8862291229300052,0
2015000001125-2061201,worker_only,male,50.0,8.464336591069534,9.888796354259997,-0.22923271504638004,0.22923271504638004,2.648754954491224,-2.461764949348574,2.461764949348574,29,3,16,1.868353243787465,29.81457069239298,39.11919365322402,1
2015000001125-2061202,worker_only,female,52.0,8.464336591069534,9.88879635426,-0.041387735183672,0.05559095726265865,0.7546594669242808,-0.4098194929496851,0.5391812536657989,28,6,17,0.9321131422008033,2.4908591739611903,3.4055196067335207,0
2015000001125-2061203,worker_student,male,16.0,8.464336591069534,9.888796354259995,-0.06433892989369183,0.06686446289269027,0.9913482697936278,-0.6673118179454639,0.6901505317463127,21,5,16,0.9341402284974457,1.7899834630035678,3.3388045869952228,0
2015000001125-2061301,worker_only,male,50.0,8.464336591069534,9.888796354259998,-0.16450461762589258,0.16450461762589258,2.2615975332977047,-1.650199507492181,1.650199507492181,19,3,12,0.9341402284974457,15.921841173801369,23.250123070540003,1
2015000001125-2061302,worker_only,female,52.0,8.464336591069534,9.888796354259997,-0.07931319720277089,0.10759342599233016,2.028413450013508,-0.7318128113202919,1.0476415820277074,37,8,21,0.9321668496925055,1.6239681451003416,3.866273815911033,0
2015000001125-2061303,worker_student,male,16.0,8.464336591069534,9.888796354259993,-0.1154469059393908,0.11704546309101373,0.9913482697936278,-1.2247558388206898,1.2389500749313613,34,4,15,1.8644736852225667,1.9771437323950318,3.3135142972140907,0
2015000001125-3462801,worker_only,male,50.0,7.947801606513305,9.394449825662909,-0.19727334861163737,0.19727334861163737,3.9172366528888443,-2.031918587639553,2.031918587639553,21,2,14,1.9334213818513728,38.03452157244916,44.05137160421546,1
2015000001125-3462802,worker_only,female,52.0,7.947801606513305,9.394449825662903,0.01690497097008477,0.04139283449575785,0.5370056454250189,0.15264765950282091,0.43264781722894086,28,4,17,1.6538738461953242,2.1243433926520834,3.4781960923322615,0
2015000001125-3462803,worker_student,male,16.0,7.947801606513305,9.394449825662905,0.004745156536719126,0.04655513116126605,1.1670278745011409,0.02497148348550208,0.5059850976145515,22,5,17,0.9327336300657209,2.550613686302922,4.66329509348995,0
2015000001125-3462901,worker_only,male,50.0,7.947801606513305,9.394449825662909,-0.14907990399062007,0.14907990399062007,1.9764503613801647,-1.7405094052133179,1.7405094052133179,24,2,12,1.6570448082274056,29.919929338886107,44.05137160421546,0
2015000001125-3462902,worker_only,female,52.0,7.947801606513305,9.394449825662905,-0.09166891025299699,0.11257976943555084,1.7108980800176816,-0.9692299615962164,1.232332391901185,31,7,18,0.932766166895605,2.7892251264136174,4.0240161904490765,0
2015000001125-3462903,worker_student,male,16.0,7.947801606513305,9.394449825662914,0.05574286989675501,0.0661941477192612,0.5894289317152221,0.6141180649994834,0.7313515523710225,40,4,17,0.9327336300657209,2.415974482620593,3.7304869141205277,0
2015000001125-398301,worker_only,male,50.0,7.7767174403812,8.749174669067617,-0.02613228895841854,0.07991529519725102,1.2721064272469018,-0.264404159740277,0.8865686549756068,24,6,16,0.9315448407423589,19.161353196912195,36.62416338429198,0
2015000001125-398302,worker_only,female,52.0,7.7767174403812,8.749174669067614,0.06795051520539686,0.068541421281442,1.250544889015691,0.728319099203191,0.7343585038471392,14,7,14,0.9315448407423589,1.5741418413643289,2.4402098327263695,0
2015000001125-398303,worker_student,male,16.0,7.7767174403812,8.749174669067608,0.062569284926988,0.062569284926988,0.908750613244333,0.7156385409611554,0.7156385409611554,27,3,16,0.9314909827692731,1.1102866416977355,2.4419705483421614,0
2015000001125-6351201,worker_only,male,50.0,9.008468870705771,10.593678746257547,0.10477950992973886,0.13450423242192433,1.9681213431099298,0.9756746467644919,1.273931163549275,19,3,12,0.9427323195917761,44.64477673870612,53.93746742768043,2
2015000001125-6351202,worker_only,female,52.0,9.008468870705771,10.593678746257543,-0.21585031584287168,0.21585031584287168,1.3683328103987407,-2.054857026353094,2.054857026353094,46,4,19,0.9411104008954427,1.4041600899024769,3.368963809084165,0
2015000001125-6351203,worker_student,male,16.0,9.008468870705771,10.593678746257549,-0.020412575066376965,0.020412575066376965,0.8354345716415335,-0.19302269234289984,0.19302269234289984,5,2,8,0.9411104008954427,1.122697628326654,1.6674593106202882,0
2015000001125-6351301,worker_only,male,50.0,9.008468870705771,10.593678746257549,-0.1677145555435121,0.1677145555435121,2.5249274710925054,-1.5018779091519945,1.5018779091519945,22,2,10,0.9411104008954427,48.97122825378133,60.97875771700279,5
2015000001125-6351302,worker_only,female,52.0,9.008468870705771,10.593678746257543,-0.41746639832438326,0.41746639832438326,2.186303646528329,-3.7995313487620517,3.7995313487620517,40,4,15,0.9427323195917761,2.9153049206276576,4.211861967459256,0
2015000001125-6351303,worker_student,male,16.0,9.008468870705771,10.593678746257538,-0.020165800837264793,0.020165800837264793,1.6724888446591395,-0.2116038200693548,0.2116038200693548,5,3,6,0.9411104008954427,0.9422149303725611,0.9428020706304642,0
2015000001125-6414001,worker_only,male,50.0,8.173034299064238,9.934299558454532,0.0011293162481868751,0.12238550814848319,8.697755509449815,-0.16853490088365308,1.1582526096814976,21,4,18,0.9411819643434126,37.78704352421402,55.93251594033993,0
2015000001125-6414002,worker_only,female,52.0,8.173034299064238,9.934299558454544,0.004188883668711512,0.009964971066804426,0.2425956707199024,0.043250645048598435,0.10244606320795586,7,2,4,0.9411104008954427,1.4117729300536097,1.8824354592117767,0
2015000001125-6414003,worker_student,male,16.0,8.173034299064238,9.93429955845453,-0.0024435961289182547,0.0024435961289182547,0.4105241496582668,-0.025862801649963994,0.025862801649963994,1,1,2,1.8821492054364484,1.8821492054364484,1.8821492054364484,0
2015000001125-6466801,worker_only,male,50.0,9.008468870705771,10.593678746257556,-0.026668362216093002,0.1288113671379444,1.2226145250523714,-0.22594121275737417,1.269861780660577,25,2,12,1.6645834633160668,48.46055173369785,57.8197453877742,0
2015000001125-6466802,worker_only,female,52.0,9.008468870705771,10.593678746257547,-0.2022136701959088,0.2022136701959088,1.1111067727110875,-2.0410298239138083,2.0410298239138083,41,6,19,0.9411104008954427,1.6765175497243532,4.345632695054427,0
2015000001125-6466803,worker_student,male,16.0,9.008468870705771,10.593678746257543,-0.009072105252539372,0.009072105252539372,0.8354345716415335,-0.09564052529499141,0.09564052529499141,2,1,4,0.9411104008954427,0.9411104008954427,0.9411104008954427,0
2015000001125-6466901,worker_only,male,50.0,9.008468870705771,10.593678746257538,-0.0746740866693274,0.17732283039046162,3.8203392333640025,-0.8946522441720365,1.6587219797021755,27,2,14,1.6674593106202882,45.0048071185799,52.227698419906496,0
2015000001125-6466902,worker_only,female,52.0,9.008468870705771,10.59367874625754,-0.09718725316848101,0.09718725316848101,1.122230734644031,-0.9407467907587517,0.9407467907587517,24,4,17,0.9410388045410055,1.0918884131988003,1.8822923652388555,0
2015000001125-6466903,worker_student,male,16.0,9.008468870705771,10.593678746257549,-0.009955290742018688,0.009955290742018688,1.6724888446591395,-0.11051035292347895,0.11051035292347895,1,1,2,0.9428020706304642,0.9428020706304642,0.9428020706304642,0
2015000001125-6467001,worker_only,male,50.0,9.008468870705771,10.593678746257549,0.9326998583938378,0.9685068834889595,14.589915293365948,7.430748727541468,7.790532038205024,23,2,10,1.8853948546059156,44.93624722750474,55.69896032072944,0
2015000001125-6467002,worker_only,female,52.0,9.008468870705771,10.593678746257554,-0.19512573683366793,0.19512573683366793,1.4175622614347105,-1.8162718319313917,1.8162718319313917,34,3,16,0.941253494868364,2.076384973511964,4.345632695054427,0
2015000001125-6467003,worker_student,male,16.0,9.008468870705771,10.593678746257549,-0.03288473245744218,0.03288473245744218,1.3342357675055538,-0.31835225291819813,0.31835225291819813,7,3,6,0.9411104008954427,1.1837673437025025,1.6674593106202882,0
2015000001125-7000301,worker_only,male,50.0,7.312117598413568,8.912625578577543,0.38488248335681957,0.38793589029624315,3.542382270296846,4.658334726666433,4.69234114090355,26,2,12,1.6681338841856066,44.197823420484276,52.703761327744004,1
2015000001125-7000302,worker_only,female,52.0,7.312117598413568,8.912625578577543,0.13231462693585821,0.1496144996584061,1.7096521342766753,1.4907639622562776,1.6834361640701057,25,5,15,0.9432538332710197,2.7783904829734563,4.938098281068712,0
2015000001125-7000303,worker_student,male,16.0,7.312117598413568,8.912625578577547,0.08377341331965951,0.08388814860543523,0.7080417974600905,0.907856958702823,0.9092359131243424,32,3,17,0.9432538332710197,1.2648085555408937,3.3743377561089565,0
2015000001125-7000401,worker_only,male,50.0,7.312117598413568,8.912625578577531,0.5519353742717548,0.5519353742717548,4.249038355633571,6.677073840918049,6.677073840918049,33,3,14,0.9432538332710197,36.51778140518118,50.74183302329614,2
2015000001125-7000402,worker_only,female,52.0,7.312117598413568,8.91262557857754,0.01910227747314193,0.02215568441256552,0.7080417974600905,0.18585210350377956,0.2198585177408966,7,4,8,0.9432538332710197,1.2995980730078258,1.6681338841856066,0
2015000001125-7000403,worker_student,male,16.0,7.312117598413568,8.91262557857756,0.07607288029613535,0.07906373411473891,0.7080417974600905,0.7988596722648613,0.8342945009142752,32,2,17,0.9432538332710197,1.161541920407171,1.6681338841856066,0
2015000001125-7272901,worker_only,male,50.0,8.969292511872897,10.219506622547641,0.052541039473451324,0.1320312055969129,1.9139415452553195,0.5965963613472662,1.3745704189996246,16,2,12,1.8868185650192413,41.966308483322244,62.00605344247373,1
2015000001125-7272902,worker_only,female,52.0,8.969292511872897,10.219506622547637,-0.13306811326378606,0.13306811326378606,1.651705152027926,-1.3600353710219257,1.3600353710219257,25,5,18,0.9429928599712443,4.029806167661387,8.473852596352579,0
2015000001125-7272903,worker_student,male,16.0,8.969292511872897,10.219506622547636,-0.19517877561340408,0.19517877561340408,1.723649677412074,-1.972939078884715,1.972939078884715,33,4,18,0.9432538332710197,3.349036380324044,5.1190377830835185,0
2015000001125-7273001,worker_only,male,50.0,8.969292511872897,10.219506622547632,0.04562593157295321,0.25982213599102433,8.494724187676471,0.0011222481373314274,2.2956690976633203,23,2,16,1.6153207204336786,38.027651851905055,50.16509556239551,1
2015000001125-7273002,worker_only,female,52.0,8.969292511872897,10.219506622547641,-0.2630448665770949,0.2630448665770949,2.0034271707416256,-2.7146517377330275,2.7146517377330275,39,6,18,0.9416223642794211,3.2918811599293742,4.996494783109708,0
2015000001125-7273003,worker_student,male,16.0,8.969292511872897,10.21950662254764,-0.2587794469230166,0.2587794469230166,1.665980699467637,-2.651737907138691,2.651737907138691,43,6,20,0.9432538332710197,3.64421361496478,5.649877651941605,0
2015000001125-8030201,worker_only,male,50.0,7.33084927956432,8.973469676250696,-0.05443149380143814,0.09193827699265837,1.2223310412523922,-0.5462080394520162,1.0137966581136457,32,4,17,0.9419986347637175,29.734796156961476,37.35295431681944,0
2015000001125-8030202,worker_only,female,52.0,7.33084927956432,8.973469676250701,0.02294555126867429,0.02294555126867429,0.594901081883811,0.26994600167504124,0.26994600167504124,13,3,8,0.9434959826464583,1.0553463843229174,1.6658423039994197,0
2015000001125-8030203,worker_student,male,16.0,7.33084927956432,8.973469676250682,0.09322594679601404,0.09322594679601404,0.6660336999885654,1.0082341414934606,1.0082341414934606,36,4,17,0.9435136133668908,1.2703208083598563,1.8870614950773092,0
2015000001344-001,unemp__seeking_work,male,35.0,8.036298691177432,8.903562383452233,0.06856505935983431,0.22379888737020512,1.7621587074202463,0.7005367621345846,2.458857718468836,45,9,27,0.9519268482411433,1.5455152113313617,3.5182934689524132,0
2015000001344-101,unemp__seeking_work,male,35.0,8.036298691177432,8.903562383452238,0.0651395731095261,0.16452741817231079,1.757178279386899,0.7192091682280627,1.804088649995517,40,7,23,0.9519268482411433,1.4980861597622839,2.5772868186053692,0
2015000001344-160201,unemp__seeking_work,male,35.0,8.612766633460227,9.609118054648745,-0.2020607279670147,0.22193754647777367,2.7066541667205204,-2.0710091275729257,2.2842713232618044,39,9,25,0.9517089971534886,1.7000427033947612,3.357492286318812,0
2015000001344-160301,unemp__seeking_work,male,35.0,7.147098496056097,7.865098527708449,0.11568424797983086,0.11568424797983086,1.4255747793283824,1.4818724948147164,1.4818724948147164,31,8,23,0.9519759230520892,1.251662054948796,2.4987775791500293,0
2015000001344-1625701,unemp__seeking_work,male,35.0,6.430147555764972,7.622690435045666,0.07437837431951436,0.09914237445577243,1.9522260255115853,1.060335156449665,1.379073609864461,26,10,23,0.9456479950268523,4.260032507688116,7.456806652778472,0
2015000001344-1723301,unemp__seeking_work,male,35.0,6.813860505638993,7.985422950312728,-0.04924185416146672,0.056324117374334653,0.5573924544226152,-0.591498538908516,0.6946335710071957,28,5,18,0.9456275914840734,1.178861940990705,1.9495398197440736,0
2015000001344-1723401,unemp__seeking_work,male,35.0,6.813860505638993,7.985422950312718,-0.039879556167961176,0.10241401236713255,1.3433974209838109,-0.5450939578979234,1.3191804567732355,41,7,24,0.9456275914840734,1.4173275375906884,3.439424750058164,0
2015000001344-2354601,unemp__seeking_work,male,35.0,7.334915287023604,8.272864338949564,0.03648621445756739,0.03648621445756739,0.9039135313736564,0.4444340856132927,0.4444340856132927,10,4,11,0.9536143433428894,1.1959681973731227,1.9084454493817793,0
2015000001344-2407201,unemp__seeking_work,male,35.0,7.261315218367201,8.340505660749649,-0.008589856543631504,0.024967217690111423,0.6504351898931056,-0.07756129992378875,0.2809799048968966,18,4,16,0.9536143433428894,1.0181508766677179,1.9084790758949153,0
2015000001344-3013601,unemp__seeking_work,male,35.0,5.30784503677908,6.0740226937236415,-0.08567955014171698,0.08677259256878977,0.972458648018212,-1.4631448755641243,1.4819106802969704,39,10,24,0.9591939771612269,2.1917320363160417,4.811248035516745,0
2015000001344-3013701,unemp__seeking_work,male,35.0,5.30784503677908,6.074022693723639,-0.06731443251161114,0.07242166871410208,1.0552251073759944,-1.1418880132524467,1.2271609600179771,25,8,19,0.9827172423320535,2.192061546032064,4.811248035516745,0
2015000001344-3013801,unemp__seeking_work,male,35.0,5.30784503677908,6.074022693723642,-0.048408836573095616,0.09302417666927393,0.8170755763500317,-0.772795340626951,1.5680455648353768,42,8,24,0.9592395998464756,1.797674356799843,4.434888599784369,0
2015000001344-465601,unemp__seeking_work,male,35.0,7.382204981067899,8.103616351701785,0.13107432939174482,0.19835789526123895,2.2287945883915814,1.6786200653746217,2.4867156901846763,41,6,22,0.9519759230520892,1.2268275868319574,1.955484813129535,0
2015000001344-5030601,unemp__seeking_work,male,35.0,7.218763091978292,8.25787824296357,-0.10220819063482695,0.11586547416035516,0.8316340549150691,-1.212203217214781,1.3952348798186567,48,12,34,0.9438271279476965,1.5522671505802463,3.5000861475612375,0
2015000001344-5107101,unemp__seeking_work,male,35.0,6.837680937836645,7.942750055671321,-0.006704675498020335,0.03466134913748047,0.449976230874924,-0.09984516524021517,0.439271000061981,20,6,13,0.9484158423092737,1.710949438746141,3.5002493468537645,0
2015000001344-5107201,unemp__seeking_work,male,35.0,6.837680937836645,7.942750055671316,0.014961941762177425,0.03841117913626039,0.5012678554190391,0.1604718605423578,0.46972673646374624,23,7,15,0.9484158423092737,1.4869653738277715,1.9481525011596643,0
2015000001344-5185601,unemp__seeking_work,male,35.0,7.0154041131924965,8.139704553197562,-0.03444665208718761,0.04578147445035278,0.6314029379626298,-0.41920368626032223,0.5757142584453814,32,7,17,0.9438271279476965,1.5512427836596208,2.5707461722207636,0
2015000001344-5332301,unemp__seeking_work,male,35.0,6.635307931869852,7.686751822261486,0.04309638412892695,0.06883784967804049,1.319916631441025,0.568104980607081,0.8887570943038072,39,15,29,0.9440200244243777,1.9525850031069445,3.4530165921022307,0
2015000001344-5462901,unemp__seeking_work,male,35.0,6.596368599302089,7.670815184227924,0.05127860827104772,0.057626840957466424,0.7617715586572631,0.66131648047328,0.7438282017982975,39,10,26,0.9484009548566866,1.425135191523877,3.452434057562969,0
2015000001344-5463001,unemp__seeking_work,male,35.0,6.596368599302089,7.670815184227931,0.049480464677952654,0.05274458171983854,0.7617715586572631,0.6440518045490254,0.6853540657209167,38,13,29,0.9438487669722113,1.4481508446973992,3.452434057562969,0
2015000001344-56201,unemp__seeking_work,male,35.0,8.173167739308484,9.3608079887518,0.008620339297616091,0.018800070281000066,1.1516572023018785,0.07204633288440877,0.1850473683197663,4,2,6,0.9524166699005613,0.9695278001384425,0.9780833652573833,0
2015000001344-6210501,unemp__seeking_work,male,35.0,7.697868859821088,10.217237271648353,0.05360857776431575,0.09248999281763355,1.267739269082469,0.5287757368970782,0.8435564170496342,17,4,12,0.9447570113938278,1.7820968033663211,2.5330489836702474,0
2015000001344-6422601,unemp__seeking_work,male,35.0,7.455774967208323,10.029695765909345,0.010728111259882437,0.03172473564010673,0.5586866418690999,0.09160843214243852,0.32811283596067065,20,7,15,0.9434402943416846,1.3634849773687392,2.5650058029159704,0
2015000001344-6422701,unemp__seeking_work,male,35.0,7.732987278908819,10.362997240064876,-0.014797405066843778,0.04596669901005972,0.854067904829245,-0.131790036619048,0.414706625672711,24,7,14,0.9448776113960594,1.8832354392318298,3.340006729850929,0
2015000001344-994501,unemp__seeking_work,male,35.0,7.6660219277242305,8.446217091529528,0.05958031076447668,0.06145859548969103,2.1654514795013178,0.700335497513137,0.7241202935896174,18,5,13,1.9054737059791316,3.6944756425843077,5.331362385175888,0
2015000001736-001,gq_inst,male,31.0,5.644601278331407,7.046403525777992,0.0,0.0,0.0,0.0,0.0,0,0,0,0.0,0.0,0.0,0
2015000001736-5257101,gq_inst,male,31.0,7.287970747239044,8.296125778341098,0.0,0.0,0.0,0.0,0.0,0,0,0,0.0,0.0,0.0,0
2015000001736-5561501,gq_inst,male,31.0,7.216229167299683,8.700112159931459,0.0,0.0,0.0,0.0,0.0,0,0,0,0.0,0.0,0.0,0
2015000001736-5656001,gq_inst,male,31.0,8.186553761364891,9.584188808931415,0.0,0.0,0.0,0.0,0.0,0,0,0,0.0,0.0,0.0,0
2015000001736-5656101,gq_inst,male,31.0,8.186553761364891,9.584188808931415,0.0,0.0,0.0,0.0,0.0,0,0,0,0.0,0.0,0.0,0
2015000001736-6714401,gq_inst,male,31.0,6.7888660348024965,7.799113014358526,0.0,0.0,0.0,0.0,0.0,0,0,0,0.0,0.0,0.0,0
2015000001983-1333701,worker_only,male,47.0,6.398356705051636,8.360013721036275,1.6916310596071786,1.6956514875675996,6.319889297796198,19.281887350616,19.336522386216505,79,8,23,0.9455594615591651,4.798094689571645,8.07099532954515,0
2015000001983-1333702,worker_only,female,43.0,6.398356705051636,8.360013721036271,0.16078819500318944,0.16411023886431314,2.6513124686177143,1.9089120870198169,1.9540565309461133,29,6,15,0.9458405480637669,3.022388415272124,4.37705300410827,0
2015000001983-1333703,worker_only,female,22.0,6.398356705051636,8.360013721036276,0.26492445179688057,0.2652837926665722,2.6513124686177143,3.3156949855412807,3.3202013619855633,49,6,19,0.9458405480637669,2.7558749962359266,4.37705300410827,0
2015000001983-1333704,childcare,male,2.0,6.398356705051636,8.36001372103627,0.03163504221128633,0.04462249289449346,3.2351922171445775,0.41483609324992665,0.5913272124596717,19,8,17,0.9458405480637669,1.2236731106243752,1.9495986937457377,0
2015000001983-1333705,worker_student,male,17.0,6.398356705051636,8.360013721036271,0.10737616741833766,0.10774684332645428,1.1765612482249352,1.3322467930270725,1.3372840407120379,23,4,17,0.9482194338310478,1.9143475387244724,2.540936809660414,0
2015000001983-1333801,worker_only,male,47.0,6.38035523070139,8.293882936902833,1.5678875360401916,1.5686292192111342,6.764968801942334,17.346433343629926,17.35690423676214,75,9,23,0.9459105452790266,5.02998748524808,8.63546416342175,0
2015000001983-1333802,worker_only,female,43.0,6.38035523070139,8.293882936902827,0.7797539026676086,0.7797539026676086,5.0132276878086905,9.015407648387647,9.015407648387647,46,9,21,0.9458405480637669,3.5363898823766142,5.871799154201231,0
2015000001983-1333803,worker_only,female,22.0,6.38035523070139,8.293882936902818,1.0719862904806485,1.0719862904806485,6.6072689579292,11.55414656416765,11.55414656416765,59,10,25,0.9455699089665737,3.579317829821631,5.871799154201231,0
2015000001983-1333804,childcare,male,2.0,6.38035523070139,8.293882936902829,0.5617599099244227,0.5745298455720038,2.619446422335418,6.031808250815741,6.179075905927068,61,12,24,0.9458803249322982,2.9709428080083384,7.58373539740242,0
2015000001983-1333805,worker_student,male,17.0,6.38035523070139,8.293882936902815,0.31764795909582016,0.31764795909582016,2.2748863381651674,3.767373028772525,3.767373028772525,36,4,17,0.9747979090325654,2.6774797457797503,4.463182878966918,0
2015000001983-1396501,worker_only,male,47.0,6.38035523070139,8.293882936902822,0.3022768905500848,0.37500582889618395,3.0245158864132717,3.660416524862936,4.472587380708863,84,10,27,0.9459105452790266,3.7295336570308,8.531398425688153,0
2015000001983-1396502,worker_only,female,43.0,6.38035523070139,8.293882936902838,0.2205909896196971,0.22207435596158176,1.6980275969202,2.6180236011473337,2.6389653874117656,38,7,17,0.9748007847131719,2.8909112887424238,4.1981419983679755,0
2015000001983-1396503,worker_only,female,22.0,6.38035523070139,8.29388293690283,0.19216128056538637,0.19216128056538637,2.926727030933912,2.615899529328371,2.615899529328371,32,4,15,0.9747979090325654,2.5789324974920995,4.1981419983679755,0
2015000001983-1396504,childcare,male,2.0,6.38035523070139,8.293882936902822,0.382742644475804,0.4047957364069439,2.6319703403687003,4.7773623554097595,5.023631295326486,50,13,24,0.9458604499179194,3.224148387441218,8.5218005893234,0
2015000001983-1396505,worker_student,male,17.0,6.38035523070139,8.293882936902826,0.20345778396272068,0.2065938773449733,2.2748863381651674,2.221975286663249,2.2591847825413467,28,5,19,0.9459105452790266,2.350313976678646,4.463182878966918,0
2015000001983-1396601,worker_only,male,47.0,6.490738024658661,8.551365153440988,1.1472807870514008,1.1698106305102165,4.391378381779969,12.520063084623539,12.820757233874872,72,10,23,0.9481520848117474,4.202961873073845,8.130047858587215,0
2015000001983-1396602,worker_only,female,43.0,6.490738024658661,8.551365153440994,0.09185552844533074,0.10585635753630832,2.6668808567586115,1.1967618543735137,1.3798062498688508,42,8,17,0.9458405480637669,5.227465773380128,10.166468044202295,0
2015000001983-1396603,worker_only,female,22.0,6.490738024658661,8.551365153440994,0.5854815749005302,0.5970750109378125,4.391378381779969,6.902638929370447,7.055521283473939,40,6,19,0.9455898057861492,3.8489833710584924,6.189394662670824,0
2015000001983-1396604,childcare,male,2.0,6.490738024658661,8.551365153440996,-0.006414003778682546,0.08763626924756043,1.8539114959065337,-0.053041713240284394,1.0037814124303368,51,8,26,0.9458906370499562,1.2608645230059303,2.5407360202103133,0
2015000001983-1396605,worker_student,male,17.0,6.490738024658661,8.551365153440994,-0.0384580449960484,0.07171249521349202,1.0742455839724734,-0.4059871092597723,0.827824610256995,31,4,16,0.9458906370499562,1.215501838688376,1.9495251407629546,0
2015000001983-1396701,worker_only,male,47.0,6.38035523070139,8.29388293690283,0.5857925730721835,0.5921160459110624,5.113387732039925,6.416216453466586,6.505489624160543,55,17,33,0.9456295189436127,2.1838625228907484,5.688206534790887,0
2015000001983-1396702,worker_only,female,43.0,6.38035523070139,8.293882936902829,0.5806048253606512,0.5806048253606512,4.643078449296356,7.567012597641168,7.567012597641168,41,8,18,0.9458604499179194,4.358557289050488,8.63546416342175,0
2015000001983-1396703,worker_only,female,22.0,6.38035523070139,8.293882936902818,0.4719417030613882,0.4719417030613882,3.4436536256234938,6.024023560817607,6.024023560817607,34,4,13,0.9747301049167821,2.835991874865976,6.1893069794126365,0
2015000001983-1396704,childcare,male,2.0,6.38035523070139,8.293882936902817,0.32540431703967615,0.3454540690759617,2.6319703403687003,4.060756588152274,4.2846540441183985,42,12,23,0.9458803249322982,2.965431196065107,6.247450018658339,0
2015000001983-1396705,worker_student,male,17.0,6.38035523070139,8.293882936902824,0.2905931959238327,0.2905931959238327,2.2748863381651674,3.3880519813129775,3.3880519813129775,36,5,17,0.9747979090325654,2.4566947254438736,4.463182878966918,0
2015000001983-1396801,worker_only,male,47.0,6.38035523070139,8.293882936902829,1.0538376905773013,1.0538376905773013,8.321829210702347,12.2517708736374,12.2517708736374,71,19,33,0.9455092275656897,3.613954165524945,10.501158142443206,0
2015000001983-1396802,worker_only,female,43.0,6.38035523070139,8.293882936902836,0.14002632522251868,0.14225137473534566,1.095374474213619,1.8673418840596656,1.898754563456313,36,6,16,0.9459105452790266,2.685278315135195,4.1981419983679755,0
2015000001983-1396803,worker_only,female,22.0,6.38035523070139,8.29388293690283,0.8274703960050465,0.8274703960050465,6.764968801942334,9.22437916902771,9.22437916902771,42,7,17,0.9482029640835685,5.529532768235871,8.63546416342175,0
2015000001983-1396804,childcare,male,2.0,6.38035523070139,8.293882936902824,0.3305690641712472,0.3305690641712472,2.619446422335418,3.8524233352436967,3.8524233352436967,41,12,25,0.9459105452790266,2.9190846832063007,6.7330376041401125,0
2015000001983-1396805,worker_student,male,17.0,6.38035523070139,8.293882936902824,0.2979338188572585,0.2979338188572585,2.2748863381651674,3.5177190807806658,3.5177190807806658,35,6,19,0.9748007847131719,2.963342061494411,6.793941017664009,0
2015000001983-1396901,worker_only,male,47.0,6.490738024658661,8.551365153440994,0.4694239660721865,0.5236554744825778,3.2617697433870454,5.52478143172862,6.1702217382473075,64,18,35,0.9458405480637669,4.106784196455858,12.597245729937404,0
2015000001983-1396902,worker_only,female,43.0,6.490738024658661,8.551365153440983,0.0952945773701354,0.10401041755469712,1.1407313922386688,1.2078399489245026,1.3234731993062934,20,6,13,0.9478834468680326,3.915895852192336,7.621145728710882,0
2015000001983-1396903,worker_only,female,22.0,6.490738024658661,8.551365153440987,0.8087908056440272,0.8118842124794473,7.13035825593197,9.408585431979207,9.450711970228525,38,5,16,0.9482867480147856,5.886399530835476,9.01466606089884,0
2015000001983-1396904,childcare,male,2.0,6.490738024658661,8.551365153440987,0.016370931724662266,0.09700403267363654,1.2454442431168058,0.32585350707311045,1.1882921098198542,46,8,23,0.9458906370499562,1.282416310972225,1.8966407753574963,0
2015000001983-1396905,worker_student,male,17.0,6.490738024658661,8.551365153440994,-0.03585637673536005,0.05403191678989475,0.5212731738952794,-0.37750431228284526,0.5940511586380266,29,4,16,0.9458906370499562,1.0105805487324506,1.8918512578459439,0
2015000001983-1397001,worker_only,male,47.0,6.38035523070139,8.29388293690283,0.4355589945419291,0.4355589945419291,2.915319689254922,5.122360478594102,5.122360478594102,66,13,34,0.9463305252922924,3.0712460226277143,10.933913707872916,0
2015000001983-1397002,worker_only,female,43.0,6.38035523070139,8.293882936902838,0.04659862575154271,0.04659862575154271,0.5945868123140929,0.5969263771407849,0.5969263771407849,23,5,11,0.9459105452790266,1.2586004069343433,1.949592896760324,0
2015000001983-1397003,worker_only,female,22.0,6.38035523070139,8.293882936902829,0.7225181368198365,0.7225181368198365,6.6072689579292,8.504340197025636,8.504340197025636,34,5,16,0.9455699089665737,3.9345269260325173,5.871799154201231,0
2015000001983-1397004,childcare,male,2.0,6.38035523070139,8.293882936902834,0.4069754120912905,0.4069754120912905,2.619446422335418,4.645276581005745,4.645276581005745,43,4,13,0.9479509850845134,4.319262277985974,5.863782723930303,0
2015000001983-1397005,worker_student,male,17.0,6.38035523070139,8.293882936902826,0.2667595898686719,0.2667595898686719,2.2748863381651674,2.9490965718444095,2.9490965718444095,32,5,17,0.9747979090325654,2.488056123407578,4.463182878966918,0
2015000001983-1397101,worker_only,male,47.0,6.38035523070139,8.293882936902829,1.3116963479752068,1.3255201608002425,6.764968801942334,14.99301164232945,15.147383452897268,74,10,25,0.9455792983572259,4.183028092764918,8.63546416342175,0
2015000001983-1397102,worker_only,female,43.0,6.38035523070139,8.29388293690282,0.7702161798505619,0.7702161798505619,7.752207561960692,8.758503421233273,8.758503421233273,29,3,13,0.9744524638796347,6.624990340990684,8.63546416342175,0
2015000001983-1397103,worker_only,female,22.0,6.38035523070139,8.293882936902818,0.6057102095614846,0.6057102095614846,6.6072689579292,6.478022678692834,6.478022678692834,26,4,12,1.673973637256121,4.359431612283676,5.705090384138339,0
2015000001983-1397104,childcare,male,2.0,6.38035523070139,8.293882936902834,0.41944426166379095,0.41944426166379095,2.619446422335418,4.865569514280971,4.865569514280971,56,8,19,0.9478158739077666,3.6614567126409847,7.6209996814287235,0
2015000001983-1397105,worker_student,male,17.0,6.38035523070139,8.293882936902842,0.2392968356126016,0.23974868631088886,2.2748863381651674,2.905667104547997,2.911806929370667,32,4,18,0.9748007847131719,2.421932018673617,4.463182878966918,0
2015000001983-1397201,worker_only,male,47.0,6.490738024658661,8.55136515344099,0.7175098282889466,0.7927203602958415,5.985419651900479,8.515713471556278,9.521580010367158,61,11,23,0.9482194338310478,3.7852147340228153,8.130047858587215,0
2015000001983-1397202,worker_only,female,43.0,6.490738024658661,8.551365153440985,0.3604393847663982,0.36971960527265896,3.673731094973956,4.622748411740219,4.749128026488175,25,7,16,0.9744551996852,5.222486917986135,9.07322375509734,0
2015000001983-1397203,worker_only,female,22.0,6.490738024658661,8.551365153440985,0.8009270883705781,0.8021320206198472,7.064319484779823,8.825553217966426,8.84196218942969,35,5,16,0.9458604499179194,6.234024401722014,9.01466606089884,0
2015000001983-1397204,childcare,male,2.0,6.490738024658661,8.551365153440994,-0.036343946760481215,0.07074001407963124,1.0700994579718168,-0.3419669429064756,0.867754045960147,40,4,15,0.9481520848117474,1.171066206540988,2.5407360202103133,0
2015000001983-1397205,worker_student,male,17.0,6.490738024658661,8.551365153440994,-0.023810080645353796,0.06943090582108254,1.2454442431168058,-0.28504556343629656,0.8364718762440333,37,6,17,0.9458906370499562,1.2865619964328028,1.9495251407629546,0
2015000001983-1397301,worker_only,male,47.0,6.38035523070139,8.293882936902829,0.37215723010451157,0.3975432001714497,2.4757608019352553,4.423698350269771,4.714636062468858,63,11,25,0.945810334718317,1.5947814786234762,2.485468298940531,0
2015000001983-1397302,worker_only,female,43.0,6.38035523070139,8.29388293690283,1.0379308116673946,1.0379308116673946,6.764968801942334,10.953021636739876,10.953021636739876,43,4,16,0.9747979090325654,6.778797232853645,8.63546416342175,0
2015000001983-1397303,worker_only,female,22.0,6.38035523070139,8.293882936902826,0.8148247217150648,0.8148247217150648,6.764968801942334,9.045850776766928,9.045850776766928,35,4,14,1.623044289069284,6.444946928154913,8.63546416342175,0
2015000001983-1397304,childcare,male,2.0,6.38035523070139,8.293882936902826,0.49431966150813994,0.49431966150813994,2.619446422335418,5.153640208131399,5.153640208131399,43,2,11,1.674217310370676,4.566359031968934,5.022994935165827,0
2015000001983-1397305,worker_student,male,17.0,6.38035523070139,8.293882936902824,0.30845679654903363,0.30845679654903363,2.2748863381651674,3.507066602255155,3.507066602255155,37,5,17,1.6239812484874059,2.762306591728691,4.8740317677409335,0
2015000001983-1397401,worker_only,male,47.0,6.38035523070139,8.293882936902826,0.15352806248974066,0.15655983255340156,1.7390716293457888,1.7445827329028643,1.781393245468933,36,12,25,0.9458604499179194,2.1185943823418847,3.4509170250280605,0
2015000001983-1397402,worker_only,female,43.0,6.38035523070139,8.293882936902813,0.3447789476230393,0.3447789476230393,3.784113888931227,4.397454969326306,4.397454969326306,17,3,8,0.9744551996852,6.651495374666936,9.01452754464169,0
2015000001983-1397403,worker_only,female,22.0,6.38035523070139,8.29388293690284,0.34910183294968095,0.35532777216093125,3.687644007928764,4.1878633622118535,4.257389007610156,34,7,18,0.9456995424467056,3.6568140378381506,6.247450018658339,0
2015000001983-1397404,childcare,male,2.0,6.38035523070139,8.293882936902822,0.37315789445891295,0.37315789445891295,2.619446422335418,4.17297698599959,4.17297698599959,37,2,11,0.9479509850845134,4.7289716477733865,5.863782723930303,0
2015000001983-1397405,worker_student,male,17.0,6.38035523070139,8.293882936902824,0.30494081717228305,0.30494081717228305,2.2748863381651674,3.644756372295921,3.644756372295921,34,5,18,1.6239812484874059,2.960802453460325,4.8740317677409335,0
2015000001983-1397501,worker_only,male,47.0,6.38035523070139,8.293882936902826,0.8889428088297809,0.8911678583426083,6.544538234741228,9.675922716770009,9.707335396166657,70,12,25,0.9455594615591651,3.909352501840749,8.07146436949576,0
2015000001983-1397502,worker_only,female,43.0,6.38035523070139,8.293882936902838,0.15360820967493413,0.15360820967493413,1.6980275969202,1.6699889865175714,1.6699889865175714,23,2,9,1.8968080778378813,3.7616365402330763,4.1981419983679755,0
2015000001983-1397503,worker_only,female,22.0,6.38035523070139,8.29388293690282,0.6933048231607126,0.6933048231607126,7.752207561960692,7.653039922651941,7.653039922651941,28,3,10,1.6230421789387346,6.864622212860143,8.353437101754453,0
2015000001983-1397504,childcare,male,2.0,6.38035523070139,8.293882936902836,0.22212124414725057,0.22398755980812107,2.619446422335418,2.7486329465924575,2.7749811133051083,28,4,15,0.9459105452790266,3.86368262946571,5.984393218439827,0
2015000001983-1397505,worker_student,male,17.0,6.38035523070139,8.293882936902824,0.3164576872161194,0.3164576872161194,2.2748863381651674,3.7532002479192803,3.7532002479192803,38,5,18,0.9748007847131719,2.650210138315951,4.463182878966918,0
2015000001983-1397601,worker_only,male,47.0,6.490738024658661,8.551365153440981,0.4398672700512646,0.44753745006398965,3.2617697433870454,4.696582241840215,4.801036052436818,53,12,28,0.9461904343756208,4.758160998756116,11.975276250285551,0
2015000001983-1397602,worker_only,female,43.0,6.490738024658661,8.551365153440994,0.2519607403184783,0.2519607403184783,2.518395236384258,2.718999178206626,2.718999178206626,28,5,14,0.9458906370499562,3.8347858267229937,5.984509932387441,0
2015000001983-1397603,worker_only,female,22.0,6.490738024658661,8.55136515344099,0.17107215383513735,0.17107215383513735,1.0730939109402797,2.034198746323913,2.034198746323913,30,2,11,1.6740148652974849,6.392734133553365,8.371219439146689,0
2015000001983-1397604,childcare,male,2.0,6.490738024658661,8.551365153440994,-0.027087904120104443,0.027609912867004545,0.5204950803538484,-0.31610576863877404,0.3220790000214013,24,2,11,0.9458906370499562,0.9504206057109578,0.9747611212911506,0
2015000001983-1397605,worker_student,male,17.0,6.490738024658661,8.551365153440988,-0.008498961213911825,0.06140397074298833,0.945516254350153,-0.09880566045078665,0.7539081274161369,31,5,19,0.9458906370499562,1.1987127247884248,1.9495251407629546,0
2015000001983-1397701,worker_only,male,47.0,6.490738024658661,8.551365153440992,0.8687508679707913,0.8987964524972973,5.885583970899159,10.853511332145088,11.200387005747418,64,10,24,0.945790439239727,2.559851772447319,3.7924735019383804,0
2015000001983-1397702,worker_only,female,43.0,6.490738024658661,8.551365153440985,0.1775647861123959,0.18117958286020336,1.0730939109402797,2.2047805859234595,2.2540075003132496,35,5,15,0.9477815964882762,5.175589109676062,8.371219439146689,0
2015000001983-1397703,worker_only,female,22.0,6.490738024658661,8.551365153440992,0.28548701818543815,0.2866919504347073,4.125329916316161,3.4877033910372632,3.504112362500527,20,6,13,0.9458604499179194,2.5039565487753785,5.251779250385273,0
2015000001983-1397704,childcare,male,2.0,6.490738024658661,8.551365153440983,-0.055523368290127904,0.05656738578392811,0.5204950803538484,-0.6194731005657077,0.6314195633309619,36,2,14,0.9482194338310478,1.0912736138188606,1.9495986937457377,0
2015000001983-1397705,worker_student,male,17.0,6.490738024658661,8.551365153440988,-0.04835407826461785,0.05658309091776462,0.5212731738952794,-0.5301357582677002,0.6242985417837007,32,3,14,0.9458906370499562,1.0019397426116896,1.6705112934463768,0
2015000001983-1397801,worker_only,male,47.0,6.490738024658661,8.551365153440981,0.3754921100530191,0.4107131226529632,3.6594003282867593,3.9473894711864848,4.366506697137921,36,8,22,0.9482194338310478,2.781128263071117,7.822770136269486,0
2015000001983-1397802,worker_only,female,43.0,6.490738024658661,8.551365153440983,0.3087312418430431,0.3087312418430431,3.6562682084305465,3.333446791670174,3.333446791670174,31,4,13,0.9482867480147856,5.34381974547208,7.969634692280596,0
2015000001983-1397803,worker_only,female,22.0,6.490738024658661,8.551365153440994,0.20393759935047331,0.21373920976912128,1.7793805190268195,2.695422966809858,2.828902957698285,33,5,15,0.9482029640835685,4.843208710347943,7.969634692280596,0
2015000001983-1397804,childcare,male,2.0,6.490738024658661,8.551365153440988,-0.021918066954417247,0.025400269215240072,0.5204950803538484,-0.25530143297281516,0.3012903138514254,26,4,14,0.9459606207959879,1.2226624515790196,1.9495986937457377,0
2015000001983-1397805,worker_student,male,17.0,6.490738024658661,8.551365153440983,-0.015341172638337827,0.08238617695444564,1.2454442431168058,-0.11360089679439157,0.9537741654410785,37,4,18,0.9458906370499562,1.3166340897829725,1.9495251407629546,0
2015000001983-1397901,worker_only,male,47.0,6.490738024658661,8.551365153440994,1.3264383562736406,1.3434209542111235,6.143119495913613,14.866211732604265,15.060539868983417,66,8,21,0.9476120405389769,5.13681990139291,9.01466606089884,0
2015000001983-1397902,worker_only,female,43.0,6.490738024658661,8.551365153440988,-0.004508285313011136,0.10169975756248643,1.0574001011861593,0.15131585549052498,0.9905923392886201,37,6,16,0.9461203332411595,2.247572424869237,5.012304638420906,0
2015000001983-1397903,worker_only,female,22.0,6.490738024658661,8.551365153440985,0.5607183665635946,0.5607183665635946,5.985419651900479,5.857565456832613,5.857565456832613,25,3,11,0.9482194338310478,4.689512496920046,6.636120489272734,0
2015000001983-1397904,childcare,male,2.0,6.490738024658661,8.551365153440994,-0.04985466819127667,0.06346396203101276,1.0700994579718168,-0.4937953493508439,0.7000193135873543,44,3,13,0.9481520848117474,1.1322906385226172,1.8963715186427954,0
2015000001983-1397905,worker_student,male,17.0,6.490738024658661,8.551365153440981,0.040781889016838734,0.0420641992158353,2.6668808567586115,0.5483188145310092,0.5655551639313088,7,4,9,0.9458405480637669,1.3458439410527117,1.6745863238035816,0
2015000001983-1398001,worker_only,male,47.0,6.490738024658661,8.551365153440983,0.44182796627735865,0.4577557941006417,3.2617697433870454,5.275621724815923,5.463476026874827,59,13,27,0.945790439239727,4.792764530003603,11.816727188825137,0
2015000001983-1398002,worker_only,female,43.0,6.490738024658661,8.551365153440994,0.7862230202629854,0.7898378170107928,7.064319484779823,8.629178191949775,8.678405106339564,35,3,13,1.6744724713258388,7.291026875354027,9.01466606089884,0
2015000001983-1398003,worker_only,female,22.0,6.490738024658661,8.551365153440983,0.8165665365060019,0.817771468755271,7.13035825593197,9.510609187855842,9.527018159319105,36,6,17,0.9458604499179194,5.8027181864632045,9.01466606089884,0
2015000001983-1398004,childcare,male,2.0,6.490738024658661,8.551365153440994,-0.03141324174212284,0.032283256320289666,0.5204950803538484,-0.361060547120275,0.37101593275798705,27,2,11,0.9482194338310478,1.1049232231222659,1.9495986937457377,0
2015000001983-1398005,worker_student,male,17.0,6.490738024658661,8.551365153440983,0.1544276170803068,0.1544276170803068,1.193609240225924,1.8015159797036864,1.8015159797036864,34,3,14,0.9459907554727747,1.536543596145812,1.8966407753574963,0
2015000001983-1398101,worker_only,male,47.0,6.490738024658661,8.551365153440988,0.7086413436489443,0.7165093120966793,6.143119495913613,7.952677791610506,8.05619813520656,41,12,25,0.9455290579989748,4.481360957060194,9.07322375509734,0
2015000001983-1398102,worker_only,female,43.0,6.490738024658661,8.551365153440988,0.19955879911552407,0.20574561278636458,1.2439552514629248,2.3732047059332806,2.457457782431918,33,4,14,0.9459105452790266,4.183564262114848,6.789765430424483,0
2015000001983-1398103,worker_only,female,22.0,6.490738024658661,8.551365153440988,0.33316318085747343,0.35760978914527963,2.518395236384258,3.6352529691439353,3.9518956117192667,42,6,17,0.9458906370499562,4.3179817044237625,8.521966447915245,0
2015000001983-1398104,childcare,male,2.0,6.490738024658661,8.551365153440996,-0.030549185282945118,0.057245764215517185,1.0700994579718168,-0.29253833931966644,0.699013036410059,39,3,15,0.9481520848117474,1.1449423175391693,1.9495986937457377,0
2015000001983-1398105,worker_student,male,17.0,6.490738024658661,8.551365153440988,0.1030697723589333,0.10455348632328115,1.0920350505794545,1.2591241223628793,1.27932959044243,28,3,15,0.9459606207959879,1.5510440507235295,1.9496606027620458,0
2015000001983-1398201,worker_only,male,47.0,6.38035523070139,8.293882936902822,0.2709842883503629,0.28217335578822433,2.6319703403687003,3.3431577635543546,3.468107125992189,52,9,23,0.9456295189436127,3.7292888867006586,7.6209996814287235,0
2015000001983-1398202,worker_only,female,43.0,6.38035523070139,8.293882936902826,0.5245446081038986,0.5245446081038986,6.544538234741228,5.401085821162039,5.401085821162039,26,3,11,1.6231633965431218,6.190978994014944,8.07146436949576,0
2015000001983-1398203,worker_only,female,22.0,6.38035523070139,8.293882936902827,0.6979449334138431,0.6979449334138431,7.752207561960692,7.71854781131078,7.71854781131078,31,4,12,0.9747979090325654,5.882984828888879,8.353437101754453,0
2015000001983-1398204,childcare,male,2.0,6.38035523070139,8.293882936902829,0.3189687425087537,0.3189687425087537,2.926727030933912,3.822045104135057,3.822045104135057,33,3,13,1.8917510933427935,4.184286295211882,5.022994935165827,0
2015000001983-1398205,worker_student,male,17.0,6.38035523070139,8.293882936902842,0.2893158465391856,0.29005752971012794,2.2748863381651674,3.364785955519673,3.37525684865189,35,4,17,0.9748007847131719,2.4884719736585432,4.463182878966918,0
2015000001983-1398301,worker_only,male,47.0,6.490738024658661,8.551365153441004,0.18222504258050337,0.19680819389502874,2.014281853143012,2.3842078191069778,2.568315833988577,41,11,24,0.9462606565592706,2.135043084712064,6.192489573596864,0
2015000001983-1398302,worker_only,female,43.0,6.490738024658661,8.551365153441003,0.051400273032065236,0.054137923644122544,0.6901522911576716,0.6228063281869576,0.6531485269054138,29,4,12,0.9483046636167798,2.173917488963504,2.566681318689474,0
2015000001983-1398303,worker_only,female,22.0,6.490738024658661,8.551365153440981,0.1117034085268303,0.11600174761151971,2.6668808567586115,1.3924978157438932,1.451033325456475,31,7,15,0.9482029640835685,2.5664803765383666,4.220054662766923,0
2015000001983-1398304,childcare,male,2.0,6.490738024658661,8.551365153440983,-0.030549185282945118,0.057245764215517185,1.0700994579718168,-0.29253833931966633,0.699013036410059,39,3,15,0.9481520848117474,1.1449423175391693,1.9495986937457377,0
2015000001983-1398305,worker_student,male,17.0,6.490738024658661,8.551365153440988,-0.017205699823132206,0.056390886165185915,1.2454442431168058,-0.1370000659233671,0.632548570003023,29,5,17,0.9458906370499562,1.248742738358818,1.9495870085231413,0
2015000001983-1503801,worker_only,male,47.0,6.576381729136976,8.339097731682594,0.35785932088148326,0.35785932088148326,2.76809516569722,3.8425009826382257,3.8425009826382257,61,5,17,1.6239790296586545,3.841361051678381,8.07605995606406,0
2015000001983-1503802,worker_only,female,43.0,6.576381729136976,8.339097731682589,0.46715484033835125,0.46715484033835125,3.4047674551360725,4.944702179988644,4.944702179988644,38,2,14,1.8912893955281345,4.1458992297598884,5.251320758956496,0
2015000001983-1503803,worker_only,female,22.0,6.576381729136976,8.33909773168259,0.09714425041955818,0.09742303213463689,1.5924399970095635,1.3096803108367976,1.3135298679624228,20,5,14,0.9747949877277586,3.7873600903611506,6.07373954373337,0
2015000001983-1503804,childcare,male,2.0,6.576381729136976,8.339097731682585,0.5147966649184641,0.5147966649184641,2.883969335058511,5.2877899747188595,5.2877899747188595,46,3,13,1.674217310370676,3.5108952738601937,4.227536867378404,0
2015000001983-1503805,worker_student,male,17.0,6.576381729136976,8.33909773168259,0.2672484206466856,0.2672484206466856,2.5394092508882604,2.9840166443780523,2.9840166443780523,33,6,18,0.945930426668331,2.649300041121491,6.07373954373337,0
2015000001983-1503901,worker_only,male,47.0,6.38035523070139,8.293882936902829,1.5570253381961647,1.5570253381961647,6.764968801942334,17.20047017212743,17.20047017212743,65,5,18,0.9459105452790266,6.374083976402994,10.177233172231297,0
2015000001983-1503902,worker_only,female,43.0,6.38035523070139,8.293882936902829,0.3492651485876327,0.3548596823065634,4.129982203730593,4.516998424172577,4.579473105391496,23,10,22,0.9458604499179194,3.8778185493959074,9.56690187921042,0
2015000001983-1503903,worker_only,female,22.0,6.38035523070139,8.293882936902824,0.7961332505166838,0.7961332505166838,6.6072689579292,8.760144155204575,8.760144155204575,37,5,17,0.9455699089665737,3.867155644788725,5.705090384138339,0
2015000001983-1503904,childcare,male,2.0,6.38035523070139,8.293882936902818,0.49431966150813994,0.49431966150813994,2.619446422335418,5.1536402081314,5.1536402081314,43,2,11,1.674217310370676,4.566359031968934,5.022994935165827,0
2015000001983-1503905,worker_student,male,17.0,6.38035523070139,8.293882936902817,0.22835070373772112,0.22835070373772112,2.2748863381651674,2.8306329581880103,2.8306329581880103,31,5,17,0.9747979090325654,2.685953976879709,4.8740317677409335,0
2015000001983-1649001,worker_only,male,47.0,6.637376173769121,8.54550849909074,0.6990932238749925,0.7158690525261795,5.417423109683517,8.33598818501634,8.556320080373595,58,7,20,1.6237456391576583,3.0681196137849573,5.688404644599096,0
2015000001983-1649002,worker_only,female,43.0,6.637376173769121,8.54550849909074,0.7609373339954282,0.766480555213234,7.614016582208711,8.534005638139483,8.606539842829083,33,6,17,0.9747949877277586,5.135311011524132,7.708069953949084,0
2015000001983-1649003,worker_only,female,22.0,6.637376173769121,8.545508499090726,0.7640108709001525,0.7695540921179583,6.563271619551001,8.86322746950655,8.935761674196147,41,4,16,0.9482194338310478,6.370796712696981,9.479324836665858,0
2015000001983-1649004,childcare,male,2.0,6.637376173769121,8.545508499090724,-0.03752524508899957,0.057807105235233136,0.5162433650819533,-0.475703161814035,0.634709540631915,30,1,10,1.6744989669121684,1.6744989669121684,1.6744989669121684,0
2015000001983-1649005,worker_student,male,17.0,6.637376173769121,8.54550849909073,-0.04564728886822128,0.058954064985761424,0.5727217327018188,-0.5405103208983147,0.700941211843802,32,4,16,0.9459407061896985,1.1576451468170277,2.570812112672535,0
2015000001983-1649101,worker_only,male,47.0,7.154027743622554,8.933210287748363,0.14394091260303843,0.3342061008463202,2.402634922525813,1.3972798210367363,3.659806930148049,58,9,24,0.945810334718317,2.6643623089087884,4.227899667750225,0
2015000001983-1649102,worker_only,female,43.0,7.154027743622554,8.933210287748372,0.5544268624994059,0.577871847821185,6.526216268054755,5.944811608309123,6.2468879389516525,32,5,16,0.9747920207953827,6.873968955000267,10.349004970282511,0
2015000001983-1649103,worker_only,female,22.0,7.154027743622554,8.933210287748379,0.5946964336983986,0.6104902260330732,6.526216268054755,6.180287288900764,6.380752075590343,33,7,16,0.9481355938359467,5.928246437024193,10.017555051240539,0
2015000001983-1649104,childcare,male,2.0,7.154027743622554,8.93321028774837,-0.09113815236934739,0.10889519773698102,1.0701006130442376,-1.067088907732527,1.2547668001602554,31,2,11,1.6704532667327798,2.427675926857481,2.5708382947065727,0
2015000001983-1649105,worker_student,male,17.0,7.154027743622554,8.933210287748382,-0.05053872100814476,0.09920700823147566,1.1226395179566442,-0.6256247331523042,1.1227360031693128,28,6,18,0.9458906370499562,2.192134380963197,3.8991857022688787,0
2015000001983-1649201,worker_only,male,47.0,7.154027743622554,8.933210287748366,0.3733517153184021,0.5610002970919956,6.268680743040301,4.291540075432809,6.41571326664537,53,7,24,0.9458405480637669,2.052603257052089,3.8991857022688787,0
2015000001983-1649202,worker_only,female,43.0,7.154027743622554,8.933210287748384,0.6193244656424688,0.6193244656424688,7.513455028073112,6.3383814225681405,6.3383814225681405,26,3,10,0.9744524638796347,7.922222485811152,10.017555051240539,0
2015000001983-1649203,worker_only,female,22.0,7.154027743622554,8.93321028774839,0.22286728787735313,0.22978016088629025,3.4516436632444307,2.11430929372171,2.206204040158276,26,4,12,0.9458906370499562,2.684308165174139,3.4503944455841857,0
2015000001983-1649204,childcare,male,2.0,7.154027743622554,8.933210287748365,-0.10894400196418993,0.1175101216060411,1.0701006130442376,-1.315141489624824,1.3886604959623623,30,4,14,0.9482194338310478,2.3125299238755668,3.8991857022688787,0
2015000001983-1649205,worker_student,male,17.0,7.154027743622554,8.933210287748384,-0.09376587541798267,0.0964009130818421,1.0701006130442376,-1.100986399567439,1.121584812523699,27,4,17,0.9747611212911506,1.9666482298243133,3.509233826325415,0
2015000001983-1649301,worker_only,male,47.0,7.154027743622554,8.933210287748373,0.45190046354301666,0.52973826515849,6.526216268054755,4.686739498469407,5.485727424749697,37,9,20,0.9454391229119017,5.403254531351799,10.017555051240539,0
2015000001983-1649302,worker_only,female,43.0,7.154027743622554,8.933210287748377,0.5509475902599595,0.5837880604350705,6.526216268054755,5.912741466587526,6.311353007862075,35,5,17,0.9459207647413843,6.5090833833774395,10.349004970282511,0
2015000001983-1649303,worker_only,female,22.0,7.154027743622554,8.933210287748386,0.25793521772975264,0.290224000787656,4.039364980571689,2.6658201792558933,3.001150674646974,36,6,16,0.9459291438720073,6.89354232256855,9.886301264850095,0
2015000001983-1649304,childcare,male,2.0,7.154027743622554,8.933210287748366,-0.09767108156077964,0.14181442993155174,1.0701006130442376,-1.2091551669536995,1.5840667808463142,46,3,13,0.9481520848117474,2.260324440420653,3.3489369467068224,0
2015000001983-1649305,worker_student,male,17.0,7.154027743622554,8.933210287748368,-0.12833601582305318,0.1328844747388099,1.061215406230911,-1.531349893476514,1.5714256082486677,39,5,19,0.9458906370499562,1.870500657081729,3.509233826325415,0
2015000001983-1649401,worker_only,male,47.0,6.637376173769121,8.545508499090735,0.4114922976062478,0.4184604103224463,3.4886990147406767,4.963461665384568,5.022533674257076,53,6,19,1.6242122233686334,2.6190787002867815,3.89919729623486,0
2015000001983-1649402,worker_only,female,43.0,6.637376173769121,8.54550849909073,0.3611695510359386,0.3611695510359386,3.9162456590917483,4.561758462609461,4.561758462609461,27,7,18,0.9455499853289433,3.4925069604623653,8.522131998285804,0
2015000001983-1649403,worker_only,female,22.0,6.637376173769121,8.545508499090737,0.2706145729490285,0.2740264257334541,3.4886990147406767,2.950122742944801,2.9875627824413895,31,4,14,0.9482358762866451,2.2034644140963207,2.8445056106653706,0
2015000001983-1649404,childcare,male,2.0,6.637376173769121,8.545508499090735,-0.029985748036727437,0.04255760839831892,0.5162433650819533,-0.3904008367540048,0.5114047537870978,26,3,14,1.6240978879363566,1.759619122937105,2.924393681473496,0
2015000001983-1649405,worker_student,male,17.0,6.637376173769121,8.545508499090731,-0.04564728886822128,0.058954064985761424,0.5727217327018188,-0.5405103208983145,0.7009412118438018,32,4,16,0.9459407061896985,1.1576451468170277,2.570812112672535,0
2015000001983-2520901,worker_only,male,47.0,7.9330379843994265,11.81065484090115,-0.01744670892972729,0.13352511723132454,1.4634270194217809,-0.3279203258046609,1.0854452465290776,33,10,21,0.94279144960225,3.4789331142466673,8.087644577324586,0
2015000001983-2520902,worker_only,female,43.0,7.9330379843994265,11.810654840901154,0.2464003848630284,0.2533225517076385,4.590064744114226,2.1469150843052525,2.234172536724146,26,5,17,0.9428627875300253,10.237008597681537,14.434728764586813,0
2015000001983-2520903,worker_only,female,22.0,7.9330379843994265,11.810654840901147,0.5349213607068689,0.5547827695263756,6.588900881291881,4.716183839903791,4.919521313063897,25,3,12,0.9730834042220077,9.630838012635987,13.73160828587733,0
2015000001983-2520904,childcare,male,2.0,7.9330379843994265,11.81065484090115,-0.3620416304867411,0.3741518303516368,2.8864423963582624,-2.319629618553503,2.4330506273196755,56,9,20,0.94279144960225,3.2746296835692874,5.973225340764589,0
2015000001983-2520905,worker_student,male,17.0,7.9330379843994265,11.810654840901153,-0.07736602598300564,0.11137417223762422,1.3468655912488963,-0.5971997288750877,1.0162722920461866,25,7,18,0.94279144960225,1.7877834445085865,3.8923540047782494,0
2015000001983-2676401,worker_only,male,47.0,7.162689648536806,10.843079901340749,0.7902535688758389,0.828545666849107,5.564464641707691,8.39238109498038,8.770818685533866,38,8,19,0.9429340922489009,9.695846686815525,35.59385119386138,0
2015000001983-2676402,worker_only,female,43.0,7.162689648536806,10.843079901340744,0.7801420036165002,0.7801420036165002,7.118616733846798,7.639202758785675,7.639202758785675,27,3,11,0.9735368240417052,8.012396573319508,10.565385824679984,0
2015000001983-2676403,worker_only,female,22.0,7.162689648536806,10.84307990134074,0.7418120732578106,0.7418120732578106,4.926467964928134,7.586391051073645,7.586391051073645,36,3,13,0.9731552589931569,9.036606647766341,12.641439423818095,0
2015000001983-2676404,childcare,male,2.0,7.162689648536806,10.843079901340753,0.0864869216992888,0.12263801022263184,2.4253760177246413,0.6673196710224387,1.029550589985586,46,4,14,0.943005363742583,2.383341990353856,4.3074333877030515,0
2015000001983-2676405,worker_student,male,17.0,7.162689648536806,10.843079901340726,0.24084708973822372,0.24084708973822372,3.387112335526165,2.3878308523703278,2.3878308523703278,40,3,17,1.6194614161066023,5.905726602701614,7.7830284230974565,0
2015000001983-2676501,worker_only,male,47.0,7.162689648536806,10.843079901340731,0.6884473845938097,0.7590713149965482,6.978529263560057,6.5680246073427,7.220126878561878,31,8,19,0.9457987567791528,8.355252209768835,34.025119747905954,0
2015000001983-2676502,worker_only,female,43.0,7.162689648536806,10.843079901340733,1.0171542944170875,1.0171542944170875,6.700504132042502,9.757811134484566,9.757811134484566,42,3,15,1.6186117768492616,10.377073188596622,13.989957516344493,0
2015000001983-2676503,worker_only,female,22.0,7.162689648536806,10.843079901340733,0.8906178190980614,0.8992744269800946,7.118616733846798,8.600994943605029,8.718535352587072,33,4,15,0.9731552589931569,7.564982309701898,10.565385824679984,0
2015000001983-2676504,childcare,male,2.0,7.162689648536806,10.843079901340744,0.1799721466372389,0.19454193375941847,4.49904838074629,1.7942897953621404,1.9977020306689697,34,5,15,0.9457987567791528,4.6620100728399825,7.5836964692575775,0
2015000001983-2676505,worker_student,male,17.0,7.162689648536806,10.84307990134074,0.14814233967282936,0.17673079533746883,4.616293141308249,1.4015195316008224,1.613538209181075,34,5,19,0.9457987567791528,4.88346866156251,8.479934975480415,0
2015000001983-2676601,worker_only,male,47.0,7.642306976925802,11.38575128371966,0.3231449907295434,0.4196276273960451,4.326155029152677,2.79442757748714,3.6387886192157013,23,5,15,0.9429340922489009,8.939029134580691,32.588967522368726,0
2015000001983-2676602,worker_only,female,43.0,7.642306976925802,11.385751283719642,0.46047264700457874,0.4689713925455359,4.3575631751126735,4.41211058347646,4.472500540159526,34,4,14,1.6714671720272452,9.109444105599653,12.136582161897964,0
2015000001983-2676603,worker_only,female,22.0,7.642306976925802,11.385751283719651,0.23091827784741759,0.23217156131022776,4.3575631751126735,2.221600977631242,2.238000259505082,18,5,13,0.9426788190750292,8.212431926270071,12.136582161897964,0
2015000001983-2676604,childcare,male,2.0,7.642306976925802,11.38575128371966,-0.047692981511498554,0.10448393944788174,1.1037992464189745,-0.4056705528685055,1.001195234592056,40,4,14,1.6665666374455341,2.941326927196102,4.307162544006582,0
2015000001983-2676605,worker_student,male,17.0,7.642306976925802,11.38575128371965,0.5145129796045445,0.5145129796045445,6.246586554341331,4.426573932507559,4.426573932507559,40,7,19,0.9462648091319674,8.366463035563342,13.731270948924035,0
2015000001983-551201,worker_only,male,47.0,8.684473749659727,10.968793200743931,0.0983504096227292,0.22769730320451584,1.9993421050535627,0.9004569109505383,2.152235741901922,32,6,18,0.9454391229119017,1.6117540845455829,1.8953936701542633,0
2015000001983-551202,worker_only,female,43.0,8.684473749659727,10.968793200743928,0.038838642802037665,0.10628509832446552,1.605352242452403,0.34434163580465704,1.0930449824753152,18,6,15,0.9476630282857301,2.2474968550202106,3.347657088907718,0
2015000001983-551203,worker_only,female,22.0,8.684473749659727,10.968793200743928,0.053549341059185226,0.16173080761030525,2.0857761247023427,0.46905210234175393,1.6241164422791932,24,6,13,0.9455699089665737,2.5498287405532025,4.226489690762241,0
2015000001983-551204,childcare,male,2.0,8.684473749659727,10.968793200743935,-0.33914499416915045,0.3505360727528909,2.4058623222300124,-2.8775492168577887,2.9986382372520644,40,4,15,0.9454589738073593,1.6543435409403544,1.8953936701542633,0
2015000001983-551205,worker_student,male,17.0,8.684473749659727,10.968793200743935,-0.18377194015796222,0.18377194015796222,3.0856141986891323,-1.7312284087703973,1.7312284087703973,28,4,17,0.9476630282857301,2.7375565145846883,4.964347332363089,0
2015000001983-663001,worker_only,male,47.0,7.605744334346413,9.766401378785499,0.3617494048286999,0.41068117032888213,3.7658730843150003,3.5160347712506494,4.065334391620617,39,10,21,0.9455991083277094,2.0079382627345077,3.781975995901681,0
2015000001983-663002,worker_only,female,43.0,7.605744334346413,9.766401378785496,0.5523759591462963,0.5773182218566166,4.9735424115344635,5.274790154412477,5.574302008191039,37,5,15,0.9745655398251547,3.0655342593746417,4.185451873408629,0
2015000001983-663003,worker_only,female,22.0,7.605744334346413,9.766401378785497,0.7256558935602877,0.7296094057981258,3.9863036515161063,6.873026570329278,6.915319397681259,43,4,17,1.948913089594381,2.9723439028641567,3.4398493307289155,0
2015000001983-663004,childcare,male,2.0,7.605744334346413,9.766401378785485,0.6199993740178653,0.6514336498991068,3.9863036515161063,6.127128372698422,6.493744494208325,44,3,14,0.9745655398251547,2.874705800687841,3.4398493307289155,0
2015000001983-663005,worker_student,male,17.0,7.605744334346413,9.766401378785488,-0.039879312132225654,0.07465187725896946,0.6138089143374046,-0.3087515319565261,0.7042869249866447,31,5,17,0.9457193383066343,1.622673594360685,3.247042837431509,0
2015000001983-772701,worker_only,male,47.0,7.63146941689733,9.638565942895772,0.5021259882248508,0.5459003203334438,4.600112565853511,4.91184958898736,5.393939988011167,43,10,23,0.9454391229119017,2.640349767424584,5.240451152228763,0
2015000001983-772702,worker_only,female,43.0,7.63146941689733,9.638565942895784,0.5996572554117419,0.6220440573812169,5.587351325871868,5.701629953200858,5.96964603326181,40,8,19,0.9476630282857301,3.3537998053727827,5.294383437880177,0
2015000001983-772703,worker_only,female,22.0,7.63146941689733,9.638565942895779,0.22016298721971342,0.23142046825397633,2.7054815065257785,2.4355956671204586,2.5660952885954695,19,5,12,1.6234034916909397,3.2781400979946635,5.862323703388421,0
2015000001983-772704,childcare,male,2.0,7.63146941689733,9.638565942895779,0.4210270069896608,0.45994024731392275,4.600112565853511,4.370850257424025,4.843485060759073,31,3,14,0.9746363548928724,3.7864980915102207,4.727896322418915,0
2015000001983-772705,worker_student,male,17.0,7.63146941689733,9.638565942895784,-0.016465698177264034,0.016465698177264034,0.9456284068780878,-0.19392114971903243,0.19392114971903243,5,3,6,1.670361230856799,1.7440730710965322,1.8913686735840969,0
2015000001983-772801,worker_only,male,47.0,7.63146941689733,9.638565942895783,0.5138619873348278,0.5610707455414987,4.379681998652405,5.486577179483061,6.037922270393279,56,6,20,0.9744920040725673,2.9205379593051175,4.185863393066801,0
2015000001983-772802,worker_only,female,43.0,7.63146941689733,9.63856594289578,0.1673779643960979,0.1673779643960979,2.9728537522506358,1.8142113956159518,1.8142113956159518,21,5,11,0.9455699089665737,3.4989815120512033,5.423790430246833,0
2015000001983-772803,worker_only,female,22.0,7.63146941689733,9.638565942895777,0.20295800182692408,0.22254646065300904,2.3989324682287894,2.1700530140226326,2.411802923087651,19,4,10,0.9455699089665737,3.5575222691665886,5.132242868497135,0
2015000001983-772804,childcare,male,2.0,7.63146941689733,9.63856594289578,0.7094756411386074,0.7094756411386074,4.600112565853511,6.957038532921592,6.957038532921592,42,1,12,4.727896322418915,4.727896322418915,4.727896322418915,0
2015000001983-772805,worker_student,male,17.0,7.63146941689733,9.638565942895772,0.31720513678201084,0.34136234148312444,2.2451988154638123,2.9079626093278823,3.198183771097046,36,5,17,0.9455395979315799,3.3383202187214103,5.132242868497135,0
2015000002013-3021301,retired,female,92.0,6.4513087274206145,10.725376087716038,0.02835787234193308,0.03809743545759147,0.7675416752277009,0.28270150454751614,0.37533352977739876,18,5,12,0.9430364725843325,2.293011718962727,3.4422893716820657,0
2015000002013-3021302,retired,male,69.0,6.4513087274206145,10.725376087716036,0.04308331512712258,0.05780162412078515,2.322301969232239,0.42448698864587175,0.5668801884799621,15,6,14,0.9430364725843325,1.5368704720144284,1.9463534607169222,0
2015000002013-3021401,retired,female,92.0,7.039222103739252,11.392788515731505,-0.006870549329763387,0.043250895970919426,1.2713356545106418,-0.04547928911185377,0.37675533644868264,13,8,13,0.9432194649953585,1.765752105678974,2.919422392990854,0
2015000002013-3021402,retired,male,69.0,7.039222103739252,11.392788515731509,-0.0876162596892059,0.10489517370955793,1.2713356545106418,-0.7350245431881994,0.9216920902518753,25,10,17,0.9430772384350699,2.2374890648953407,3.498313980824593,0
2015000002013-3249001,retired,female,92.0,7.1322848799587515,11.582202408227651,-0.022019963958424687,0.08042187919403172,2.7819396280554347,-0.1914529044630935,0.7177869686150067,22,12,18,0.943087240369834,2.217138765649837,5.8852613026843725,0
2015000002013-3249002,retired,male,69.0,7.1322848799587515,11.582202408227655,-0.0020946003362167787,0.05961128887119072,1.3721873812623517,0.005474648357319424,0.5029424948025656,15,8,15,0.945784326385097,2.6268092062761133,5.8852613026843725,0
2015000002013-3293701,retired,female,92.0,6.6083682149430985,10.763943447176691,-0.02750452647572409,0.033115938099859535,0.694543689811109,-0.248773448404166,0.2920546506309672,22,4,9,0.9457344729342196,1.9283066814659091,3.772166560791476,0
2015000002013-3293702,retired,male,69.0,6.6083682149430985,10.763943447176697,0.05875437806172352,0.06395293871400418,1.8243215677420608,0.7141274287054709,0.7599527055291962,13,7,14,0.9430568688202763,1.5331856386317497,1.9464407821634098,0
2015000002013-3341901,retired,female,92.0,8.17742009060063,12.237653632241935,-0.09533958492276738,0.09611486085149513,1.8167492061908863,-1.0272487037442233,1.0313665599262847,14,7,14,0.9431889872116189,1.8198620612545238,4.366522026298772,0
2015000002013-3341902,retired,male,69.0,8.17742009060063,12.237653632241916,0.017362065407516433,0.03031519738630716,0.9010218199394835,0.23323872913479493,0.34979677919900404,10,3,6,1.6186338715653077,9.999285544512466,26.712233774308643,0
2015000002013-3523101,retired,female,92.0,8.055365764633505,10.107940504127921,-0.12046357028395281,0.19347776771181396,3.3229754379560497,-0.6472480669299242,1.372341049513611,35,15,31,0.9456493352774631,2.132437782079882,5.067395663903606,0
2015000002013-3523102,retired,male,69.0,8.055365764633505,10.107940504127921,-0.06659214167558693,0.1554987600662532,4.330175556705413,-0.2082396690623938,1.199980452536599,28,12,26,0.9457893074266748,1.664552540562572,3.387889434845811,0
2015000002013-411901,retired,female,92.0,7.687485772943071,9.976263887024418,0.07104055149508344,0.2341342004449038,1.862964188863793,1.080605164026888,2.6318684035789133,46,13,28,0.9454787978807256,1.500526711196987,3.347657088907718,0
2015000002013-411902,retired,male,69.0,7.687485772943071,9.97626388702441,-0.10848511221126976,0.33518427927490596,3.0456530444436094,-0.5664723883155938,3.282767043465862,53,16,30,0.9455092275656897,1.6782302048538305,3.5082151982639638,0
2015000002013-412001,retired,female,92.0,7.687485772943071,9.976263887024416,-0.02881256498705644,0.28209050463141244,2.476983346689546,0.10457722135072497,2.818012221439065,54,15,33,0.9455092275656897,1.7413492647790956,3.3875390852357787,0
2015000002013-412002,retired,male,69.0,7.687485772943071,9.97626388702441,-0.04713880586598779,0.2791427387021375,2.3374599539949337,-0.08021972841784782,2.798168918081741,53,14,30,0.9455792983572259,1.795967699297789,3.4491615970999447,0
2015000002013-4242201,retired,female,92.0,7.938548241609607,9.883870398780163,0.0301130097512133,0.05766414143057069,0.785455941379329,0.39461959763502336,0.6746865399209788,15,5,9,0.9749361854591805,15.867490086279368,66.5103435314608,0
2015000002013-4242202,retired,male,69.0,7.938548241609607,9.883870398780155,0.002045035414311352,0.013697913246035188,0.6612038437345547,0.010992708607669776,0.148889997942865,6,3,6,0.9749361854591805,1.5140033756162952,1.8921913473171976,0
2015000002013-435101,retired,female,92.0,9.259690337601054,11.688584812738318,-0.35905569082945915,0.3889566249584297,4.988209351911523,-2.9378193506262162,3.193810917981178,48,15,29,0.9454589738073593,2.066344779869365,4.726493891541886,0
2015000002013-435102,retired,male,69.0,9.259690337601054,11.688584812738295,-0.6636976311965039,0.7015677854702929,5.067531726160183,-5.064331933724348,5.460134720549822,61,15,31,0.9454589738073593,5.088716246189186,58.1806723231992,0
2015000002013-435201,retired,female,92.0,9.259690337601054,11.688584812738311,-0.4426932411068117,0.527837394923219,5.442916187934264,-3.9070273377588767,4.687391704360734,56,12,34,0.9455092275656897,1.5962336494470704,2.9236804272568757,0
2015000002013-435202,retired,male,69.0,9.259690337601054,11.688584812738318,-0.7092304415529496,0.8227366380022235,3.699930122193285,-5.57120413400096,6.626924062863353,62,11,25,0.9455092275656897,1.805484307751797,4.086251118130228,0
2015000002013-772901,retired,female,92.0,7.100692909601948,8.850940142743456,0.2938832554045212,0.29884638363113225,4.237339992137956,3.547846827658791,3.6036007646690074,50,18,28,0.9455290579989748,1.7374844170414576,4.873207551177956,0
2015000002013-772902,retired,male,69.0,7.100692909601948,8.850940142743463,0.33878668521581023,0.3398300156031203,3.087440034825816,4.227073868490518,4.2413706604543595,49,18,30,0.9456295189436127,1.7691547373330143,4.740175238889749,0
2015000002013-809201,retired,female,92.0,7.536298155928883,9.529233844354925,0.10340977021249731,0.25239617847742934,4.399783211303966,0.9450276478870133,2.6288945948305575,48,12,33,0.9456295189436127,5.259819911617275,59.23395284051277,0
2015000002013-809202,retired,male,69.0,7.536298155928883,9.52923384435491,0.07388424652103584,0.2067851004257297,3.772713865566903,0.4526749638923013,1.97725381094528,58,15,34,0.9455594615591651,1.7782732889868444,4.317972153483408,0
2015000002013-809301,retired,female,92.0,8.338141533584405,10.434670195874071,-0.19868842344090587,0.32673715035601275,2.9330182477278672,-2.123644963949532,3.2922328617054313,65,11,31,0.9456295189436127,1.964628334093241,5.423369315319008,0
2015000002013-809302,retired,male,69.0,8.338141533584405,10.434670195874064,-0.37242976044548143,0.4111926489390781,2.9330182477278672,-3.82817657441162,4.161067828449575,53,16,35,0.9435638245393607,4.885395440055631,59.60663504701735,0
2015000002013-839201,retired,female,92.0,7.665957219970566,9.72594151154565,0.092939918531759,0.19779703594000486,3.110619197378224,0.8570642353913529,1.6846329904994413,54,21,35,0.9456888874334969,1.7643984304704607,5.132404175834174,0
2015000002013-839202,retired,male,69.0,7.665957219970566,9.72594151154565,0.030566930306171507,0.14166300123742737,1.70195852160378,0.2436778242659512,1.5068195048961832,45,17,32,0.9456493352774631,2.1017448373746714,5.132404175834174,0
2015000002013-85901,retired,female,92.0,6.894067204485035,11.125045873555903,0.11414911761918851,0.1198235994510768,1.9508345652291261,1.5221098208121346,1.584810774128444,15,5,14,0.9431478069818789,5.187203967462929,29.7024255481469,0
2015000002013-85902,retired,male,69.0,6.894067204485035,11.125045873555896,0.0751741890205565,0.08739535808187068,1.9508345652291261,1.1194629443294233,1.2386450096612949,11,3,7,0.9732680714104247,9.607905840341427,29.911856579200933,0
2015000002013-86001,retired,female,92.0,6.894067204485035,11.12504587355589,0.13159791325533163,0.13379426558808186,1.9508345652291261,1.700253122729967,1.7188084197002103,16,5,12,0.9432189786907108,6.1814974262182645,29.7024255481469,0
2015000002013-86002,retired,male,69.0,6.894067204485035,11.125045873555893,0.06760615032574613,0.10694703981710744,1.9508345652291261,1.1332479854527444,1.3911817335942136,19,5,9,0.9732680714104247,7.97374354558833,31.121876963763892,0
2015000002097-1001,worker_student,female,42.0,11.79867264178175,14.46775875187259,-1.1232985386898968,1.1232985386898968,6.83524522052188,-7.618729413035657,7.618729413035657,35,7,21,0.9427822195963141,15.437896607053693,23.37077147301394,0
2015000002097-1101,worker_student,female,42.0,12.059617258556635,14.450991401049386,-2.9460297453906685,2.9460297453906685,8.75628428900572,-20.485523904583726,20.485523904583726,65,8,22,0.9407357162915032,21.61481012379519,34.69170868654431,0
2015000002097-1197601,worker_student,female,42.0,10.929726766891514,13.32219586954391,-1.3122755229160306,1.3122755229160306,4.3529644543648836,-9.900940241865309,9.900940241865309,63,6,21,0.9402211477188787,13.452808760383235,21.03673945371918,0
2015000002097-1197701,worker_student,female,42.0,11.369935108582563,13.634978970829744,-1.7348472915255821,1.7348472915255821,8.478821448920694,-12.479938265117653,12.479938265117653,46,8,22,0.9405901411391794,18.214854414736816,29.279343115931347,0
2015000002097-1197801,worker_student,female,42.0,11.369935108582563,13.634978970829748,-1.2742677585442894,1.3241391136211151,5.76789918486355,-9.395035554323233,9.760447978252133,46,4,15,0.9399937663440174,11.818860039344468,17.490111455350824,0
2015000002097-1197901,worker_student,female,42.0,11.369935108582563,13.634978970829732,-1.8287883509914065,1.8287883509914065,5.667992429581542,-13.393484362696972,13.393484362696972,64,6,20,0.9715915465668715,15.231447567331838,22.64544941571555,0
2015000002097-1198001,worker_student,female,42.0,11.369935108582563,13.634978970829742,-1.7780125232815303,1.7780125232815303,9.325964530536499,-12.866635061079831,12.866635061079831,40,7,20,0.940569238984322,19.26629829874478,28.886922213867436,0
2015000002097-1198101,worker_student,female,42.0,11.369935108582563,13.634978970829723,-2.0190987706836823,2.0190987706836823,7.133675143848549,-14.75426204631197,14.75426204631197,61,5,16,0.9718071854397691,19.96738571372924,27.555784499205842,0
2015000002097-1198201,worker_student,female,42.0,11.369935108582563,13.634978970829737,-2.426327941553865,2.426327941553865,8.223144801279574,-17.982897490811194,17.982897490811194,59,3,16,0.97182928983984,20.4687675793927,26.973316218223236,0
2015000002097-1201,worker_student,female,42.0,17.25500712768021,19.40088079066064,-2.126846251060072,2.126846251060072,14.456963000982872,-10.997217214758729,10.997217214758729,29,8,20,0.9402496790526289,19.941195813468916,33.42265083850009,0
2015000002097-1301,worker_student,female,42.0,14.647795369190954,17.3339339103223,-2.1633990782963175,2.1633990782963175,9.40199289287379,-13.046851660594431,13.046851660594431,50,8,23,0.9427481429264172,14.950950807881929,25.08563788480106,0
2015000002097-1314001,worker_student,female,42.0,10.922707575967776,13.414360309540344,-1.3401406710288313,1.3401406710288313,6.109253069340525,-9.795902067388571,9.795902067388571,51,6,20,0.9400145389924214,12.788135748274572,27.486965132777488,0
2015000002097-1401,worker_student,female,42.0,14.647795369190954,17.333933910322326,-1.9394309838483923,1.9394309838483923,10.009611688395294,-11.368008670702432,11.368008670702432,41,7,20,0.942765194719309,17.174706540824566,25.08563788480106,0
2015000002097-1403901,worker_student,female,42.0,11.431373544665094,14.096965948935054,-0.9424910909250384,0.9424910909250384,9.678134036615432,-6.722302769129563,6.722302769129563,23,7,17,0.9389590956559365,15.162763211138891,26.725117879409908,0
2015000002097-1404001,worker_student,female,42.0,10.275211637307578,12.915383730044189,-1.2785215415252975,1.2785215415252975,8.284829861728157,-9.78265903731556,9.78265903731556,38,5,17,0.9436272247963159,19.130884921345487,28.34764544045645,0
2015000002097-1404101,worker_student,female,42.0,10.275211637307578,12.915383730044184,-0.8512096946534312,0.8512096946534312,5.19039838391225,-6.497698375574662,6.497698375574662,32,8,19,0.9401798145884278,10.24139309864134,16.93379055924462,0
2015000002097-1404201,worker_student,female,42.0,11.549420668225643,14.214593113879559,-2.87808143395769,2.87808143395769,10.026516435626906,-20.368224074130488,20.368224074130488,68,8,20,0.9407149991494256,17.150850796516163,25.235261127709922,0
2015000002097-1404301,worker_student,female,42.0,10.275211637307578,12.915383730044198,-1.6292297055630032,1.6292297055630032,8.585797800459977,-13.1755100386468,13.1755100386468,48,7,21,0.9432988848494895,15.47766546134719,24.067125300591982,0
2015000002097-1404401,worker_student,female,42.0,10.275211637307578,12.915383730044182,-1.7312303139197809,1.7312303139197809,8.01576966662277,-12.825695026825255,12.825695026825255,46,6,20,0.9406636342876097,17.498225705343604,26.26992497330546,0
2015000002097-1404501,worker_student,female,42.0,10.275211637307578,12.915383730044189,-0.8806946279531819,0.8806946279531819,5.414892223847845,-6.881264840594648,6.881264840594648,45,5,15,1.6127242613717996,10.494006010912512,16.118750835589427,0
2015000002097-1404601,worker_student,female,42.0,11.431373544665094,14.096965948935084,-1.3573149344734152,1.3573149344734152,7.250882230598993,-9.45510757189911,9.45510757189911,45,8,21,0.9431655672055489,15.957859739338573,24.995736142170905,0
2015000002097-1404701,worker_student,female,42.0,10.275211637307578,12.915383730044187,-1.466092102433763,1.466092102433763,5.710518533930307,-11.593777401386417,11.593777401386417,53,4,13,0.9715822586600189,14.770745605484798,20.209339632228286,0
2015000002097-1404801,worker_student,female,42.0,10.275211637307578,12.915383730044192,-0.8486213051274537,0.8634510412126372,4.838612073166093,-6.328802343205457,6.455465093415655,46,8,23,0.9369759034253483,16.250957361284872,27.283114111132033,0
2015000002097-1501,worker_student,female,42.0,12.059617258556635,14.450991401049397,-1.1318265784720782,1.1318265784720782,7.297685371187239,-7.7431511061047615,7.7431511061047615,31,8,21,0.9402206187226536,15.619871108724537,27.55725777079906,0
2015000002097-2501201,worker_student,female,42.0,11.258602366400217,13.607824582503001,-1.597223936499015,1.597223936499015,9.430326874012579,-11.938061913196684,11.938061913196684,42,7,22,0.9406636342876097,15.075838735268151,24.37305880680269,0
2015000002097-2564901,worker_student,female,42.0,11.647396802258086,13.983908696981985,-1.38881541843908,1.38881541843908,7.888398283902863,-10.391654688451354,10.391654688451354,49,7,21,0.9362841899620493,23.744253151873217,36.003645534547786,0
2015000002097-2565001,worker_student,female,42.0,11.647396802258086,13.983908696981988,-1.1718385835291745,1.1718385835291745,6.0786511424258265,-8.3484522238795,8.3484522238795,52,9,22,0.9389334523005326,23.6799765202982,37.81170800499096,0
2015000002097-3371601,worker_student,female,42.0,11.8100827947142,13.912220607290744,-0.7521517723904264,0.772655624751355,6.049949250681838,-4.741726350239646,4.907312913277197,43,6,20,0.969208106867853,20.34317805985085,39.95751621676654,0
2015000002097-3533701,worker_student,female,42.0,12.852938300581148,14.90130897717803,-1.408619524252153,1.4256867404540887,9.591004207233448,-9.080398460562071,9.213186900083048,31,10,22,0.9392799004893033,12.870185950326523,22.653389847283847,0
2015000002097-3533801,worker_student,female,42.0,12.852938300581148,14.901308977178045,-2.4354531119895717,2.4354531119895717,8.982604928184683,-16.24261460736048,16.24261460736048,59,7,21,0.9412288075315225,18.136167782081575,26.826073896449632,0
2015000002097-3533901,worker_student,female,42.0,12.852938300581148,14.90130897717806,-2.0757374350455455,2.1012016776405718,12.247644510223648,-14.618831207925048,14.816951217525304,42,8,23,0.9411442086886194,17.569142712203508,29.130789333625874,0
2015000002097-3534001,worker_student,female,42.0,12.852938300581148,14.901308977178044,-1.3221297575222333,1.3247642811485645,9.604704921764657,-8.63582605602448,8.656323498435857,31,7,20,0.9409004326122504,13.328701574042654,22.404932886962925,0
2015000002097-3534101,worker_student,female,42.0,12.852938300581148,14.901308977178044,-1.082063929717465,1.0846984533437962,9.816623004020885,-7.038686477290135,7.059183919701511,30,9,21,0.942082551485096,13.193747484795697,23.625359456738945,0
2015000002097-3534201,worker_student,female,42.0,12.852938300581148,14.90130897717804,-3.348645611763251,3.393665731295031,9.469050240921069,-22.38019527307675,22.714395523011287,69,7,20,0.9392799004893033,19.05672549750544,31.506551310614448,0
2015000002097-3534301,worker_student,female,42.0,12.852938300581148,14.901308977178049,-1.6842452404345754,1.6842452404345754,9.591004207233448,-11.5422779959181,11.5422779959181,36,4,19,0.9435976268373991,16.389763959201364,22.66010716060216,0
2015000002097-3534401,worker_student,female,42.0,12.852938300581148,14.901308977178044,-1.5878079614813079,1.5904424851076395,8.995818565093753,-10.529472781886641,10.549970224298018,43,7,19,0.942082551485096,14.668017124373343,23.625359456738945,0
2015000002097-3534501,worker_student,female,42.0,12.852938300581148,14.901308977178054,-1.6991012954470857,1.6991012954470857,9.323554765719013,-10.880326683971072,10.880326683971072,43,4,16,0.9435807391761909,17.2173375670161,23.625359456738945,0
2015000002097-3898501,worker_student,female,42.0,15.739220238191383,17.492170224909962,-2.4256034610936585,2.4256034610936585,11.553327119063823,-13.627678040473622,13.627678040473622,42,11,27,0.9391555330109608,12.925346676948177,27.486704932035625,0
2015000002097-3898601,worker_student,female,42.0,16.21895142493243,18.253235233003227,-0.2752703137738358,0.279453169648657,4.624147394195681,-1.6484630958876973,1.6713355206262042,14,4,10,1.8779075600641306,2.2140965709841183,3.489442681723936,0
2015000002097-3898701,worker_student,female,42.0,17.409810129306727,19.90409053319546,-0.29860345154521795,0.29860345154521795,7.896831321505813,-1.4580757990467696,1.4580757990467696,9,5,13,1.6107718799120754,2.0394083051386698,3.4192413998992306,0
2015000002097-3898801,worker_student,female,42.0,17.327340990358437,20.50926898189271,-0.16694186408515038,0.21625624686201403,7.344784483246089,-0.7997808428844403,1.0376082726692386,9,6,10,0.9391353969407843,1.9874543967335832,4.162993727075313,0
2015000002097-3898901,worker_student,female,42.0,16.21895142493243,18.253235233003203,-0.10829817462646026,0.17478222075681474,4.808270220646955,-0.6209859450326073,0.9814443235238821,11,5,14,0.9416643946174279,1.711700677320702,2.5548567543390424,0
2015000002097-3899001,worker_student,female,42.0,17.409810129306727,19.90409053319546,-0.22702050946980618,0.22702050946980618,6.0862152591995695,-1.1632878150579338,1.1632878150579338,10,7,14,0.9389692740826978,1.654327403590401,1.9414793746418015,0
2015000002097-3899101,worker_student,female,42.0,17.409810129306727,19.904090533195447,-0.2100600701361228,0.2100600701361228,6.9935457880546466,-1.023088909128863,1.023088909128863,14,5,12,0.9389692740826978,1.5667358002074094,2.8171258094763925,0
2015000002097-3899201,worker_student,female,42.0,17.409810129306727,19.90409053319544,-0.3693582573698566,0.3693582573698566,7.896831321505813,-1.8194126694493822,1.8194126694493822,11,6,16,1.6107718799120754,2.0461358905763993,3.4192413998992306,0
2015000002097-3899301,worker_student,female,42.0,17.409810129306727,19.904090533195447,-0.20037770823885212,0.20037770823885212,6.9935457880546466,-0.9707784656346705,0.9707784656346705,7,5,10,0.9389692740826978,1.6483787799036276,2.8171258094763925,0
2015000002097-801,worker_student,female,42.0,15.34833518270419,17.71048953014638,-1.690178387189689,1.690178387189689,9.294369528926616,-9.496961473357086,9.496961473357086,35,6,19,0.9361268369142477,16.978459860125646,27.58367858890916,0
2015000002097-901,worker_student,female,42.0,14.647795369190954,17.33393391032231,-2.0796478590229848,2.0796478590229848,10.908019467152714,-11.595938720125806,11.595938720125806,36,7,21,0.943093379307347,19.390160748931443,29.856404210194267,0
2015000002260-1176401,retired,female,69.0,6.894517290878602,7.983138017011053,0.010912861998848953,0.01778513158590841,0.8035438203732062,0.1502363332828436,0.2466979429188696,7,3,6,0.9700714310143044,1.9639784742818145,3.937463358077203,0
2015000002260-301,retired,female,69.0,7.8063163296245754,9.734678166910557,-0.08439217299811423,0.08439217299811423,1.1764826751989688,-0.843484266854371,0.843484266854371,20,3,17,0.9702041797853359,1.1283358151511862,1.940462153159842,0
2015000002260-4144401,retired,female,69.0,6.0023650695339,6.958033119497941,0.04812006723097979,0.04812006723097979,2.3447764865561345,0.7785895197102659,0.7785895197102659,4,2,6,0.9618267572204883,1.2978356042444785,1.9698532982924593,0
2015000002260-5578301,retired,female,69.0,7.425964891153756,8.626393889923511,0.036089625752708875,0.0517597467537673,1.9224691399325593,0.4015055595699973,0.5914126738456802,16,9,14,0.9618268156771453,1.844682794229921,5.488748824187846,0
2015000002260-5578401,retired,female,69.0,7.425964891153756,8.626393889923529,0.024710714295875316,0.024710714295875316,1.9224691399325593,0.3059868604445988,0.3059868604445988,5,3,5,0.9848401334196615,1.765996731756357,2.6070697708949826,0
2015000002338-1765101,worker_only,male,24.0,9.031489179373729,11.550507995231285,-1.4157733660642422,1.4157733660642422,13.867642581616776,-10.830399159075787,10.830399159075787,57,13,32,0.9417608930660843,13.231058482780655,43.32296502888924,0
2015000002338-1765102,homemaker,female,24.0,9.031489179373729,11.550507995231277,-0.09271780287602102,0.2119596464780195,1.8571325875720426,-1.049290784085669,1.890299946644624,45,17,36,0.9445849577339929,1.7467471856812524,3.4473670097750024,0
2015000002338-1765103,youth__age_under05,male,1.0,9.031489179373729,11.55050799523129,-0.1607567849556462,0.161478243746305,1.7062769479846178,-1.433845275741462,1.4414775508820017,38,13,30,0.944886638516322,1.7847327874795327,4.359898732071817,0
2015000002338-1925001,worker_only,male,24.0,7.67529843557945,10.738437090671933,-0.9782896853775902,0.9826255456474032,13.105778322876805,-6.693124739034778,6.749337028689917,31,6,18,0.9722445877299489,25.213388878945807,44.6055193208894,0
2015000002338-1925002,homemaker,female,24.0,7.67529843557945,10.738437090671928,0.017134603559711376,0.02904818246066104,2.4558947577798307,0.1814920646411455,0.26495187950995847,15,8,17,0.9447963030507404,1.6184237126778227,1.9482655708792236,0
2015000002338-1925003,youth__age_under05,male,1.0,7.67529843557945,10.738437090671926,0.013600895573475097,0.013703706411602493,0.5151841884804327,0.16411108451893489,0.16458233545786186,19,5,10,0.9470512063240946,1.2768688956812353,1.8943058540225748,0
2015000002338-2537601,worker_only,male,24.0,7.853708276600335,10.56122167854123,-1.2186112134222356,1.3404058871567006,13.022122034761836,-8.731729354095801,10.201911512663111,68,17,32,0.9418629524152878,13.264428794072613,41.64291464778972,0
2015000002338-2537602,homemaker,female,24.0,7.853708276600335,10.56122167854123,0.1833041337587813,0.2543293356346492,2.212242091588771,1.7774178475727869,2.5188598280969554,61,15,34,0.9447963030507404,1.86677181713486,5.235809280922051,0
2015000002338-2537603,youth__age_under05,male,1.0,7.853708276600335,10.561221678541234,0.19978753715215744,0.24809641154881218,2.4609709880994775,2.4226296252710706,2.7806010104855816,46,15,34,0.9446754553985854,1.931650640846983,5.235809280922051,0
2015000002338-2537701,worker_only,male,24.0,7.853708276600335,10.56122167854124,-2.132994357790397,2.199499455326049,14.368129352777324,-16.2713121957175,16.962528702539924,77,10,26,0.9445423949987739,21.094551776348247,45.54269938595672,0
2015000002338-2537702,homemaker,female,24.0,7.853708276600335,10.561221678541235,0.29391815824044254,0.3013638105947658,1.7404181228366866,3.2404530169581025,3.2992725873447086,60,11,35,0.9449170707731938,1.663400535874775,3.389838275867092,0
2015000002338-2537703,youth__age_under05,male,1.0,7.853708276600335,10.56122167854124,0.15069051284498952,0.17578401196146815,1.5631245568031584,1.2638166435728047,1.545972160129492,35,15,32,0.9447963030507404,1.616887378040677,5.235809280922051,0
2015000002338-3288901,worker_only,male,24.0,7.582323098191714,10.779328712814168,-1.0453785110261478,1.0491956320943592,10.472327070488792,-7.596131121478155,7.632529659043476,38,7,17,0.9437839941509123,29.490855116233593,50.31597697831492,0
2015000002338-3288902,homemaker,female,24.0,7.582323098191714,10.779328712814147,-0.032609321593393664,0.07152543788519962,2.186829949050459,-0.5093830576813769,0.8530839352310668,9,6,10,0.9740916037382412,11.31926401831259,49.87110894659887,0
2015000002338-3288903,youth__age_under05,male,1.0,7.582323098191714,10.779328712814147,0.008191406140446191,0.02989271147327296,1.5066564366293953,0.021115444767626588,0.2748074132360561,21,4,10,0.9740916037382412,1.6119500755883258,1.948186031356251,0
2015000002338-3289001,worker_only,male,24.0,8.299572733242726,11.83272931782562,-1.3861410590986483,1.3861410590986483,14.4226049444199,-8.385924556197846,8.385924556197846,37,10,21,1.6638060711651226,24.868295402942312,50.387147347188886,0
2015000002338-3289002,homemaker,female,24.0,8.299572733242726,11.832729317825624,-0.046547908427856874,0.04745990028160017,1.0824516798320154,-0.4285794013726764,0.4377453092359292,14,7,12,0.9448266950684698,1.3402575137622517,1.948254365209611,0
2015000002338-3289003,youth__age_under05,male,1.0,8.299572733242726,11.83272931782562,0.025046854082107765,0.07967887793221376,1.5430842862243423,0.2882294025865574,0.736467666856882,11,4,12,0.9741257591287205,1.5492051983720303,1.894372289935654,0
2015000002338-3289101,worker_only,male,24.0,8.299572733242726,11.832729317825622,-1.2162031470360501,1.2162031470360501,13.37630321199434,-7.543317487882693,7.543317487882693,32,7,18,0.9406414485733707,29.854794304422757,54.01867273495786,0
2015000002338-3289102,homemaker,female,24.0,8.299572733242726,11.832729317825624,-0.13642713880090696,0.15562389334857848,3.2707776742146537,-1.441608045403798,1.6729061515193302,17,5,11,1.6730450534009418,10.298087227939096,48.777073129456404,0
2015000002338-3289103,youth__age_under05,male,1.0,8.299572733242726,11.832729317825622,-0.052364717689471846,0.06644553020605284,2.4703242522946844,-0.3669053631958193,0.4805822552352356,14,7,16,0.9470844877399547,1.4717726181350814,1.948254365209611,0
2015000002338-4033401,worker_only,male,24.0,7.853708276600335,10.561221678541234,-1.6942912074296244,1.7328506228230949,13.519830228522553,-12.933677556807174,13.314661462483842,71,19,33,0.9416684212022314,13.995267131406198,41.82094887719903,0
2015000002338-4033402,homemaker,female,24.0,7.853708276600335,10.561221678541235,0.17076871342100783,0.2315756917606397,3.9585811735438448,1.2355309903068699,1.6864408538020852,46,12,31,0.9448467029871381,1.5679885381897134,3.2441859723355857,0
2015000002338-4033403,youth__age_under05,male,1.0,7.853708276600335,10.561221678541225,0.12048315102443799,0.17105326383770184,1.5631245568031584,1.5083212725674513,1.8362713372488249,34,16,30,0.9449170707731938,1.6502320988518657,5.235809280922051,0
2015000002338-4091701,worker_only,male,24.0,8.9451958254943,11.89376474531048,-1.7019277752731437,1.7019277752731437,15.491678937058163,-13.683630193565138,13.683630193565138,65,18,35,0.9416269018795668,13.069783507376153,44.44935403820022,0
2015000002338-4091702,homemaker,female,24.0,8.9451958254943,11.89376474531048,-0.23862504881153068,0.2605815544285441,2.239261927648558,-2.196135773536095,2.401847892009526,52,16,36,0.9448162778334435,1.4978230722956387,2.834962180807432,0
2015000002338-4091703,youth__age_under05,male,1.0,8.9451958254943,11.89376474531048,-0.18730605573173173,0.1977241950883649,2.091050468254677,-1.6790092677883894,1.7657876776923118,29,11,26,0.9449370315210045,1.7848607649286237,3.3896201957393304,0
2015000002338-4091801,worker_only,male,24.0,8.9451958254943,11.893764745310481,-1.8173081044413606,1.8173081044413606,16.39279299288912,-13.425469445405064,13.425469445405064,56,19,33,0.9415758497015405,14.390154455132633,44.25317717513261,0
2015000002338-4091802,homemaker,female,24.0,8.9451958254943,11.893764745310493,-0.18436721493156938,0.24986134364171705,2.091050468254677,-1.6367205572732135,2.3000640820019083,54,14,32,0.944886638516322,1.922132550103388,6.561763846600658,0
2015000002338-4091803,youth__age_under05,male,1.0,8.9451958254943,11.89376474531048,-0.24943380279061517,0.2611649260490841,1.9718487085356102,-2.3046068478949504,2.3593039722577767,43,14,29,0.9447963030507404,1.6741743829879139,3.3385604571802325,0
2015000002338-4233901,worker_only,male,24.0,8.9451958254943,11.893764745310492,-2.051292792869469,2.051292792869469,13.232777804909961,-15.150394660103055,15.150394660103055,70,15,28,0.9414847402974007,16.5628638675691,43.91250196037065,0
2015000002338-4233902,homemaker,female,24.0,8.9451958254943,11.893764745310481,-0.26127135797734863,0.35074491478741204,3.4257666546780925,-2.2639931094707926,2.6548798198400414,48,14,28,0.9449370315210045,1.688787540901311,4.082361570499679,0
2015000002338-4233903,youth__age_under05,male,1.0,8.9451958254943,11.893764745310483,-0.32242743274166547,0.3307692576597211,2.764229499475169,-2.5318576570376865,2.62343772890183,54,14,33,0.9449370315210045,1.6890457827686156,5.668566304553146,0
2015000002338-4349401,worker_only,male,24.0,9.594126399437021,12.210827420647282,-1.948415367476254,1.948415367476254,14.56371555457576,-15.416783465744027,15.416783465744027,69,17,30,0.9416269018795668,16.02757220346559,47.586052481509405,0
2015000002338-4349402,homemaker,female,24.0,9.594126399437021,12.210827420647295,-0.34782354589904224,0.3991722620496499,2.432428422136719,-3.4221257975397377,3.6737260516819075,47,12,32,0.9448970832522497,2.1122085149528056,4.30698440724739,0
2015000002338-4349403,youth__age_under05,male,1.0,9.594126399437021,12.210827420647293,-0.17282016684774842,0.24397517065783253,2.0566444180822394,-1.5447249086879806,2.093512446654622,41,19,32,0.944886638516322,2.182296109080444,4.087295236673616,0
2015000002338-4349501,worker_only,male,24.0,8.467032968391248,11.191180889145434,-2.020021255287782,2.0778096375907755,13.286236061032545,-15.215554936596126,15.76557692964388,91,15,31,0.9417098345238535,15.439020167978818,46.66631065335364,0
2015000002338-4349502,homemaker,female,24.0,8.467032968391248,11.191180889145445,0.002197696130265521,0.19155703100042412,3.1918120788843645,-0.34086454833224683,1.6108910579940332,40,13,30,0.9448970832522497,1.8321596002254685,4.360595889637371,0
2015000002338-4349503,youth__age_under05,male,1.0,8.467032968391248,11.191180889145429,-0.03906377956069013,0.17641680966642234,3.1918120788843645,-0.5374942603481421,1.756828408233881,34,10,26,0.9449674377310047,1.9418386017888365,6.487441219942726,0
2015000002338-4349601,worker_only,male,24.0,8.838021325347388,11.50923095695761,-2.0878991193293377,2.2333956239140726,15.463990135453587,-14.890776685424042,16.28068143079856,64,20,33,0.9444903366154165,14.790283711837848,47.679845966152264,0
2015000002338-4349602,homemaker,female,24.0,8.838021325347388,11.50923095695762,-0.052734410856177465,0.1502861707985613,2.24590177940291,-0.4797493500695986,1.4954020210756531,39,14,27,0.9472545785239694,2.3798400875340824,5.669410877269877,0
2015000002338-4349603,youth__age_under05,male,1.0,8.838021325347388,11.50923095695762,-0.0036789937141503163,0.27462605768849524,2.511606275120725,-0.08685080810548931,2.8121830249597637,46,17,25,0.9449170707731938,2.144114326277002,4.959982319614843,0
2015000002338-4349701,worker_only,male,24.0,9.594126399437021,12.210827420647293,-1.5482714355272316,1.5482714355272316,13.394706611362505,-12.862142210453275,12.862142210453275,56,13,27,0.9415662720125199,18.304640642299532,48.50305797957602,0
2015000002338-4349702,homemaker,female,24.0,9.594126399437021,12.210827420647293,-0.2221939465556113,0.4116857521241677,2.9146958474906377,-2.446427165992383,3.496519717039505,55,20,34,0.9450880924222235,2.223134744448919,5.291292409966579,0
2015000002338-4349703,youth__age_under05,male,1.0,9.594126399437021,12.21082742064729,-0.12781707833010195,0.24314351324350114,2.432428422136719,-1.2349192667915425,2.348082089957909,34,12,25,0.9450577051865411,2.24813935801522,4.960314376079558,0
2015000002338-4349801,worker_only,male,24.0,8.467032968391248,11.191180889145434,-2.0500583149772837,2.1485518429341575,13.021718283427006,-15.53152977027045,16.592225394358508,99,19,31,0.9417912261609387,14.696893765620864,43.928390474528356,0
2015000002338-4349802,homemaker,female,24.0,8.467032968391248,11.191180889145445,-0.09136115807217071,0.2851442153148883,2.6665762544561424,-1.386427000101584,2.67304027826617,67,12,29,0.9448266950684698,2.069029873284602,5.236613614916234,0
2015000002338-4349803,youth__age_under05,male,1.0,8.467032968391248,11.19118088914544,0.053890281366989534,0.19564419826503757,3.1918120788843645,0.5025461146819443,2.0774228994351533,33,12,21,0.9448666841382395,1.5906987543908493,4.724585185296606,0
2015000002338-4515601,worker_only,male,24.0,9.25273082364681,12.904641599172574,-0.6546091741254326,0.6981369379950603,9.794096488547083,-3.7667408255910058,4.194318982579428,63,16,31,0.9427200784823484,10.828179196598814,30.2032457387465,0
2015000002338-4515602,homemaker,female,24.0,9.25273082364681,12.904641599172594,-0.5546582130859566,0.5791128502329345,6.790107356476923,-3.703867222501552,3.947940872904745,48,13,32,0.9449170707731938,1.4685442381686982,2.8415604325465442,0
2015000002338-4515603,youth__age_under05,male,1.0,9.25273082364681,12.904641599172587,-0.3404429492481457,0.3404429492481457,5.065081626957596,-3.0618288401560534,3.0618288401560534,36,12,31,0.9448666841382395,1.6257886284830556,4.31379653305578,0
2015000002338-4664201,worker_only,male,24.0,8.467032968391248,11.19118088914544,-1.9392723269943999,2.0101640021236045,14.134535185287316,-14.757423398577496,15.55684082106103,75,17,29,0.9416476747864119,16.153575021103666,45.92974993556539,0
2015000002338-4664202,homemaker,female,24.0,8.467032968391248,11.191180889145441,0.029982916280837362,0.20701648235845468,4.776189853200103,-0.0034398429250785184,1.8596171849015715,39,14,33,0.9448666841382395,1.8188170670322676,5.129927093569594,0
2015000002338-4664203,youth__age_under05,male,1.0,8.467032968391248,11.191180889145448,0.0031167238178526676,0.23989173987548507,3.1918120788843645,0.007763964615075844,2.39875655186827,51,14,34,0.9448467029871381,1.8612243000676352,4.306653008806046,0
2015000002338-536701,worker_only,male,24.0,8.9394702123559,11.716428464909095,-0.5783868807069303,0.5998736167340784,11.498539007112049,-4.220293978024785,4.460652025165539,23,5,16,0.9443124337170754,29.067854301462628,45.44151279470564,0
2015000002338-536702,homemaker,female,24.0,8.9394702123559,11.7164284649091,-0.04952703633135621,0.125342893169083,1.424214849957389,-0.3719567749734346,1.189671713697931,23,7,14,0.9444535374849667,1.9810217261052065,3.388384793017754,0
2015000002338-536703,youth__age_under05,male,1.0,8.9394702123559,11.716428464909095,-0.03448362702019595,0.03781172485017517,2.682644257989537,-0.3339880952672279,0.36955891723407014,10,6,11,0.9444535374849667,2.0038656124426137,5.235354433012898,0
2015000002338-724901,worker_only,male,24.0,8.194002720310355,11.314470750308233,-1.3551871873704582,1.3551871873704582,12.76636884379214,-9.154658093890669,9.154658093890669,44,4,16,0.9719888223933412,30.502659374435197,48.5272329156282,0
2015000002338-724902,homemaker,female,24.0,8.194002720310355,11.314470750308226,-0.010394639951065857,0.018403071025767787,1.1198514417952268,-0.11455280368240013,0.20278048871043763,6,4,7,1.6690048382817313,14.373582351586132,46.53270246505066,0
2015000002338-724903,youth__age_under05,male,1.0,8.194002720310355,11.314470750308228,-0.008518110937269206,0.04925368934955341,1.5513311329783477,-0.040228828841738784,0.5326946612247079,15,6,15,0.9447763015020347,1.4180205273636868,1.9481232038492586,0
2015000002338-897101,worker_only,male,24.0,8.194002720310355,11.31447075030822,-1.2381648640801355,1.2381648640801355,12.905574757370436,-8.96090791016539,8.96090791016539,49,6,18,0.9715972173736742,38.13227913547669,57.516374436508364,0
2015000002338-897102,homemaker,female,24.0,8.194002720310355,11.314470750308216,0.016973559763166664,0.07165850380626067,2.2845596205247993,0.15745241999513443,0.6603586240604142,14,8,14,0.9447458834541467,1.872462455398825,4.193791073442989,0
2015000002338-897103,youth__age_under05,male,1.0,8.194002720310355,11.314470750308223,-0.017409094373586446,0.02915892888994406,0.9869860993740396,-0.12609299052510506,0.2682296930927215,9,4,11,0.9470000218949077,1.5094343852512244,1.8940678825280108,0
2015000002338-897201,worker_only,male,24.0,8.194002720310355,11.31447075030823,-1.1724976887902667,1.1737451571969824,10.3593771925493,-7.819064342276552,7.834154856584733,59,7,18,0.9403650873854077,31.673293214272324,57.07686188540122,0
2015000002338-897202,homemaker,female,24.0,8.194002720310355,11.31447075030823,0.0014157542886742795,0.05158680009516417,4.452214568242429,-0.06850229434182761,0.29926225768465003,6,4,9,1.6690048382817313,2.0025333714085107,3.5065373734856222,0
2015000002338-897203,youth__age_under05,male,1.0,8.194002720310355,11.314470750308221,-0.012599036038908572,0.01716916881636547,0.9092634100951749,-0.09915260210775817,0.14802045664370173,13,6,14,0.9447763015020347,1.6772148362492474,2.479693427348697,0
2015000002338-897301,worker_only,male,24.0,8.194002720310355,11.31447075030822,-1.3422459844405101,1.3422459844405101,13.073109795715245,-10.02535887463855,10.02535887463855,47,6,20,0.9408578810794291,29.627752580407154,49.707379291747486,0
2015000002338-897302,homemaker,female,24.0,8.194002720310355,11.314470750308224,0.02643963147730939,0.05996867486863112,2.570735295992659,0.1454769259163245,0.48226841048365204,12,6,14,0.9446954442087486,1.2320579149477369,1.9481232038492586,0
2015000002338-897303,youth__age_under05,male,1.0,8.194002720310355,11.314470750308221,0.005025715735627849,0.03479392059090189,0.9869860993740396,0.11405245174366645,0.36122551049512636,16,7,16,0.9447763015020347,1.704287530388504,2.479693427348697,0
2015000002338-897401,worker_only,male,24.0,8.194002720310355,11.314470750308226,-0.5472246963693133,0.5472246963693133,10.27963741549431,-4.102675978951562,4.102675978951562,33,7,19,0.9447963030507404,30.151305133244357,57.288802956875536,0
2015000002338-897402,homemaker,female,24.0,8.194002720310355,11.31447075030823,0.00023215741297200583,0.07359118434729554,2.2845596205247993,-0.08101105138728533,0.6687392968707515,17,7,14,0.9470000218949077,1.9297286206864825,4.193791073442989,0
2015000002338-897403,youth__age_under05,male,1.0,8.194002720310355,11.314470750308217,-0.025897398484962846,0.03764645415341463,1.8658679491370407,-0.13989203813780737,0.26882615318446024,8,6,11,1.621739780336316,1.9625103486352524,3.3843354680650175,0
2015000002338-897501,worker_only,male,24.0,8.194002720310355,11.314470750308216,-1.4509385747152233,1.4657691559504347,12.929406064246262,-8.99816209368038,9.136199892939883,48,8,19,0.9411764238046149,24.682315361440708,46.096227587104416,0
2015000002338-897502,homemaker,female,24.0,8.194002720310355,11.314470750308226,-0.018871079391360963,0.018871079391360963,0.5711996124985514,-0.1921977014707531,0.1921977014707531,8,3,6,0.9469321485972019,1.487579937153843,1.8940678825280108,0
2015000002338-897503,youth__age_under05,male,1.0,8.194002720310355,11.314470750308214,-0.0810510317544526,0.09544467872121573,3.14985578161685,-0.4076982398287592,0.5416692096173885,14,8,14,0.9447458834541467,1.5982536893514094,1.9481120006329664,0
2015000002353-1131501,worker_only,male,31.0,4.956870009146824,7.142366422725762,-0.25684469173193325,0.28128931371661503,3.6381527888583243,-3.149984960194071,3.5247244427943913,52,3,14,1.8876368637344585,10.382915413528169,13.512505795312476,0
2015000002353-1131502,homemaker,female,30.0,4.956870009146824,7.142366422725768,0.011270879264793374,0.024820731782142162,0.8672948343420073,0.21131672140859803,0.40180214136314774,7,4,8,0.943852869583546,3.2658904703541167,8.61707177498544,0
2015000002353-1131503,youth__age_under05,female,4.0,4.956870009146824,7.142366422725762,-0.003301063051847847,0.03901791202909495,0.809233355246656,-0.07254359611462664,0.5604256840807257,18,6,15,0.9408578810794291,1.3548161990581706,2.558012838797249,0
2015000002353-1131504,youth__age_under05,male,2.0,4.956870009146824,7.142366422725778,-0.0004500524273980717,0.020801912311321457,0.6289580372249999,0.02053400143192368,0.32321208106969196,11,5,11,0.9409811973043889,1.403066696428744,1.943988257004663,0
2015000002353-1131505,youth__age_under05,male,0.0,4.956870009146824,7.1423664227257735,-0.006254211930682334,0.014297702709756891,0.8076310503053525,-0.06413680067099356,0.2145045945447237,7,5,11,0.943852869583546,1.6259034350714061,2.8225110650634107,0
2015000002353-1666201,worker_only,male,31.0,4.8187665409498495,6.79613588367654,-0.13673506852986744,0.17126820807092985,2.9222397901412034,-1.700756702906275,2.2540600852747663,39,4,16,1.6643999008762118,6.818141871320611,9.98162757339896,0
2015000002353-1666202,homemaker,female,30.0,4.8187665409498495,6.796135883676543,0.03932595053295604,0.0438382863197197,0.931896295401093,0.7110912998882416,0.7776949932072778,11,4,10,0.9720650065178529,2.996142484678657,8.344835129121869,0
2015000002353-1666203,youth__age_under05,female,4.0,4.8187665409498495,6.79613588367655,0.01995837917954206,0.031084743002919836,1.0273021964296518,0.2964680491808278,0.47747902773203726,13,5,15,0.9720650065178529,1.6241043075718495,2.5316502876273193,0
2015000002353-1666204,youth__age_under05,male,2.0,4.8187665409498495,6.796135883676543,0.04716668902608809,0.05413727227981654,1.2199308387347472,0.6960641396210092,0.8002937772044374,17,8,17,0.9439572622971298,1.6938309750287548,2.5320102847121557,0
2015000002353-1666205,youth__age_under05,male,0.0,4.8187665409498495,6.7961358836765475,0.030614656553478718,0.03603389632836179,1.0669064522085625,0.48364975167502766,0.5453629641138017,11,4,13,0.9439572622971298,1.5535731936429948,1.8881209378622605,0
2015000002353-2988701,worker_only,male,31.0,4.436580444689137,5.530684174004348,0.6378782762738068,0.653867816142794,5.221005570836278,11.22467055324194,11.545697403307868,72,17,29,0.9433363965226683,6.564614994785537,17.45047785220582,0
2015000002353-2988702,homemaker,female,30.0,4.436580444689137,5.530684174004343,0.008494067134816284,0.016611401422455856,0.8629717681126667,0.1499804507094336,0.3046441790222249,10,7,16,0.9723405190035368,1.6607002242535271,3.329878941241822,0
2015000002353-2988703,youth__age_under05,female,4.0,4.436580444689137,5.530684174004345,-0.004582862624325829,0.013601117309196822,0.545318963955955,-0.087914696235503,0.23466061160312027,12,6,14,0.941462339080714,1.431680684853152,1.944692069609799,0
2015000002353-2988704,youth__age_under05,male,2.0,4.436580444689137,5.530684174004342,0.002064251034599301,0.00824782760729976,0.3782762797802146,0.024115914777925105,0.15026758697468892,6,5,9,0.941462339080714,1.6065009044365886,2.564519529217433,0
2015000002353-2988705,youth__age_under05,male,0.0,4.436580444689137,5.530684174004355,-0.0011628529544237542,0.013932768964637042,0.44387598689961383,-0.030130710203954403,0.27527172622309,9,5,10,0.9445423949987739,1.622580812880246,2.564519529217433,0
2015000002353-2988801,worker_only,male,31.0,4.276336787129025,5.2826093103787235,0.9030262808454714,0.9076662612108004,7.132883421570156,16.605235178979484,16.704510688551537,64,15,34,0.9400811345265406,6.582458397893012,19.75600184175633,0
2015000002353-2988802,homemaker,female,30.0,4.276336787129025,5.2826093103787235,0.005589868370892153,0.005754488097108836,0.20260431952164915,0.1064802564534949,0.10965908900219346,11,5,11,0.9415550567065392,3.6873905891663425,14.32000611871099,0
2015000002353-2988803,youth__age_under05,female,4.0,4.276336787129025,5.282609310378723,0.008949526628815626,0.014488356152351287,0.7309190647945245,0.1862991286018608,0.2865149965197838,9,5,12,0.9414831786321963,1.275933440141963,1.9446847302997348,0
2015000002353-2988804,youth__age_under05,male,2.0,4.276336787129025,5.282609310378722,0.00896969276132644,0.009693508022662107,0.4941587576806441,0.16133937105122861,0.17531635646396096,7,4,8,0.9444903366154165,1.528663306361784,1.889186333740391,0
2015000002353-2988805,youth__age_under05,male,0.0,4.276336787129025,5.282609310378722,-0.0004418912886432533,0.005096938234892408,0.20751760165206612,-0.00497539966031546,0.09524046825760751,7,5,12,0.9414831786321963,1.229304317332157,1.883181958586107,0
2015000002353-341201,worker_only,male,31.0,5.034750302216119,5.916683669249808,0.27697122755587333,0.2957020517943494,3.805034402441617,4.442218456393675,4.784391579201565,40,4,15,1.6707193918996888,9.952870035866646,15.87593262125076,0
2015000002353-341202,homemaker,female,30.0,5.034750302216119,5.916683669249811,0.05688312619635112,0.06641313193327948,1.4348892043621353,0.9876920751120806,1.150152198336754,15,7,14,0.9450570981127747,4.630360196358532,21.294856937610664,0
2015000002353-341203,youth__age_under05,female,4.0,5.034750302216119,5.916683669249813,0.018356506982123016,0.02627035918743239,1.3939695228299023,0.26544936526051616,0.4156337726245023,10,6,13,0.9420045456575954,1.238845547879683,1.8840807933791177,0
2015000002353-341204,youth__age_under05,male,2.0,5.034750302216119,5.91668366924981,0.02526343498593537,0.05657129407369658,1.0782374473832244,0.5338400310657311,1.0271716325185523,15,6,15,0.9420045456575954,1.4165349533252845,2.47198364292327,0
2015000002353-341205,youth__age_under05,male,0.0,5.034750302216119,5.916683669249814,0.030472946062010238,0.03167132068097961,0.9981534607549651,0.5618743188152001,0.5792717358588045,11,6,12,0.9419119727427622,1.7317581941723945,2.559657818657902,0
2015000002353-3663301,worker_only,male,31.0,5.178800854646991,5.865773441103576,0.1634796877465522,0.2664366958264188,4.076850442238359,2.629938483818304,4.314742695154231,41,5,16,1.6651888806205726,9.573598035687704,16.055162599313526,0
2015000002353-3663302,homemaker,female,30.0,5.178800854646991,5.865773441103575,-0.021144221430775607,0.03630824717118865,1.2065018406412493,-0.40977680782497683,0.6719536207120368,8,3,6,0.9725841507696699,7.62668430010088,19.962304301754468,0
2015000002353-3663303,youth__age_under05,female,4.0,5.178800854646991,5.865773441103576,-0.005863599669637966,0.012463241479743536,0.5291555827897669,-0.11339109290698822,0.21665312857580254,9,6,13,0.9725841507696699,1.555388652404189,1.9451796815844598,0
2015000002353-3663304,youth__age_under05,male,2.0,5.178800854646991,5.865773441103577,0.0044273426861223585,0.012557356488025199,0.2792873836223997,0.061782439654434945,0.20738962308262257,13,4,13,1.6651888806205726,2.0533964996288683,2.5245777722747444,0
2015000002353-3663305,youth__age_under05,male,0.0,5.178800854646991,5.865773441103581,0.0032192117627539867,0.019501015418913522,0.4708594162208479,0.07225996995427324,0.3374572415659519,12,5,14,0.9450379007906798,1.3225395369518063,1.8836502841113225,0
2015000002353-3663401,worker_only,male,31.0,5.494077931193975,6.192213828971667,0.3001552541860984,0.37961565931143665,5.870281846276963,4.53832851781664,5.8884372526741595,36,6,17,0.9450379007906798,6.965284144528177,12.187484065759202,0
2015000002353-3663402,homemaker,female,30.0,5.494077931193975,6.192213828971667,-0.008296613392764647,0.008296613392764647,0.4071623169326566,-0.1352369162458208,0.1352369162458208,5,3,10,0.9418911083862086,1.0884771825531703,1.6653811020076024,0
2015000002353-3663403,youth__age_under05,female,4.0,5.494077931193975,6.192213828971667,-0.012209519269212675,0.02289774065345007,0.8978105962759413,-0.1767379026694911,0.3609284532339664,7,5,11,0.9450379007906798,1.5044161966545808,2.534083887072309,0
2015000002353-3663404,youth__age_under05,male,2.0,5.494077931193975,6.192213828971667,-0.004611029860333206,0.04122038619785759,0.8978105962759413,-0.03321350218102223,0.6888673025459751,14,7,16,0.9418610425585697,1.5616860961106707,2.9178433110859814,0
2015000002353-3663405,youth__age_under05,male,0.0,5.494077931193975,6.192213828971671,-0.008985538367466909,0.01500628750077828,0.33847010735720406,-0.13614926716608597,0.23943858565190226,15,5,12,0.9418911083862086,1.412873992853715,2.4717380200603984,0
2015000002353-3663501,worker_only,male,31.0,5.549742764786649,6.420232289145353,-0.07840305138629636,0.09694527428715395,1.423023387875312,-1.1637416385906378,1.497851230453324,27,3,11,0.9419420128507295,7.882978667474206,11.977013020492068,0
2015000002353-3663502,homemaker,female,30.0,5.549742764786649,6.420232289145359,-0.0025143584898953304,0.038183262295525856,0.8068740639055028,-0.03535912667282715,0.6005419393935351,17,8,16,0.9418702175310157,1.6600224368300116,3.2335732746132106,0
2015000002353-3663503,youth__age_under05,female,4.0,5.549742764786649,6.420232289145356,-0.015558269128787851,0.015558269128787851,1.110384709753216,-0.24324232325248873,0.24324232325248873,7,6,10,0.9419119727427622,1.7176126540940466,2.5344876476188127,0
2015000002353-3663504,youth__age_under05,male,2.0,5.549742764786649,6.420232289145356,-0.0102272458984167,0.011417497242671224,0.6063899672280879,-0.1716276527973742,0.1887950757462833,8,5,11,0.9418493001847342,2.037891262212715,3.8904340943459785,0
2015000002353-3663505,youth__age_under05,male,0.0,5.549742764786649,6.420232289145358,-0.013508623154880703,0.014698874499135227,0.5462272039792095,-0.2179105377273177,0.2350779606762268,10,5,11,0.9418493001847342,1.397750598291915,1.6706201316923834,0
2015000002353-3754201,worker_only,male,31.0,4.688385432607701,5.47225691853684,0.6411202278432843,0.6411202278432843,3.9876656341566257,11.417103340386536,11.417103340386536,49,2,14,20.424166786636302,21.730931860068498,21.948726038973863,0
2015000002353-3754202,homemaker,female,30.0,4.688385432607701,5.472256918536838,0.016435219224496152,0.016435219224496152,1.0041409621234223,0.27532507195943,0.27532507195943,8,4,9,0.9417892415527527,5.49390987955562,21.162454873960932,0
2015000002353-3754203,youth__age_under05,female,4.0,4.688385432607701,5.472256918536836,0.011507969519039932,0.011507969519039932,0.9675191097041109,0.20100557161052943,0.20100557161052943,8,4,7,0.9449695747249712,1.6950250321019413,2.4719577773707826,0
2015000002353-3754204,youth__age_under05,male,2.0,4.688385432607701,5.47225691853684,0.0536704349281588,0.05387759551938057,0.9675191097041109,0.9089046947802023,0.9128619484781325,16,7,14,0.972553733204514,2.0323158071959435,3.495824188023755,0
2015000002353-3754205,youth__age_under05,male,0.0,4.688385432607701,5.472256918536836,0.013083390646377101,0.013083390646377101,0.9675191097041109,0.21671642741578992,0.21671642741578992,13,5,9,0.9417892415527527,1.559342774812372,1.9451112064814413,0
2015000002353-3754301,worker_only,male,31.0,4.926426280932193,5.5853282310212125,0.11683810082837978,0.14712324045813865,3.3295996264209453,1.9885974977674996,2.599671423032788,42,6,17,0.97259172236351,7.491956802177302,12.279048035939896,0
2015000002353-3754302,homemaker,female,30.0,4.926426280932193,5.585328231021211,0.004553518990772075,0.007715153519479368,0.3445283676493798,0.06924795879506028,0.13214056583820769,6,4,8,0.944953194756728,1.5959502623625526,1.8898380081793256,0
2015000002353-3754303,youth__age_under05,female,4.0,4.926426280932193,5.585328231021204,7.442473814754988e-05,0.011125653300397477,0.4378258052109736,0.008795156862972083,0.2007283630604511,11,5,13,0.97259172236351,1.6589329154701564,1.8898380081793256,0
2015000002353-3754304,youth__age_under05,male,2.0,4.926426280932193,5.585328231021215,0.018410768866183657,0.020287231781718325,0.855596349922993,0.36271404166407595,0.39762381084341114,8,6,11,0.944953194756728,1.6619718115718378,2.524641177089244,0
2015000002353-3754305,youth__age_under05,male,0.0,4.926426280932193,5.585328231021211,0.009205962058851274,0.01592298599474155,0.8047390273973072,0.1612343353889727,0.27816854470539193,10,6,13,0.9419026789404483,1.5660990880672387,1.9451871625566761,0
2015000002353-3754401,worker_only,male,31.0,4.902401196260148,5.5502152026075935,2.207125803975935,2.211456595718342,11.739685069961752,40.246581352273466,40.334189741149665,61,5,16,0.9726296876315467,10.326763263811824,20.903417488554897,0
2015000002353-3754402,homemaker,female,30.0,4.902401196260148,5.550215202607592,0.030694796586892083,0.03136999442254692,1.0285748280827915,0.6196288441178944,0.6321134476590028,8,4,8,0.9726259467279171,1.4801398320167838,1.6654555563375095,0
2015000002353-3754403,youth__age_under05,female,4.0,4.902401196260148,5.550215202607596,0.007723446519075987,0.010027347707324148,0.5527261651164483,0.13651281703078796,0.18034650124000257,10,5,12,0.9450734900770631,1.7176607222002698,3.4404610062350587,0
2015000002353-3754404,youth__age_under05,male,2.0,4.902401196260148,5.550215202607596,0.010112985015757525,0.011546241734990578,0.6800842921881314,0.17755805538434294,0.20679386579346304,5,4,9,0.945005155966852,1.2764896041953764,1.8840807933791177,0
2015000002353-3754405,youth__age_under05,male,0.0,4.902401196260148,5.550215202607591,0.0069239726138765716,0.010156479570919686,0.5527261651164483,0.1269219870660545,0.17970893872196683,7,5,10,0.945005155966852,1.702705376358773,3.3409704107482416,0
2015000002353-3754501,worker_only,male,31.0,4.986229349971898,5.770378820881856,0.49827391970830026,0.5176809219800018,4.4325415838166435,7.755950275222465,8.123487852900361,49,5,18,1.6705058875208243,12.30267476038638,20.548160570997663,0
2015000002353-3754502,homemaker,female,30.0,4.986229349971898,5.770378820881851,-0.004449873297637617,0.004449873297637617,0.17100453277283734,-0.074903053798014,0.074903053798014,5,2,6,1.6705058875208243,1.8535810567160436,1.945118641313653,0
2015000002353-3754503,youth__age_under05,female,4.0,4.986229349971898,5.770378820881853,-0.017480247352191676,0.017480247352191676,0.4075470477057319,-0.32198841671276285,0.32198841671276285,11,6,15,0.944953194756728,1.389050512845114,1.945118641313653,0
2015000002353-3754504,youth__age_under05,male,2.0,4.986229349971898,5.770378820881858,-0.016269901597976043,0.016269901597976043,0.3724355641148076,-0.27988093547165854,0.27988093547165854,12,4,12,0.9725574732769274,1.3664107270461674,1.945118641313653,0
2015000002353-3754505,youth__age_under05,male,0.0,4.986229349971898,5.770378820881851,-0.0068040140300796755,0.023912643297505722,0.718562429231894,-0.1459584669810262,0.421911588854728,12,7,12,0.944953194756728,1.456680343497844,2.917683458811001,0
2015000002353-3754601,worker_only,male,31.0,4.926426280932193,5.5853282310212045,0.4117291954897035,0.4117291954897035,1.6707782171673777,7.490154351981951,7.490154351981951,50,3,13,0.9725879592209501,7.273020247439088,10.115813151641945,0
2015000002353-3754602,homemaker,female,30.0,4.926426280932193,5.585328231021204,0.022498733043537535,0.028164220423330426,0.9739118649027638,0.3859726963361566,0.5009746684903174,9,5,11,0.9450215419308883,8.176031845915656,20.54776358459518,0
2015000002353-3754603,youth__age_under05,female,4.0,4.926426280932193,5.585328231021204,0.005612395852640083,0.009991322278934442,0.4378258052109736,0.11045459828832598,0.18156009129671796,9,5,14,1.6704799638353134,1.9523586703618736,2.565116787860814,0
2015000002353-3754604,youth__age_under05,male,2.0,4.926426280932193,5.585328231021208,0.030506384546432123,0.03238284746196679,0.855596349922993,0.6033252815197587,0.638235050699094,12,7,13,0.944953194756728,1.551671770088615,2.524641177089244,0
2015000002353-3754605,youth__age_under05,male,0.0,4.926426280932193,5.585328231021214,0.006757407258928271,0.012302108821114504,0.3445283676493798,0.11718043301815599,0.22537243653296865,15,4,13,0.941759124327735,1.6490701457899513,2.4751364851902946,0
2015000002353-3754701,worker_only,male,31.0,4.986229349971898,5.770378820881852,0.1360046003215038,0.14490582555888235,3.5288090510327716,2.1777622058514927,2.356278367315836,30,4,15,0.941577191271265,7.445870259818861,10.89909098108923,0
2015000002353-3754702,homemaker,female,30.0,4.986229349971898,5.770378820881855,0.02337236275123003,0.030748780384478296,0.8865528754945249,0.3994056799116778,0.5427393522084077,15,5,12,0.9448848134225978,7.354724974961346,19.610134536561592,0
2015000002353-3754703,youth__age_under05,female,4.0,4.986229349971898,5.770378820881856,-0.009117111942521924,0.01097745666472009,0.4075470477057319,-0.16030279488525306,0.19445540686411616,11,5,11,0.9418100930823704,1.497604152001952,3.3406681707930077,0
2015000002353-3754704,youth__age_under05,male,2.0,4.986229349971898,5.770378820881855,-0.005830395600822567,0.005865660215325308,0.4075470477057319,-0.11131687424402847,0.1118856737844003,6,5,9,0.9418100930823704,1.1408604668100988,1.945118641313653,0
2015000002353-3754705,youth__age_under05,male,0.0,4.986229349971898,5.770378820881855,-0.007183399496494132,0.011844823138468009,0.41856551468208814,-0.13390621130505853,0.21370855304581776,8,4,10,0.9448848134225978,1.4296310546232305,1.8897012113749796,0
2015000002353-3754801,worker_only,male,31.0,4.7820076318445714,5.443710094266188,0.8168236460106018,0.817341233973268,10.44914459519327,14.885216467166956,14.8956638784364,28,4,15,0.945005155966852,8.374271629268794,11.961167652894266,0
2015000002353-3754802,homemaker,female,30.0,4.7820076318445714,5.443710094266183,0.028057618526663733,0.03175613863999222,1.1784040761517227,0.48780955642207907,0.5495713786802967,18,6,13,0.9449367876894323,3.942495025975764,19.961549107296545,0
2015000002353-3754803,youth__age_under05,female,4.0,4.7820076318445714,5.44371009426618,0.023915925761709957,0.023915925761709957,1.0564588056768054,0.4044843904017549,0.4044843904017549,10,6,11,0.9449367876894323,1.7717203507862676,2.5338335517022483,0
2015000002353-3754804,youth__age_under05,male,2.0,4.7820076318445714,5.443710094266188,0.015262868412993782,0.015493032839488526,0.40839575449885146,0.28231827434101137,0.28671333300559637,17,5,14,0.9449367876894323,1.6038196479483624,2.5338335517022483,0
2015000002353-3754805,youth__age_under05,male,0.0,4.7820076318445714,5.4437100942661765,0.008135627062563275,0.00826502405322986,0.5291555827897669,0.15398828880181034,0.15660014161917074,9,6,13,0.9449367876894323,1.6867812800597832,2.5338335517022483,0
2015000002353-3754901,worker_only,male,31.0,4.926426280932193,5.5853282310212125,0.08684442559542796,0.13166478857029973,3.398294393683692,1.4917523154441428,2.3154580962337836,39,5,16,0.944953194756728,8.819232414627603,13.751634031911959,0
2015000002353-3754902,homemaker,female,30.0,4.926426280932193,5.585328231021208,0.016765155026965014,0.02149582585842515,0.8383929049314416,0.27731438533292196,0.3729360784557204,8,4,10,0.941932810598098,1.7224452871241773,1.94517210999062,0
2015000002353-3754903,youth__age_under05,female,4.0,4.926426280932193,5.585328231021201,0.025852504821428028,0.03737762493508522,0.8047390273973072,0.46313808090835856,0.655585740453607,21,8,17,0.9418610425585697,1.8006842161815566,3.3408453500836854,0
2015000002353-3754904,youth__age_under05,male,2.0,4.926426280932193,5.585328231021211,-0.004770243083491081,0.004915153909464166,0.19373767902721983,-0.07995046911099667,0.0827133921055659,8,4,9,1.6703653862483714,2.0953015831041264,3.3408453500836854,0
2015000002353-3754905,youth__age_under05,male,0.0,4.926426280932193,5.585328231021214,0.01918470172591287,0.028044085687491647,0.8059214186401329,0.3101411328061155,0.4799061187539998,16,7,12,0.944953194756728,1.5180304786438235,2.524641177089244,0
2015000002353-4370401,worker_only,male,31.0,4.813393756245966,5.570063896736481,0.1949115262145577,0.19662493439385012,5.22425862428838,3.4235579978093735,3.449876657760783,28,6,15,0.9414716199267353,10.143549560765498,15.365779134406464,0
2015000002353-4370402,homemaker,female,30.0,4.813393756245966,5.570063896736487,0.0037468027392839184,0.05479454097790567,1.3567069322273255,0.15419772396512357,0.9327671124234435,11,5,12,0.9446931031297333,1.3560675235288582,1.9447914076839634,0
2015000002353-4370403,youth__age_under05,female,4.0,4.813393756245966,5.570063896736483,-0.0010267658402050598,0.027232652465066443,1.0351164692614656,0.030768284440199974,0.46889396329994326,10,6,11,0.9446931031297333,1.7165216034710407,2.8249365892802434,0
2015000002353-4370404,youth__age_under05,male,2.0,4.813393756245966,5.570063896736473,-0.006156952378220945,0.027282644310895526,1.0351164692614656,-0.06110759378471055,0.45602507844195517,7,4,8,0.9446931031297333,1.359388147199358,1.8832191816733075,0
2015000002353-4370405,youth__age_under05,male,0.0,4.813393756245966,5.570063896736483,0.011580015249568028,0.024166469444927126,0.9967308322725454,0.19926361199233644,0.4373341744622212,12,6,14,0.9415736409445121,1.575669333868167,1.9448069046964922,0
2015000002353-4370501,worker_only,male,31.0,4.713478931360792,5.740464604069201,0.3304274980106464,0.346340494307748,3.90499508303711,5.371789557812991,5.660238974660781,36,9,20,0.9408578810794291,7.094903120660933,18.363540154205044,0
2015000002353-4370502,homemaker,female,30.0,4.713478931360792,5.740464604069203,0.03899035912812602,0.03917090375097758,1.8371641239201004,0.8032640654939878,0.8060573455645268,7,4,8,1.6159478638733584,5.883151817603663,18.363540154205044,0
2015000002353-4370503,youth__age_under05,female,4.0,4.713478931360792,5.740464604069201,0.013772601759374099,0.017067010520800577,0.6864060732718356,0.2543954794565575,0.3068747232605137,15,9,16,0.941399661602869,1.5477411728140211,2.5588120115634143,0
2015000002353-4370504,youth__age_under05,male,2.0,4.713478931360792,5.740464604069201,0.005713840651164484,0.01375142105019038,0.9058483235017736,0.11155406503310272,0.26416610973737825,6,4,7,1.616188548613621,1.8000401767850371,2.474451296773094,0
2015000002353-4370505,youth__age_under05,male,0.0,4.713478931360792,5.7404646040692,0.010273365121675194,0.01344788183778614,0.6864060732718356,0.19073813668483003,0.2413738466256942,9,6,11,0.9445561761003842,1.8190917214383069,2.5588120115634143,0
2015000002353-4370601,worker_only,male,31.0,4.830732146782081,5.871603340568142,0.4273040460510393,0.45053069518200833,4.258413735901325,7.289780621141697,7.710994768197259,53,6,17,0.972040776000082,10.069536337454245,20.033644241236548,0
2015000002353-4370602,homemaker,female,30.0,4.830732146782081,5.871603340568145,-0.0009054588462248434,0.0043572679022386655,0.21007009202639626,-0.01689136479706803,0.07823828928402371,6,3,8,0.9415435453780063,1.374467524871868,1.9447307099713416,0
2015000002353-4370603,youth__age_under05,female,4.0,4.830732146782081,5.87160334056814,-0.01406290476888942,0.017408603959263944,0.6604837934659047,-0.22363228592778722,0.2831774724634922,11,5,13,0.9414716199267353,1.1927793434961154,1.8831589833191895,0
2015000002353-4370604,youth__age_under05,male,2.0,4.830732146782081,5.871603340568146,-0.02367156323711998,0.02910228505933467,0.6604837934659047,-0.4008604119218461,0.5029002098909615,16,9,16,0.9414506945515411,1.611442891774483,2.5589397344904774,0
2015000002353-4370605,youth__age_under05,male,0.0,4.830732146782081,5.871603340568142,-0.0007907115281835255,0.029241701713738116,0.678588638662073,-0.04622295473041421,0.49754004155313597,15,8,15,0.9415435453780063,1.50285513744668,1.9447307099713416,0
2015000002392-001,retired,male,71.0,7.774654262804455,10.375011708579253,0.0753607920767115,0.0753607920767115,1.2045343798809753,0.7175100994540795,0.7175100994540795,14,4,9,0.9398588764716079,1.262590435920275,1.8852448065097922,0
2015000002392-101,retired,male,71.0,7.774654262804455,10.37501170857925,-0.019885324992413096,0.05375638370563768,2.2597588652252485,-0.2799508606370494,0.5602199395061744,9,4,10,0.9398588764716079,6.552986070151323,14.146290411056075,0
2015000002392-1419601,retired,male,71.0,7.063150099089194,9.354503630106308,0.08407790803848161,0.16120474273922303,2.3815270940284865,0.6923693301094342,1.4815070910223858,17,4,13,0.9427789029252,3.033383021375675,12.854363869959705,0
2015000002392-1538901,retired,male,71.0,7.005158447993699,9.163759021879619,-0.0673027143145225,0.0673027143145225,1.5425399484197353,-0.7875670176026269,0.7875670176026269,12,7,15,0.9401142472845296,1.4887506505716062,3.434904657562811,0
2015000002392-160801,retired,male,71.0,8.029542360576508,10.859188039858688,-0.12888223994762116,0.13661339310287235,2.8272280410245507,-1.1961968310205164,1.276591850634733,24,6,16,0.9712701817543349,4.6654564115297905,14.702669318972415,0
2015000002392-2590701,retired,male,71.0,6.830537844518393,8.91452472812486,0.005283173754245511,0.01581066956573484,0.33119776783982857,0.0692846208000555,0.1883039700934687,13,6,11,0.9400599478142485,1.441308919321454,1.8800473505932724,0
2015000002392-2590801,retired,male,71.0,6.7925990381559975,8.925645653439304,0.008457333622571537,0.012627915211202122,1.5020801594735769,0.09230141359623296,0.13935643078486262,4,3,6,0.9434451954955461,1.4954216716209883,1.8799022279975919,0
2015000002392-2590901,retired,male,71.0,6.7925990381559975,8.925645653439304,0.028865651626419176,0.028865651626419176,1.5020801594735769,0.3182925976202278,0.3182925976202278,14,5,10,0.939987402779024,1.1293542225736999,1.8799022279975919,0
2015000002392-3013701,retired,male,71.0,7.727273390929815,10.088600825846344,-0.13920268502780828,0.13920268502780828,2.2582719258281685,-1.2819961700862212,1.2819961700862212,16,3,10,1.662723084059903,5.800224062129237,21.9158696865312,0
2015000002392-350901,retired,male,71.0,8.44985180195758,11.256546560008019,-0.1056167521873332,0.18358205572980313,3.3289245774671343,-0.8563439953113048,1.6722507759386152,11,4,8,1.6124665820371893,5.114010414541199,15.296903714464165,0
2015000002392-351001,retired,male,71.0,8.44985180195758,11.256546560007996,-0.11548348191380566,0.1458073736783161,3.3289245774671343,-1.0033574795234887,1.2739999062559224,10,5,10,0.9425877182762747,4.279931553254149,15.296903714464165,0
2015000002392-351101,retired,male,71.0,8.44985180195758,11.256546560008024,-0.21639292479510241,0.21639292479510241,4.325917699193533,-1.8908370043641358,1.8908370043641358,19,9,17,0.939755748873889,1.692327380221905,4.9884952505559506,0
2015000002392-351201,retired,male,71.0,8.44985180195758,11.25654656000802,-0.05942349498635916,0.15363569749452186,3.3289245774671343,-0.4671885576782395,1.3732921413747723,12,6,11,0.9396832776777558,3.7282367960798015,15.296903714464165,0
2015000002392-351301,retired,male,71.0,8.44985180195758,11.256546560008012,-0.09679274387833199,0.15437484653860836,3.9371502203056066,-0.770242721874981,1.417091199055079,13,5,9,0.9396832776777558,1.5773595837997978,4.3393784507950635,0
2015000002392-432701,retired,male,71.0,9.585359407463946,12.43077237824245,-0.07998377717273171,0.07998377717273171,4.545871262027392,-0.7209635245469526,0.7209635245469526,5,4,10,0.9396832776777558,7.3724034111590155,16.215275484470542,0
2015000002392-65201,retired,male,71.0,7.6295934601796365,9.954167550368426,0.0016472717156457467,0.03531209692839744,1.2059037725979493,0.05045081024024241,0.3778077230269888,8,5,9,0.9427264245749752,1.452211049475416,2.4690509851481535,0
2015000002392-65301,retired,male,71.0,7.6295934601796365,9.954167550368428,-0.09779681918994096,0.1217047036524193,2.129934815086438,-0.9739920140754359,1.1616875375985996,12,5,9,0.9399104118649096,3.824513127031735,13.632417172010866,0
2015000002392-65401,retired,male,71.0,7.6295934601796365,9.954167550368426,-0.007944622775511598,0.03189074531587253,0.9426151059570476,-0.06328539167844013,0.3099900090289371,9,4,8,0.9399104118649096,1.1834683475431385,1.8798932247607973,0
2015000002392-678301,retired,male,71.0,7.90792256723006,10.379506573238132,0.016881204244931763,0.07894715321273799,2.3930271696508543,0.09348994754889933,0.8256434263150216,15,5,12,1.6123437826245859,3.7366558147882496,14.119381437522035,0
2015000002479-1298801,worker_only,male,74.0,5.955760634868503,7.943340507717207,0.13313885551625945,0.14562459151446883,1.1951562822242021,1.4527894920659459,1.653229769854855,38,5,16,1.6130616965005002,11.946857551564525,18.81315309350294,0
2015000002479-1298802,worker_only,female,61.0,5.955760634868503,7.943340507717212,0.05183560473049927,0.08657934938894389,0.6107157577179185,0.8021839484807897,1.224101488282224,35,5,16,0.9441388346397955,12.059088828166415,19.36599871907719,0
2015000002479-1298901,worker_only,male,74.0,6.121670664878243,8.050230141646418,-0.6279359092172067,0.6279359092172067,4.4406005775326705,-7.444732991248985,7.444732991248985,46,7,18,0.9414136738439699,8.598784844897196,15.615576400625084,0
2015000002479-1298902,worker_only,female,61.0,6.121670664878243,8.050230141646418,0.04137053888044981,0.0816400445826773,1.0037299535889712,0.6223414434203699,1.0914191777185136,32,5,16,0.9414136738439699,12.344858739005106,20.019215460263528,1
2015000002479-1299001,worker_only,male,74.0,6.121670664878243,8.050230141646407,-0.21493858551135858,0.28233573938985546,4.2486240611652715,-2.6224951587334004,3.445947704191331,42,7,18,0.9414136738439699,10.807010714920352,17.949286909715816,0
2015000002479-1299002,worker_only,female,61.0,6.121670664878243,8.050230141646407,0.030556550273033962,0.07511808656261,1.5055862918057654,0.4426777336447858,0.9503617688680747,25,6,17,1.6693980103532229,12.304985619552815,19.503940285123605,0
2015000002479-1299101,worker_only,male,74.0,5.955760634868503,7.943340507717208,0.3604228895294069,0.3767374700251824,2.826056177379627,4.462067120925138,4.672974907723996,35,7,16,0.9410187750858223,13.800567126053924,26.82479303322169,0
2015000002479-1299102,worker_only,female,61.0,5.955760634868503,7.943340507717203,0.043956243909785135,0.09870562552912468,1.0729719055158675,0.6569415420347032,1.2956186499359066,36,7,16,0.9408438928273034,10.41693390251471,19.36599871907719,1
2015000002479-1299201,worker_only,male,74.0,6.121670664878243,8.050230141646406,-0.1631338122757133,0.16721146119008928,1.4543161589790952,-2.277240471842907,2.328021284738745,45,6,18,0.9439963345500088,9.69958269235598,15.809966831700336,0
2015000002479-1299202,worker_only,female,61.0,6.121670664878243,8.050230141646411,0.05646253498792978,0.16960126489749855,1.2786247304650047,0.8769224538585949,2.1820409028691383,62,5,17,0.9408438928273034,11.835773214360836,18.739032832132402,0
2015000002479-1299301,worker_only,male,74.0,6.121670664878243,8.050230141646415,0.22276742229497304,0.22674210798755717,2.3421827392421584,2.4382639546245373,2.488400572570726,31,6,17,0.9400551813626025,11.30646507995323,19.91953215893044,0
2015000002479-1299302,worker_only,female,61.0,6.121670664878243,8.050230141646418,-0.12095241574284421,0.18685160505584064,2.449671871121893,-1.09034163330792,2.020785349498859,35,6,17,0.9414136738439699,11.88988670427342,19.101977049147244,1
2015000002479-1299401,worker_only,male,74.0,6.121670664878243,8.050230141646415,-0.060963111977203,0.08307671563929693,1.119053786813538,-0.8933144364295806,1.132175596404774,30,6,16,0.9414136738439699,10.653982996371807,16.56733708455829,0
2015000002479-1299402,worker_only,female,61.0,6.121670664878243,8.050230141646406,-0.0524467236600651,0.16035232311961706,2.9539179169558683,-0.36073435475070714,1.919812987136806,36,4,16,0.9408950343857532,12.663710586901361,19.503940285123605,1
2015000002479-1299501,worker_only,male,74.0,6.121670664878243,8.05023014164641,-0.6474293109755825,0.6866063795200256,4.152681407872803,-7.268640106382374,7.746031800822674,58,4,14,0.9439963345500088,11.511596376105658,15.025740931380609,0
2015000002479-1299502,worker_only,female,61.0,6.121670664878243,8.050230141646413,-0.0007405762107318216,0.06937101036257459,1.2786247304650047,0.11208476591549454,0.868067961386834,31,6,14,0.9408438928273034,11.255614865129658,20.019215460263528,0
2015000002479-160901,worker_only,male,74.0,6.554212065043149,8.570910389786787,0.0497352167697959,0.06833420135147723,0.9106833618820929,0.6248648167662475,0.8266778838338216,28,5,16,0.9722492428265683,11.167893609401517,16.266506838014777,0
2015000002479-160902,worker_only,female,61.0,6.554212065043149,8.570910389786786,-0.12213440618487385,0.13763412378747208,2.971792343855304,-1.1170078523184186,1.3073383873148796,31,2,14,0.9415469231005672,16.39784144011246,22.58035924691722,1
2015000002479-4127101,worker_only,male,74.0,5.4929756859776,7.663064899088683,1.248497040991853,1.248497040991853,6.549305863160244,16.27506981033927,16.27506981033927,61,6,17,0.9431273117277342,14.80189266061488,29.243218319952856,0
2015000002479-4127102,worker_only,female,61.0,5.4929756859776,7.663064899088688,0.7220664153679403,0.7494551453673499,8.460398055743397,9.44559935660517,9.805425509842419,25,5,17,1.668287490915099,20.652319354307608,38.867037541012714,0
2015000002479-84701,worker_only,male,74.0,6.7470986442936915,8.662029849112733,0.06355226268304749,0.06470018638820935,0.8166359860298229,0.7665729237994502,0.7813941601994828,28,4,15,0.9724258222986703,11.932101397536602,18.575623329200557,0
2015000002479-84702,worker_only,female,61.0,6.7470986442936915,8.662029849112745,0.2591098963350092,0.2591098963350092,2.444504055758806,2.5514070133884474,2.5514070133884474,27,5,17,0.9418232983337058,12.346420342320574,20.191395443956882,0
2015000002479-84801,worker_only,male,74.0,6.899255101224569,8.93273037483821,0.26329148909278066,0.2909275611667379,2.6861043062393763,2.826870571444242,3.1262474895369747,29,7,19,0.9416493408051873,13.577067055456185,25.7156322619514,0
2015000002479-84802,worker_only,female,61.0,6.899255101224569,8.932730374838204,-0.1191139044065519,0.1191139044065519,1.2795953476944746,-1.3558232090861826,1.3558232090861826,31,6,16,0.9441388346397955,14.1695183932651,23.024762085951544,0
2015000002479-84901,worker_only,male,74.0,6.899255101224569,8.93273037483821,0.22142589889589323,0.25366971258031024,2.411798325931434,2.5057230327349873,2.8490551991305204,32,8,19,0.971757666777564,14.07567907278013,25.850439103386744,0
2015000002479-84902,worker_only,female,61.0,6.899255101224569,8.932730374838204,-0.17981872429887893,0.17981872429887893,1.2795953476944746,-1.7768140532244598,1.7768140532244598,38,2,10,0.9441355906917397,17.495756615811857,21.63366187209189,3
2015000002666-1670901,worker_only,male,50.0,9.326631470941559,10.9057510723329,0.050225549115557,0.15816831743341647,1.95874197581721,0.558156328984105,1.483415493208299,32,1,10,12.861858989608256,12.861858989608255,12.861858989608256,0
2015000002666-1670902,other,female,49.0,9.326631470941559,10.905751072332905,0.0015156457695632167,0.03317882600180464,1.7566973122752003,0.016824053808608238,0.31137038823920193,9,5,11,0.9343424663647648,1.361583525537735,1.874373956552291,0
2015000002666-1670903,worker_student,male,18.0,9.326631470941559,10.905751072332912,0.15535742028007687,0.20855395988995618,3.4172639896166483,1.4562603731051196,1.9087766895313492,62,5,19,0.9364709414105016,7.484886430969925,11.294029896715323,0
2015000002666-1670904,student__age10_15,male,15.0,9.326631470941559,10.905751072332897,0.25376572390739227,0.3153382808851372,2.37599522178726,2.5231285216076516,3.0616065054667083,54,6,17,1.6016379678660038,7.56168593900433,14.461688749264775,0
2015000002666-1670905,student__age10_15,female,12.0,9.326631470941559,10.905751072332913,0.23560220928834572,0.31433162822156224,2.411468623065767,2.270541468906182,2.9941972061117843,54,9,18,0.9351574019210889,6.964257333523762,14.461688749264775,0
2015000002666-1670906,student__age05_09,male,9.0,9.326631470941559,10.905751072332906,0.21816020027124924,0.282348684473334,1.910871405416076,2.1415560713813515,2.7181966907727935,47,5,16,0.9379364234768746,7.635756730976703,12.031607676211873,0
2015000002666-2077601,worker_only,male,50.0,7.421094119561098,9.339817713808186,0.01881192031434012,0.01881192031434012,1.073118146942452,0.20755161531607358,0.20755161531607358,5,2,4,0.9402425576734897,1.2773950017559987,1.6145474458385078,0
2015000002666-2077602,other,female,49.0,7.421094119561098,9.339817713808188,0.0656296981293919,0.06567110374713842,2.145368316114734,0.7485269296219865,0.7489113672306922,11,7,13,0.9402425576734897,1.84158534378717,3.325678891023049,0
2015000002666-2077603,worker_student,male,18.0,7.421094119561098,9.339817713808184,0.19050462471285837,0.23268977921017525,1.3978507764045283,2.1140938219104823,2.5600280883015087,66,6,21,0.9443241514768198,6.356828741834213,10.927237933051144,0
2015000002666-2077604,student__age10_15,male,15.0,7.421094119561098,9.339817713808188,0.19591196386952175,0.26147532094957715,2.1462586918721804,2.396625407347872,3.0053597189303916,57,9,21,0.93992991085623,2.846692743591845,5.2650951786765,0
2015000002666-2077605,student__age10_15,female,12.0,7.421094119561098,9.339817713808193,0.13616466084454895,0.20629837969344267,1.0580182790925656,1.6327787167210344,2.358074986747491,60,7,20,0.9401993045597519,2.4434020446513336,6.226861480448233,0
2015000002666-2077606,student__age05_09,male,9.0,7.421094119561098,9.339817713808182,-0.11595079784076984,0.19076819619798469,1.3354097144769241,-1.3551920174173777,2.1853605709504524,52,6,19,0.9443241514768198,4.1948338538921455,8.040208156326218,0
2015000002666-2077701,worker_only,male,50.0,9.225727304541989,10.754505167288938,-0.0028528066303845,0.07134859013376905,1.7280712855092766,0.0070100214595352674,0.6346298633382466,35,3,12,0.9400243908419625,6.6141691666361995,9.270594038275446,0
2015000002666-2077702,other,female,49.0,9.225727304541989,10.75450516728894,-5.34524567243582e-05,0.04118458818786301,1.7280712855092766,-0.0032436306198659125,0.3802173130960989,9,4,9,0.9400243908419625,1.614984915252004,3.229083765716725,0
2015000002666-2077703,worker_student,male,18.0,9.225727304541989,10.75450516728894,-0.2001535583032026,0.25160372343066295,3.322050925635864,-1.902409105130553,2.353441460298363,40,4,18,0.9400243908419625,7.5046811446233095,11.051446465478023,0
2015000002666-2077704,student__age10_15,male,15.0,9.225727304541989,10.754505167288931,-0.1527722744386318,0.2199885451214907,1.8724333181670723,-1.4733957754717606,2.0847492581526,51,5,20,0.9400243908419625,1.4822146023511693,2.5201598892249444,0
2015000002666-2077705,student__age10_15,female,12.0,9.225727304541989,10.754505167288938,-0.35059078654381975,0.3784220222506115,1.8962721779211602,-3.439289780433758,3.6979779406914286,54,4,15,0.9398276377738922,2.327386529915783,3.366593885899191,0
2015000002666-2077706,student__age05_09,male,9.0,9.225727304541989,10.75450516728894,-0.020464746186131408,0.07565471229440804,1.7280712855092766,-0.19157443987031458,0.6982727696938055,69,7,22,0.9399004701244795,1.7554659346759272,2.819854778294695,0
2015000002666-2077801,worker_only,male,50.0,7.635348970309749,9.5256591035066,0.023823821392054988,0.023823821392054988,0.8681581824216451,0.22849863235912365,0.22849863235912365,5,2,4,0.971827361165203,1.2933063064505093,1.6147852517358152,0
2015000002666-2077802,other,female,49.0,7.635348970309749,9.525659103506616,0.058062047732939964,0.058062047732939964,1.4889645427550846,0.574835684206385,0.574835684206385,12,7,12,0.9442717537658092,1.441246927827188,2.533055075825665,0
2015000002666-2077803,worker_student,male,18.0,7.635348970309749,9.525659103506596,0.0076780243323458465,0.09212934961817248,1.407320824873037,0.09086342731826186,0.9705891359662145,32,6,18,0.9721312157731588,6.453727311362745,9.922069618994914,0
2015000002666-2077804,student__age10_15,male,15.0,7.635348970309749,9.525659103506605,0.1494498233496592,0.19231898581193785,1.9828480057093136,1.8383427212082186,2.241713776766897,51,5,18,0.97167702075938,3.1092994107408174,4.8429061834142555,0
2015000002666-2077805,student__age10_15,female,12.0,7.635348970309749,9.525659103506612,-0.01336957024086334,0.044839834114243714,1.397028878363967,-0.11811412724640255,0.4701547715636498,11,6,10,0.9403230395555837,2.346738185539116,5.827892729626745,0
2015000002666-2077806,student__age05_09,male,9.0,7.635348970309749,9.525659103506618,0.05593161901197022,0.05593161901197022,1.4889645427550846,0.6092955001680244,0.6092955001680244,16,6,15,0.971827361165203,1.7207342301482993,2.5205991639344183,0
2015000002666-2077901,worker_only,male,50.0,6.92758753794365,9.593985416679384,-0.007572804164629846,0.06069248463330009,0.7118675833254215,-0.031005835888690277,0.6148054915572709,26,5,15,0.9444605769297275,5.861431608093741,8.373385115711434,0
2015000002666-2077902,other,female,49.0,6.92758753794365,9.593985416679377,-0.05716161263207394,0.05816721901356982,1.6915786346636699,-0.6036420111448775,0.6148727992920007,11,4,13,1.6701003982720966,2.1011825477608803,4.723324624629718,0
2015000002666-2077903,worker_student,male,18.0,6.92758753794365,9.593985416679374,0.03562049419945416,0.11460992174965481,1.1819066772133233,0.4822369853677179,1.2509290809764746,38,8,20,0.9721312157731588,4.695079641877891,7.515441505704863,0
2015000002666-2077904,student__age10_15,male,15.0,6.92758753794365,9.593985416679379,0.03262562245667762,0.30018820249732187,2.747073031708995,0.8409255354860331,3.299083947587008,50,7,19,0.93992991085623,3.9394070911848824,7.2837639337091336,0
2015000002666-2077905,student__age10_15,female,12.0,6.92758753794365,9.593985416679372,-0.06561208706795582,0.10468208692281386,1.7539218144860271,-0.6689933261384948,1.1037695984688272,52,8,21,0.9405996008193126,2.9107327660251134,5.668193658296031,0
2015000002666-2077906,student__age05_09,male,9.0,6.92758753794365,9.593985416679377,-0.32362618895650413,0.32362618895650413,1.7539218144860271,-3.4922264484398737,3.4922264484398737,53,7,20,0.9721413588553991,3.5392086496593755,6.228135161607408,0
2015000002666-2078001,worker_only,male,50.0,7.037474066556387,9.363453174188706,-0.03630466816437344,0.03630466816437344,1.5247960629036843,-0.37291785392917803,0.37291785392917803,4,1,2,3.3688612547668226,3.3688612547668226,3.3688612547668226,0
2015000002666-2078002,other,female,49.0,7.037474066556387,9.3634531741887,0.15661458435225445,0.16958914046915063,2.267911536489759,1.6678111037257095,1.7913033016111364,25,6,12,0.9443034048038698,1.9868784460675204,3.439654904657823,0
2015000002666-2078003,worker_student,male,18.0,7.037474066556387,9.36345317418871,0.01029736265719924,0.06916477807446449,0.8893681402055869,0.11222224613737623,0.7751127363791098,21,5,18,1.6147852517358152,5.666841392032655,8.37290530865505,0
2015000002666-2078004,student__age10_15,male,15.0,7.037474066556387,9.363453174188686,0.1680838588193264,0.2642242433619125,2.3340534548894496,2.216421455573973,3.114039652497037,48,8,20,0.93992991085623,3.2795892910430005,6.457691435150072,0
2015000002666-2078005,student__age10_15,female,12.0,7.037474066556387,9.3634531741887,-0.23221669302396716,0.3957397748500725,2.267911536489759,-2.7733540872058633,4.442682261244454,59,9,21,0.9404543666076087,2.961618987020093,6.612654235225758,0
2015000002666-2078006,student__age05_09,male,9.0,7.037474066556387,9.363453174188695,0.37994677921976083,0.41761034642537503,2.637186503096258,4.573566776622505,4.919306932871944,58,11,22,0.97167702075938,3.622981244571676,7.278490823409221,1
2015000002666-2110201,worker_only,male,50.0,6.7486109783791814,9.396071655774827,0.18621931174263984,0.19860406925246465,1.645058649340715,2.1520455284182303,2.265015246986864,27,3,11,0.9721260763901612,5.225595595033526,6.681675704360452,0
2015000002666-2110202,other,female,49.0,6.7486109783791814,9.396071655774822,1.2105250803571382e-05,0.08026097070438543,1.2939841955744207,0.05143809922004395,0.8459453033169088,20,4,14,0.9405486522309796,1.6501479923394828,2.564530715047261,0
2015000002666-2110203,worker_student,male,18.0,6.7486109783791814,9.396071655774824,0.10320858938798687,0.11199761427565644,0.8705048581635157,1.2223271239417977,1.3408292811613078,32,3,15,0.9407306530899101,4.811411333769793,5.968555260322877,0
2015000002666-2110204,student__age10_15,male,15.0,6.7486109783791814,9.396071655774813,0.10565414188419227,0.18347194832349037,0.8705048581635157,1.3323149357545523,2.2041187842988577,55,5,18,1.615378929687973,3.8252222336445265,5.8496799521174045,0
2015000002666-2110205,student__age10_15,female,12.0,6.7486109783791814,9.396071655774827,-0.048653104364614154,0.17685485723765007,1.4241859539211763,-0.4470603446619976,1.851127718510179,74,10,31,0.9405996008193126,2.047986797902626,4.363114736335133,0
2015000002666-2110206,student__age05_09,male,9.0,6.7486109783791814,9.396071655774843,-0.07651719737141745,0.1144360610882506,1.5341869574288403,-0.9283414756137436,1.3219881960679998,52,7,21,0.9405270000053647,2.1231756421957013,3.5005094079578614,0
2015000002666-2110301,worker_only,male,50.0,6.314852766000069,8.896425125258702,0.10632240322150814,0.13568734321177434,1.2339475011234953,1.2678714283438288,1.5682409466886753,27,4,16,1.6633553196622082,5.034740629543687,7.001759638255803,0
2015000002666-2110302,other,female,49.0,6.314852766000069,8.896425125258702,0.013546934818299102,0.043755880712449,0.8926701401468176,0.14894800402830202,0.4967273128093308,13,4,13,0.940723085641543,1.9797076550621702,3.3409165928474205,0
2015000002666-2110303,worker_student,male,18.0,6.314852766000069,8.896425125258709,0.1611740439277818,0.16324129679833793,1.2853064811549313,1.8583552208045702,1.8910915797848846,30,5,18,0.9407306530899101,3.89666457725012,5.850238462207878,0
2015000002666-2110304,student__age10_15,male,15.0,6.314852766000069,8.896425125258713,0.3853701214346227,0.48711652718403786,3.3598078036525756,5.24291603025167,6.2050939377319185,67,13,25,0.93992991085623,4.9864331666235095,11.477833140373445,0
2015000002666-2110305,student__age10_15,female,12.0,6.314852766000069,8.896425125258693,0.21607732765141646,0.24673293945337763,1.2152154870515322,2.5467122634985286,2.8351936017148573,69,10,27,0.9405270000053647,1.8738453379715891,3.3409165928474205,0
2015000002666-2110306,student__age05_09,male,9.0,6.314852766000069,8.896425125258704,0.04764815740415966,0.09715562068684212,1.0876906055786453,0.5222514369523663,1.1723946110339967,48,7,22,0.9405270000053647,2.391860510557085,3.4928656514838345,0
2015000002666-2149901,worker_only,male,50.0,8.632657686316776,9.963888271615318,0.10138878162272887,0.15894761172489758,1.9769927476223401,1.0929894124237287,1.6762117943464723,25,4,14,1.6699102017248408,10.688510803880595,16.306277492116283,0
2015000002666-2149902,other,female,49.0,8.632657686316776,9.963888271615318,0.07343879904246532,0.07959207922449382,1.9709500452449369,0.6800896167535297,0.7469107149528644,18,8,14,0.9396957453809971,2.145251135060977,5.0641854201026835,0
2015000002666-2149903,worker_student,male,18.0,8.632657686316776,9.963888271615314,-0.014149948965914452,0.1653697606322369,2.6181003953485185,-0.1093150561072873,1.6629206870590534,33,5,18,0.9407306530899101,11.041663113825088,17.017048747297114,0
2015000002666-2149904,student__age10_15,male,15.0,8.632657686316776,9.963888271615312,0.12725195134812126,0.14560052144298513,1.7767057194741884,1.2528757638899304,1.4268957321694602,67,11,31,0.9397685957526454,2.3812122764449826,5.0641854201026835,0
2015000002666-2149905,student__age10_15,female,12.0,8.632657686316776,9.96388827161531,-0.04187850464012065,0.2329957838650243,3.1035343191262275,-0.523853242466491,2.3822157738537326,71,11,27,0.9397685957526454,2.226879539486199,5.0641854201026835,0
2015000002666-2149906,student__age05_09,male,9.0,8.632657686316776,9.963888271615318,0.22921616004432793,0.24057547723569703,1.3251486945054278,2.387762121158651,2.512370012162587,49,9,21,0.9397685957526454,2.4532349932228783,5.0641854201026835,0
2015000002838-1070601,worker_only,male,75.0,8.672144520118174,10.281897963390598,0.18591021094564603,0.25417084772574733,1.9967617022846778,1.863479107672036,2.559328678215512,40,4,14,0.9386499377831975,6.491777265253382,9.156813919376964,0
2015000002838-1070602,retired,female,72.0,8.672144520118174,10.281897963390588,0.006387403538493409,0.010787347453856434,0.6576258064372276,0.06432985044482362,0.10820039295581156,8,4,8,0.9379919172965359,1.7473371822180492,2.5187552875395456,0
2015000002838-1070701,worker_only,male,75.0,8.76436389242759,10.50334909156105,-0.17426827628966512,0.2317019655425741,2.6046154408974243,-1.6963342258759513,2.213557535087411,38,7,18,0.9379735677256694,5.89738670589771,10.713183323992226,0
2015000002838-1070702,retired,female,72.0,8.76436389242759,10.503349091561043,-0.036666885624820435,0.15438500449097411,2.637083597766532,-0.28069689049889657,1.4895310665536812,21,7,14,0.9380095484265875,12.040126133819976,72.47502316877326,0
2015000002838-1070801,worker_only,male,75.0,8.672144520118174,10.281897963390604,-0.2856139603048846,0.2979249818216544,2.8786672885579945,-2.784784524585884,2.907534087579023,43,5,15,0.9353587539688958,6.340555883430164,10.38776980800736,0
2015000002838-1070802,retired,female,72.0,8.672144520118174,10.281897963390593,-0.1189662708289571,0.13349172845341578,2.650808992464915,-1.0902090388421888,1.2463475009529486,11,4,7,0.9685959115094444,21.94538443738931,72.52348154202609,0
