p_id,agent_type,sex,age,day,date,day_hour,tick,activity,h3_act,dynamic_exposure,h3_home,static_exposure
2015000000253-1885801,retired,male,83.0,mon,2016-07-25,00-01,0,home,8826969897fffff,15.243469690516557,8826969897fffff,15.243469690516557
2015000000253-1885801,retired,male,83.0,mon,2016-07-25,01-02,1,home,8826969897fffff,15.243469690516557,8826969897fffff,15.243469690516557
2015000000253-1885801,retired,male,83.0,mon,2016-07-25,02-03,2,home,8826969897fffff,15.243469690516557,8826969897fffff,15.243469690516557
2015000000253-1885801,retired,male,83.0,mon,2016-07-25,03-04,3,home,8826969897fffff,15.243469690516557,8826969897fffff,15.243469690516557
2015000000253-1885801,retired,male,83.0,mon,2016-07-25,04-05,4,home,8826969897fffff,15.243469690516557,8826969897fffff,15.243469690516557
2015000000253-1885801,retired,male,83.0,mon,2016-07-25,05-06,5,home,8826969897fffff,15.243469690516557,8826969897fffff,15.243469690516557
2015000000253-1885801,retired,male,83.0,mon,2016-07-25,06-07,6,home,8826969897fffff,15.243469690516557,8826969897fffff,15.243469690516557
2015000000253-1885801,retired,male,83.0,mon,2016-07-25,07-08,7,home,8826969897fffff,15.243469690516557,8826969897fffff,15.243469690516557
2015000000253-1885801,retired,male,83.0,mon,2016-07-25,08-09,8,home,8826969897fffff,15.243469690516557,8826969897fffff,15.243469690516557
2015000000253-1885801,retired,male,83.0,mon,2016-07-25,09-10,9,home,8826969897fffff,15.243469690516557,8826969897fffff,15.243469690516557
2015000000253-1885801,retired,male,83.0,mon,2016-07-25,10-11,10,home,8826969897fffff,15.243469690516557,8826969897fffff,15.243469690516557
2015000000253-1885801,retired,male,83.0,mon,2016-07-25,11-12,11,errands,8826969893fffff,13.533380519132898,8826969897fffff,15.243469690516557
2015000000253-1885801,retired,male,83.0,mon,2016-07-25,12-13,12,home,8826969897fffff,15.243469690516557,8826969897fffff,15.243469690516557
2015000000253-1885801,retired,male,83.0,mon,2016-07-25,13-14,13,home,8826969897fffff,15.243469690516557,8826969897fffff,15.243469690516557
2015000000253-1885801,retired,male,83.0,mon,2016-07-25,14-15,14,home,8826969897fffff,15.243469690516557,8826969897fffff,15.243469690516557
2015000000253-1885801,retired,male,83.0,mon,2016-07-25,15-16,15,home,8826969897fffff,15.243469690516557,8826969897fffff,15.243469690516557
2015000000253-1885801,retired,male,83.0,mon,2016-07-25,16-17,16,home,8826969897fffff,15.243469690516557,8826969897fffff,15.243469690516557
2015000000253-1885801,retired,male,83.0,mon,2016-07-25,17-18,17,home,8826969897fffff,15.243469690516557,8826969897fffff,15.243469690516557
2015000000253-1885801,retired,male,83.0,mon,2016-07-25,18-19,18,home,8826969897fffff,15.243469690516557,8826969897fffff,15.243469690516557
2015000000253-1885801,retired,male,83.0,mon,2016-07-25,19-20,19,home,8826969897fffff,15.243469690516557,8826969897fffff,15.243469690516557
2015000000253-1885801,retired,male,83.0,mon,2016-07-25,20-21,20,home,8826969897fffff,15.243469690516557,8826969897fffff,15.243469690516557
2015000000253-1885801,retired,male,83.0,mon,2016-07-25,21-22,21,home,8826969897fffff,15.243469690516557,8826969897fffff,15.243469690516557
2015000000253-1885801,retired,male,83.0,mon,2016-07-25,22-23,22,home,8826969897fffff,15.243469690516557,8826969897fffff,15.243469690516557
2015000000253-1885801,retired,male,83.0,mon,2016-07-25,23-24,23,home,8826969897fffff,15.243469690516557,8826969897fffff,15.243469690516557
2015000000253-1885801,retired,male,83.0,tue,2016-07-26,00-01,24,home,8826969897fffff,11.494731755952465,8826969897fffff,11.494731755952465
2015000000253-1885801,retired,male,83.0,tue,2016-07-26,01-02,25,home,8826969897fffff,11.494731755952465,8826969897fffff,11.494731755952465
2015000000253-1885801,retired,male,83.0,tue,2016-07-26,02-03,26,home,8826969897fffff,11.494731755952465,8826969897fffff,11.494731755952465
2015000000253-1885801,retired,male,83.0,tue,2016-07-26,03-04,27,home,8826969897fffff,11.494731755952465,8826969897fffff,11.494731755952465
2015000000253-1885801,retired,male,83.0,tue,2016-07-26,04-05,28,home,8826969897fffff,11.494731755952465,8826969897fffff,11.494731755952465
2015000000253-1885801,retired,male,83.0,tue,2016-07-26,05-06,29,home,8826969897fffff,11.494731755952465,8826969897fffff,11.494731755952465
2015000000253-1885801,retired,male,83.0,tue,2016-07-26,06-07,30,home,8826969897fffff,11.494731755952465,8826969897fffff,11.494731755952465
2015000000253-1885801,retired,male,83.0,tue,2016-07-26,07-08,31,home,8826969897fffff,11.494731755952465,8826969897fffff,11.494731755952465
2015000000253-1885801,retired,male,83.0,tue,2016-07-26,08-09,32,exercise,8826969893fffff,9.506684734166676,8826969897fffff,11.494731755952465
2015000000253-1885801,retired,male,83.0,tue,2016-07-26,09-10,33,exercise,8826969893fffff,9.506684734166676,8826969897fffff,11.494731755952465
2015000000253-1885801,retired,male,83.0,tue,2016-07-26,10-11,34,home,8826969897fffff,11.494731755952465,8826969897fffff,11.494731755952465
2015000000253-1885801,retired,male,83.0,tue,2016-07-26,11-12,35,home,8826969897fffff,11.494731755952465,8826969897fffff,11.494731755952465
2015000000253-1885801,retired,male,83.0,tue,2016-07-26,12-13,36,home,8826969897fffff,11.494731755952465,8826969897fffff,11.494731755952465
2015000000253-1885801,retired,male,83.0,tue,2016-07-26,13-14,37,home,8826969897fffff,11.494731755952465,8826969897fffff,11.494731755952465
2015000000253-1885801,retired,male,83.0,tue,2016-07-26,14-15,38,home,8826969897fffff,11.494731755952465,8826969897fffff,11.494731755952465
2015000000253-1885801,retired,male,83.0,tue,2016-07-26,15-16,39,home,8826969897fffff,11.494731755952465,8826969897fffff,11.494731755952465
2015000000253-1885801,retired,male,83.0,tue,2016-07-26,16-17,40,home,8826969897fffff,11.494731755952465,8826969897fffff,11.494731755952465
2015000000253-1885801,retired,male,83.0,tue,2016-07-26,17-18,41,home,8826969897fffff,11.494731755952465,8826969897fffff,11.494731755952465
2015000000253-1885801,retired,male,83.0,tue,2016-07-26,18-19,42,home,8826969897fffff,11.494731755952465,8826969897fffff,11.494731755952465
2015000000253-1885801,retired,male,83.0,tue,2016-07-26,19-20,43,home,8826969897fffff,11.494731755952465,8826969897fffff,11.494731755952465
2015000000253-1885801,retired,male,83.0,tue,2016-07-26,20-21,44,home,8826969897fffff,11.494731755952465,8826969897fffff,11.494731755952465
2015000000253-1885801,retired,male,83.0,tue,2016-07-26,21-22,45,home,8826969897fffff,11.494731755952465,8826969897fffff,11.494731755952465
2015000000253-1885801,retired,male,83.0,tue,2016-07-26,22-23,46,home,8826969897fffff,11.494731755952465,8826969897fffff,11.494731755952465
2015000000253-1885801,retired,male,83.0,tue,2016-07-26,23-24,47,home,8826969897fffff,11.494731755952465,8826969897fffff,11.494731755952465
2015000000253-1885801,retired,male,83.0,wed,2016-07-27,00-01,48,home,8826969897fffff,10.79646488225417,8826969897fffff,10.79646488225417
2015000000253-1885801,retired,male,83.0,wed,2016-07-27,01-02,49,home,8826969897fffff,10.79646488225417,8826969897fffff,10.79646488225417
2015000000253-1885801,retired,male,83.0,wed,2016-07-27,02-03,50,home,8826969897fffff,10.79646488225417,8826969897fffff,10.79646488225417
2015000000253-1885801,retired,male,83.0,wed,2016-07-27,03-04,51,home,8826969897fffff,10.79646488225417,8826969897fffff,10.79646488225417
2015000000253-1885801,retired,male,83.0,wed,2016-07-27,04-05,52,home,8826969897fffff,10.79646488225417,8826969897fffff,10.79646488225417
2015000000253-1885801,retired,male,83.0,wed,2016-07-27,05-06,53,home,8826969897fffff,10.79646488225417,8826969897fffff,10.79646488225417
2015000000253-1885801,retired,male,83.0,wed,2016-07-27,06-07,54,home,8826969897fffff,10.79646488225417,8826969897fffff,10.79646488225417
2015000000253-1885801,retired,male,83.0,wed,2016-07-27,07-08,55,home,8826969897fffff,10.79646488225417,8826969897fffff,10.79646488225417
2015000000253-1885801,retired,male,83.0,wed,2016-07-27,08-09,56,leisure,882696989bfffff,8.700941809839858,8826969897fffff,10.79646488225417
2015000000253-1885801,retired,male,83.0,wed,2016-07-27,09-10,57,leisure,882696989bfffff,8.700941809839858,8826969897fffff,10.79646488225417
2015000000253-1885801,retired,male,83.0,wed,2016-07-27,10-11,58,home,8826969897fffff,10.79646488225417,8826969897fffff,10.79646488225417
2015000000253-1885801,retired,male,83.0,wed,2016-07-27,11-12,59,home,8826969897fffff,10.79646488225417,8826969897fffff,10.79646488225417
2015000000253-1885801,retired,male,83.0,wed,2016-07-27,12-13,60,home,8826969897fffff,10.79646488225417,8826969897fffff,10.79646488225417
2015000000253-1885801,retired,male,83.0,wed,2016-07-27,13-14,61,home,8826969897fffff,10.79646488225417,8826969897fffff,10.79646488225417
2015000000253-1885801,retired,male,83.0,wed,2016-07-27,14-15,62,home,8826969897fffff,10.79646488225417,8826969897fffff,10.79646488225417
2015000000253-1885801,retired,male,83.0,wed,2016-07-27,15-16,63,home,8826969897fffff,10.79646488225417,8826969897fffff,10.79646488225417
2015000000253-1885801,retired,male,83.0,wed,2016-07-27,16-17,64,home,8826969897fffff,10.79646488225417,8826969897fffff,10.79646488225417
2015000000253-1885801,retired,male,83.0,wed,2016-07-27,17-18,65,home,8826969897fffff,10.79646488225417,8826969897fffff,10.79646488225417
2015000000253-1885801,retired,male,83.0,wed,2016-07-27,18-19,66,home,8826969897fffff,10.79646488225417,8826969897fffff,10.79646488225417
2015000000253-1885801,retired,male,83.0,wed,2016-07-27,19-20,67,home,8826969897fffff,10.79646488225417,8826969897fffff,10.79646488225417
2015000000253-1885801,retired,male,83.0,wed,2016-07-27,20-21,68,home,8826969897fffff,10.79646488225417,8826969897fffff,10.79646488225417
2015000000253-1885801,retired,male,83.0,wed,2016-07-27,21-22,69,home,8826969897fffff,10.79646488225417,8826969897fffff,10.79646488225417
2015000000253-1885801,retired,male,83.0,wed,2016-07-27,22-23,70,home,8826969897fffff,10.79646488225417,8826969897fffff,10.79646488225417
2015000000253-1885801,retired,male,83.0,wed,2016-07-27,23-24,71,home,8826969897fffff,10.79646488225417,8826969897fffff,10.79646488225417
2015000000253-1885801,retired,male,83.0,thu,2016-07-28,00-01,72,home,8826969897fffff,11.580832866520593,8826969897fffff,11.580832866520593
2015000000253-1885801,retired,male,83.0,thu,2016-07-28,01-02,73,home,8826969897fffff,11.580832866520593,8826969897fffff,11.580832866520593
2015000000253-1885801,retired,male,83.0,thu,2016-07-28,02-03,74,home,8826969897fffff,11.580832866520593,8826969897fffff,11.580832866520593
2015000000253-1885801,retired,male,83.0,thu,2016-07-28,03-04,75,home,8826969897fffff,11.580832866520593,8826969897fffff,11.580832866520593
2015000000253-1885801,retired,male,83.0,thu,2016-07-28,04-05,76,home,8826969897fffff,11.580832866520593,8826969897fffff,11.580832866520593
2015000000253-1885801,retired,male,83.0,thu,2016-07-28,05-06,77,home,8826969897fffff,11.580832866520593,8826969897fffff,11.580832866520593
2015000000253-1885801,retired,male,83.0,thu,2016-07-28,06-07,78,home,8826969897fffff,11.580832866520593,8826969897fffff,11.580832866520593
2015000000253-1885801,retired,male,83.0,thu,2016-07-28,07-08,79,home,8826969897fffff,11.580832866520593,8826969897fffff,11.580832866520593
2015000000253-1885801,retired,male,83.0,thu,2016-07-28,08-09,80,home,8826969897fffff,11.580832866520593,8826969897fffff,11.580832866520593
2015000000253-1885801,retired,male,83.0,thu,2016-07-28,09-10,81,home,8826969897fffff,11.580832866520593,8826969897fffff,11.580832866520593
2015000000253-1885801,retired,male,83.0,thu,2016-07-28,10-11,82,change_transp,8826968147fffff,9.4009209514651,8826969897fffff,11.580832866520593
2015000000253-1885801,retired,male,83.0,thu,2016-07-28,11-12,83,home,8826969897fffff,11.580832866520593,8826969897fffff,11.580832866520593
2015000000253-1885801,retired,male,83.0,thu,2016-07-28,12-13,84,home,8826969897fffff,11.580832866520593,8826969897fffff,11.580832866520593
2015000000253-1885801,retired,male,83.0,thu,2016-07-28,13-14,85,home,8826969897fffff,11.580832866520593,8826969897fffff,11.580832866520593
2015000000253-1885801,retired,male,83.0,thu,2016-07-28,14-15,86,home,8826969897fffff,11.580832866520593,8826969897fffff,11.580832866520593
2015000000253-1885801,retired,male,83.0,thu,2016-07-28,15-16,87,home,8826969897fffff,11.580832866520593,8826969897fffff,11.580832866520593
2015000000253-1885801,retired,male,83.0,thu,2016-07-28,16-17,88,home,8826969897fffff,11.580832866520593,8826969897fffff,11.580832866520593
2015000000253-1885801,retired,male,83.0,thu,2016-07-28,17-18,89,home,8826969897fffff,11.580832866520593,8826969897fffff,11.580832866520593
2015000000253-1885801,retired,male,83.0,thu,2016-07-28,18-19,90,home,8826969897fffff,11.580832866520593,8826969897fffff,11.580832866520593
2015000000253-1885801,retired,male,83.0,thu,2016-07-28,19-20,91,home,8826969897fffff,11.580832866520593,8826969897fffff,11.580832866520593
2015000000253-1885801,retired,male,83.0,thu,2016-07-28,20-21,92,home,8826969897fffff,11.580832866520593,8826969897fffff,11.580832866520593
2015000000253-1885801,retired,male,83.0,thu,2016-07-28,21-22,93,home,8826969897fffff,11.580832866520593,8826969897fffff,11.580832866520593
2015000000253-1885801,retired,male,83.0,thu,2016-07-28,22-23,94,home,8826969897fffff,11.580832866520593,8826969897fffff,11.580832866520593
2015000000253-1885801,retired,male,83.0,thu,2016-07-28,23-24,95,home,8826969897fffff,11.580832866520593,8826969897fffff,11.580832866520593
2015000000253-1885801,retired,male,83.0,fri,2016-07-29,00-01,96,home,8826969897fffff,13.007218289862701,8826969897fffff,13.007218289862701
2015000000253-1885801,retired,male,83.0,fri,2016-07-29,01-02,97,home,8826969897fffff,13.007218289862701,8826969897fffff,13.007218289862701
2015000000253-1885801,retired,male,83.0,fri,2016-07-29,02-03,98,home,8826969897fffff,13.007218289862701,8826969897fffff,13.007218289862701
2015000000253-1885801,retired,male,83.0,fri,2016-07-29,03-04,99,home,8826969897fffff,13.007218289862701,8826969897fffff,13.007218289862701
2015000000253-1885801,retired,male,83.0,fri,2016-07-29,04-05,100,home,8826969897fffff,13.007218289862701,8826969897fffff,13.007218289862701
2015000000253-1885801,retired,male,83.0,fri,2016-07-29,05-06,101,home,8826969897fffff,13.007218289862701,8826969897fffff,13.007218289862701
2015000000253-1885801,retired,male,83.0,fri,2016-07-29,06-07,102,home,8826969897fffff,13.007218289862701,8826969897fffff,13.007218289862701
2015000000253-1885801,retired,male,83.0,fri,2016-07-29,07-08,103,home,8826969897fffff,13.007218289862701,8826969897fffff,13.007218289862701
2015000000253-1885801,retired,male,83.0,fri,2016-07-29,08-09,104,home,8826969897fffff,13.007218289862701,8826969897fffff,13.007218289862701
2015000000253-1885801,retired,male,83.0,fri,2016-07-29,09-10,105,home,8826969897fffff,13.007218289862701,8826969897fffff,13.007218289862701
2015000000253-1885801,retired,male,83.0,fri,2016-07-29,10-11,106,retail,8826969893fffff,10.774671184581356,8826969897fffff,13.007218289862701
2015000000253-1885801,retired,male,83.0,fri,2016-07-29,11-12,107,childcare,8826968161fffff,13.314751276192299,8826969897fffff,13.007218289862701
2015000000253-1885801,retired,male,83.0,fri,2016-07-29,12-13,108,childcare,8826968161fffff,13.314751276192299,8826969897fffff,13.007218289862701
2015000000253-1885801,retired,male,83.0,fri,2016-07-29,13-14,109,childcare,8826968161fffff,13.314751276192299,8826969897fffff,13.007218289862701
2015000000253-1885801,retired,male,83.0,fri,2016-07-29,14-15,110,childcare,8826968161fffff,13.314751276192299,8826969897fffff,13.007218289862701
2015000000253-1885801,retired,male,83.0,fri,2016-07-29,15-16,111,childcare,8826968161fffff,13.314751276192299,8826969897fffff,13.007218289862701
2015000000253-1885801,retired,male,83.0,fri,2016-07-29,16-17,112,childcare,8826968161fffff,13.314751276192299,8826969897fffff,13.007218289862701
2015000000253-1885801,retired,male,83.0,fri,2016-07-29,17-18,113,home,8826969897fffff,13.007218289862701,8826969897fffff,13.007218289862701
2015000000253-1885801,retired,male,83.0,fri,2016-07-29,18-19,114,home,8826969897fffff,13.007218289862701,8826969897fffff,13.007218289862701
2015000000253-1885801,retired,male,83.0,fri,2016-07-29,19-20,115,home,8826969897fffff,13.007218289862701,8826969897fffff,13.007218289862701
2015000000253-1885801,retired,male,83.0,fri,2016-07-29,20-21,116,home,8826969897fffff,13.007218289862701,8826969897fffff,13.007218289862701
2015000000253-1885801,retired,male,83.0,fri,2016-07-29,21-22,117,home,8826969897fffff,13.007218289862701,8826969897fffff,13.007218289862701
2015000000253-1885801,retired,male,83.0,fri,2016-07-29,22-23,118,home,8826969897fffff,13.007218289862701,8826969897fffff,13.007218289862701
2015000000253-1885801,retired,male,83.0,fri,2016-07-29,23-24,119,home,8826969897fffff,13.007218289862701,8826969897fffff,13.007218289862701
2015000000253-1885801,retired,male,83.0,sat,2016-07-30,00-01,120,home,8826969897fffff,11.88912625555765,8826969897fffff,11.88912625555765
2015000000253-1885801,retired,male,83.0,sat,2016-07-30,01-02,121,home,8826969897fffff,11.88912625555765,8826969897fffff,11.88912625555765
2015000000253-1885801,retired,male,83.0,sat,2016-07-30,02-03,122,home,8826969897fffff,11.88912625555765,8826969897fffff,11.88912625555765
2015000000253-1885801,retired,male,83.0,sat,2016-07-30,03-04,123,home,8826969897fffff,11.88912625555765,8826969897fffff,11.88912625555765
2015000000253-1885801,retired,male,83.0,sat,2016-07-30,04-05,124,home,8826969897fffff,11.88912625555765,8826969897fffff,11.88912625555765
2015000000253-1885801,retired,male,83.0,sat,2016-07-30,05-06,125,home,8826969897fffff,11.88912625555765,8826969897fffff,11.88912625555765
2015000000253-1885801,retired,male,83.0,sat,2016-07-30,06-07,126,home,8826969897fffff,11.88912625555765,8826969897fffff,11.88912625555765
2015000000253-1885801,retired,male,83.0,sat,2016-07-30,07-08,127,home,8826969897fffff,11.88912625555765,8826969897fffff,11.88912625555765
2015000000253-1885801,retired,male,83.0,sat,2016-07-30,08-09,128,home,8826969897fffff,11.88912625555765,8826969897fffff,11.88912625555765
2015000000253-1885801,retired,male,83.0,sat,2016-07-30,09-10,129,home,8826969897fffff,11.88912625555765,8826969897fffff,11.88912625555765
2015000000253-1885801,retired,male,83.0,sat,2016-07-30,10-11,130,home,8826969897fffff,11.88912625555765,8826969897fffff,11.88912625555765
2015000000253-1885801,retired,male,83.0,sat,2016-07-30,11-12,131,leisure,8826968161fffff,12.245358147615601,8826969897fffff,11.88912625555765
2015000000253-1885801,retired,male,83.0,sat,2016-07-30,12-13,132,volunteer,8826968105fffff,12.78856881774908,8826969897fffff,11.88912625555765
2015000000253-1885801,retired,male,83.0,sat,2016-07-30,13-14,133,volunteer,8826968105fffff,12.78856881774908,8826969897fffff,11.88912625555765
2015000000253-1885801,retired,male,83.0,sat,2016-07-30,14-15,134,volunteer,8826968107fffff,10.821435188849593,8826969897fffff,11.88912625555765
2015000000253-1885801,retired,male,83.0,sat,2016-07-30,15-16,135,volunteer,8826968105fffff,12.78856881774908,8826969897fffff,11.88912625555765
2015000000253-1885801,retired,male,83.0,sat,2016-07-30,16-17,136,volunteer,8826968105fffff,12.78856881774908,8826969897fffff,11.88912625555765
2015000000253-1885801,retired,male,83.0,sat,2016-07-30,17-18,137,home,8826969897fffff,11.88912625555765,8826969897fffff,11.88912625555765
2015000000253-1885801,retired,male,83.0,sat,2016-07-30,18-19,138,home,8826969897fffff,11.88912625555765,8826969897fffff,11.88912625555765
2015000000253-1885801,retired,male,83.0,sat,2016-07-30,19-20,139,home,8826969897fffff,11.88912625555765,8826969897fffff,11.88912625555765
2015000000253-1885801,retired,male,83.0,sat,2016-07-30,20-21,140,home,8826969897fffff,11.88912625555765,8826969897fffff,11.88912625555765
2015000000253-1885801,retired,male,83.0,sat,2016-07-30,21-22,141,home,8826969897fffff,11.88912625555765,8826969897fffff,11.88912625555765
2015000000253-1885801,retired,male,83.0,sat,2016-07-30,22-23,142,home,8826969897fffff,11.88912625555765,8826969897fffff,11.88912625555765
2015000000253-1885801,retired,male,83.0,sat,2016-07-30,23-24,143,home,8826969897fffff,11.88912625555765,8826969897fffff,11.88912625555765
2015000000253-1885801,retired,male,83.0,sun,2016-07-31,00-01,144,home,8826969897fffff,11.730578586927884,8826969897fffff,11.730578586927884
2015000000253-1885801,retired,male,83.0,sun,2016-07-31,01-02,145,home,8826969897fffff,11.730578586927884,8826969897fffff,11.730578586927884
2015000000253-1885801,retired,male,83.0,sun,2016-07-31,02-03,146,home,8826969897fffff,11.730578586927884,8826969897fffff,11.730578586927884
2015000000253-1885801,retired,male,83.0,sun,2016-07-31,03-04,147,home,8826969897fffff,11.730578586927884,8826969897fffff,11.730578586927884
2015000000253-1885801,retired,male,83.0,sun,2016-07-31,04-05,148,home,8826969897fffff,11.730578586927884,8826969897fffff,11.730578586927884
2015000000253-1885801,retired,male,83.0,sun,2016-07-31,05-06,149,home,8826969897fffff,11.730578586927884,8826969897fffff,11.730578586927884
2015000000253-1885801,retired,male,83.0,sun,2016-07-31,06-07,150,retail,8826968161fffff,11.88277082392354,8826969897fffff,11.730578586927884
2015000000253-1885801,retired,male,83.0,sun,2016-07-31,07-08,151,childcare,8826968167fffff,13.056426243325962,8826969897fffff,11.730578586927884
2015000000253-1885801,retired,male,83.0,sun,2016-07-31,08-09,152,childcare,8826968167fffff,13.056426243325962,8826969897fffff,11.730578586927884
2015000000253-1885801,retired,male,83.0,sun,2016-07-31,09-10,153,home,8826969897fffff,11.730578586927884,8826969897fffff,11.730578586927884
2015000000253-1885801,retired,male,83.0,sun,2016-07-31,10-11,154,home,8826969897fffff,11.730578586927884,8826969897fffff,11.730578586927884
2015000000253-1885801,retired,male,83.0,sun,2016-07-31,11-12,155,home,8826969897fffff,11.730578586927884,8826969897fffff,11.730578586927884
2015000000253-1885801,retired,male,83.0,sun,2016-07-31,12-13,156,home,8826969897fffff,11.730578586927884,8826969897fffff,11.730578586927884
2015000000253-1885801,retired,male,83.0,sun,2016-07-31,13-14,157,home,8826969897fffff,11.730578586927884,8826969897fffff,11.730578586927884
2015000000253-1885801,retired,male,83.0,sun,2016-07-31,14-15,158,home,8826969897fffff,11.730578586927884,8826969897fffff,11.730578586927884
2015000000253-1885801,retired,male,83.0,sun,2016-07-31,15-16,159,home,8826969897fffff,11.730578586927884,8826969897fffff,11.730578586927884
2015000000253-1885801,retired,male,83.0,sun,2016-07-31,16-17,160,home,8826969897fffff,11.730578586927884,8826969897fffff,11.730578586927884
2015000000253-1885801,retired,male,83.0,sun,2016-07-31,17-18,161,home,8826969897fffff,11.730578586927884,8826969897fffff,11.730578586927884
2015000000253-1885801,retired,male,83.0,sun,2016-07-31,18-19,162,home,8826969897fffff,11.730578586927884,8826969897fffff,11.730578586927884
2015000000253-1885801,retired,male,83.0,sun,2016-07-31,19-20,163,home,8826969897fffff,11.730578586927884,8826969897fffff,11.730578586927884
2015000000253-1885801,retired,male,83.0,sun,2016-07-31,20-21,164,home,8826969897fffff,11.730578586927884,8826969897fffff,11.730578586927884
2015000000253-1885801,retired,male,83.0,sun,2016-07-31,21-22,165,home,8826969897fffff,11.730578586927884,8826969897fffff,11.730578586927884
2015000000253-1885801,retired,male,83.0,sun,2016-07-31,22-23,166,home,8826969897fffff,11.730578586927884,8826969897fffff,11.730578586927884
2015000000253-1885801,retired,male,83.0,sun,2016-07-31,23-24,167,home,8826969897fffff,11.730578586927884,8826969897fffff,11.730578586927884
2015000000253-1885802,retired,female,72.0,mon,2016-07-25,00-01,0,home,8826969897fffff,15.243469690516557,8826969897fffff,15.243469690516557
2015000000253-1885802,retired,female,72.0,mon,2016-07-25,01-02,1,home,8826969897fffff,15.243469690516557,8826969897fffff,15.243469690516557
2015000000253-1885802,retired,female,72.0,mon,2016-07-25,02-03,2,home,8826969897fffff,15.243469690516557,8826969897fffff,15.243469690516557
2015000000253-1885802,retired,female,72.0,mon,2016-07-25,03-04,3,home,8826969897fffff,15.243469690516557,8826969897fffff,15.243469690516557
2015000000253-1885802,retired,female,72.0,mon,2016-07-25,04-05,4,home,8826969897fffff,15.243469690516557,8826969897fffff,15.243469690516557
2015000000253-1885802,retired,female,72.0,mon,2016-07-25,05-06,5,home,8826969897fffff,15.243469690516557,8826969897fffff,15.243469690516557
2015000000253-1885802,retired,female,72.0,mon,2016-07-25,06-07,6,home,8826969897fffff,15.243469690516557,8826969897fffff,15.243469690516557
2015000000253-1885802,retired,female,72.0,mon,2016-07-25,07-08,7,medical,8826969893fffff,13.533380519132898,8826969897fffff,15.243469690516557
2015000000253-1885802,retired,female,72.0,mon,2016-07-25,08-09,8,home,8826969897fffff,15.243469690516557,8826969897fffff,15.243469690516557
2015000000253-1885802,retired,female,72.0,mon,2016-07-25,09-10,9,home,8826969897fffff,15.243469690516557,8826969897fffff,15.243469690516557
2015000000253-1885802,retired,female,72.0,mon,2016-07-25,10-11,10,home,8826969897fffff,15.243469690516557,8826969897fffff,15.243469690516557
2015000000253-1885802,retired,female,72.0,mon,2016-07-25,11-12,11,home,8826969897fffff,15.243469690516557,8826969897fffff,15.243469690516557
2015000000253-1885802,retired,female,72.0,mon,2016-07-25,12-13,12,home,8826969897fffff,15.243469690516557,8826969897fffff,15.243469690516557
2015000000253-1885802,retired,female,72.0,mon,2016-07-25,13-14,13,home,8826969897fffff,15.243469690516557,8826969897fffff,15.243469690516557
2015000000253-1885802,retired,female,72.0,mon,2016-07-25,14-15,14,home,8826969897fffff,15.243469690516557,8826969897fffff,15.243469690516557
2015000000253-1885802,retired,female,72.0,mon,2016-07-25,15-16,15,home,8826969897fffff,15.243469690516557,8826969897fffff,15.243469690516557
2015000000253-1885802,retired,female,72.0,mon,2016-07-25,16-17,16,home,8826969897fffff,15.243469690516557,8826969897fffff,15.243469690516557
2015000000253-1885802,retired,female,72.0,mon,2016-07-25,17-18,17,home,8826969897fffff,15.243469690516557,8826969897fffff,15.243469690516557
2015000000253-1885802,retired,female,72.0,mon,2016-07-25,18-19,18,home,8826969897fffff,15.243469690516557,8826969897fffff,15.243469690516557
2015000000253-1885802,retired,female,72.0,mon,2016-07-25,19-20,19,home,8826969897fffff,15.243469690516557,8826969897fffff,15.243469690516557
2015000000253-1885802,retired,female,72.0,mon,2016-07-25,20-21,20,home,8826969897fffff,15.243469690516557,8826969897fffff,15.243469690516557
2015000000253-1885802,retired,female,72.0,mon,2016-07-25,21-22,21,home,8826969897fffff,15.243469690516557,8826969897fffff,15.243469690516557
2015000000253-1885802,retired,female,72.0,mon,2016-07-25,22-23,22,home,8826969897fffff,15.243469690516557,8826969897fffff,15.243469690516557
2015000000253-1885802,retired,female,72.0,mon,2016-07-25,23-24,23,home,8826969897fffff,15.243469690516557,8826969897fffff,15.243469690516557
2015000000253-1885802,retired,female,72.0,tue,2016-07-26,00-01,24,home,8826969897fffff,11.494731755952465,8826969897fffff,11.494731755952465
2015000000253-1885802,retired,female,72.0,tue,2016-07-26,01-02,25,home,8826969897fffff,11.494731755952465,8826969897fffff,11.494731755952465
2015000000253-1885802,retired,female,72.0,tue,2016-07-26,02-03,26,home,8826969897fffff,11.494731755952465,8826969897fffff,11.494731755952465
2015000000253-1885802,retired,female,72.0,tue,2016-07-26,03-04,27,home,8826969897fffff,11.494731755952465,8826969897fffff,11.494731755952465
2015000000253-1885802,retired,female,72.0,tue,2016-07-26,04-05,28,home,8826969897fffff,11.494731755952465,8826969897fffff,11.494731755952465
2015000000253-1885802,retired,female,72.0,tue,2016-07-26,05-06,29,home,8826969897fffff,11.494731755952465,8826969897fffff,11.494731755952465
2015000000253-1885802,retired,female,72.0,tue,2016-07-26,06-07,30,childcare,88269698bbfffff,12.532088457277888,8826969897fffff,11.494731755952465
2015000000253-1885802,retired,female,72.0,tue,2016-07-26,07-08,31,childcare,88269698bbfffff,12.532088457277888,8826969897fffff,11.494731755952465
2015000000253-1885802,retired,female,72.0,tue,2016-07-26,08-09,32,home,8826969897fffff,11.494731755952465,8826969897fffff,11.494731755952465
2015000000253-1885802,retired,female,72.0,tue,2016-07-26,09-10,33,home,8826969897fffff,11.494731755952465,8826969897fffff,11.494731755952465
2015000000253-1885802,retired,female,72.0,tue,2016-07-26,10-11,34,home,8826969897fffff,11.494731755952465,8826969897fffff,11.494731755952465
2015000000253-1885802,retired,female,72.0,tue,2016-07-26,11-12,35,home,8826969897fffff,11.494731755952465,8826969897fffff,11.494731755952465
2015000000253-1885802,retired,female,72.0,tue,2016-07-26,12-13,36,home,8826969897fffff,11.494731755952465,8826969897fffff,11.494731755952465
2015000000253-1885802,retired,female,72.0,tue,2016-07-26,13-14,37,home,8826969897fffff,11.494731755952465,8826969897fffff,11.494731755952465
2015000000253-1885802,retired,female,72.0,tue,2016-07-26,14-15,38,home,8826969897fffff,11.494731755952465,8826969897fffff,11.494731755952465
2015000000253-1885802,retired,female,72.0,tue,2016-07-26,15-16,39,home,8826969897fffff,11.494731755952465,8826969897fffff,11.494731755952465
2015000000253-1885802,retired,female,72.0,tue,2016-07-26,16-17,40,home,8826969897fffff,11.494731755952465,8826969897fffff,11.494731755952465
2015000000253-1885802,retired,female,72.0,tue,2016-07-26,17-18,41,home,8826969897fffff,11.494731755952465,8826969897fffff,11.494731755952465
2015000000253-1885802,retired,female,72.0,tue,2016-07-26,18-19,42,home,8826969897fffff,11.494731755952465,8826969897fffff,11.494731755952465
2015000000253-1885802,retired,female,72.0,tue,2016-07-26,19-20,43,home,8826969897fffff,11.494731755952465,8826969897fffff,11.494731755952465
2015000000253-1885802,retired,female,72.0,tue,2016-07-26,20-21,44,home,8826969897fffff,11.494731755952465,8826969897fffff,11.494731755952465
2015000000253-1885802,retired,female,72.0,tue,2016-07-26,21-22,45,home,8826969897fffff,11.494731755952465,8826969897fffff,11.494731755952465
2015000000253-1885802,retired,female,72.0,tue,2016-07-26,22-23,46,home,8826969897fffff,11.494731755952465,8826969897fffff,11.494731755952465
2015000000253-1885802,retired,female,72.0,tue,2016-07-26,23-24,47,home,8826969897fffff,11.494731755952465,8826969897fffff,11.494731755952465
2015000000253-1885802,retired,female,72.0,wed,2016-07-27,00-01,48,home,8826969897fffff,10.79646488225417,8826969897fffff,10.79646488225417
2015000000253-1885802,retired,female,72.0,wed,2016-07-27,01-02,49,home,8826969897fffff,10.79646488225417,8826969897fffff,10.79646488225417
2015000000253-1885802,retired,female,72.0,wed,2016-07-27,02-03,50,home,8826969897fffff,10.79646488225417,8826969897fffff,10.79646488225417
2015000000253-1885802,retired,female,72.0,wed,2016-07-27,03-04,51,home,8826969897fffff,10.79646488225417,8826969897fffff,10.79646488225417
2015000000253-1885802,retired,female,72.0,wed,2016-07-27,04-05,52,home,8826969897fffff,10.79646488225417,8826969897fffff,10.79646488225417
2015000000253-1885802,retired,female,72.0,wed,2016-07-27,05-06,53,home,8826969897fffff,10.79646488225417,8826969897fffff,10.79646488225417
2015000000253-1885802,retired,female,72.0,wed,2016-07-27,06-07,54,home,8826969897fffff,10.79646488225417,8826969897fffff,10.79646488225417
2015000000253-1885802,retired,female,72.0,wed,2016-07-27,07-08,55,home,8826969897fffff,10.79646488225417,8826969897fffff,10.79646488225417
2015000000253-1885802,retired,female,72.0,wed,2016-07-27,08-09,56,home,8826969897fffff,10.79646488225417,8826969897fffff,10.79646488225417
2015000000253-1885802,retired,female,72.0,wed,2016-07-27,09-10,57,home,8826969897fffff,10.79646488225417,8826969897fffff,10.79646488225417
2015000000253-1885802,retired,female,72.0,wed,2016-07-27,10-11,58,medical,8826969893fffff,8.75912995046959,8826969897fffff,10.79646488225417
2015000000253-1885802,retired,female,72.0,wed,2016-07-27,11-12,59,medical,8826969893fffff,8.75912995046959,8826969897fffff,10.79646488225417
2015000000253-1885802,retired,female,72.0,wed,2016-07-27,12-13,60,medical,8826969893fffff,8.75912995046959,8826969897fffff,10.79646488225417
2015000000253-1885802,retired,female,72.0,wed,2016-07-27,13-14,61,home,8826969897fffff,10.79646488225417,8826969897fffff,10.79646488225417
2015000000253-1885802,retired,female,72.0,wed,2016-07-27,14-15,62,home,8826969897fffff,10.79646488225417,8826969897fffff,10.79646488225417
2015000000253-1885802,retired,female,72.0,wed,2016-07-27,15-16,63,home,8826969897fffff,10.79646488225417,8826969897fffff,10.79646488225417
2015000000253-1885802,retired,female,72.0,wed,2016-07-27,16-17,64,home,8826969897fffff,10.79646488225417,8826969897fffff,10.79646488225417
2015000000253-1885802,retired,female,72.0,wed,2016-07-27,17-18,65,home,8826969897fffff,10.79646488225417,8826969897fffff,10.79646488225417
2015000000253-1885802,retired,female,72.0,wed,2016-07-27,18-19,66,home,8826969897fffff,10.79646488225417,8826969897fffff,10.79646488225417
2015000000253-1885802,retired,female,72.0,wed,2016-07-27,19-20,67,home,8826969897fffff,10.79646488225417,8826969897fffff,10.79646488225417
2015000000253-1885802,retired,female,72.0,wed,2016-07-27,20-21,68,home,8826969897fffff,10.79646488225417,8826969897fffff,10.79646488225417
2015000000253-1885802,retired,female,72.0,wed,2016-07-27,21-22,69,home,8826969897fffff,10.79646488225417,8826969897fffff,10.79646488225417
2015000000253-1885802,retired,female,72.0,wed,2016-07-27,22-23,70,home,8826969897fffff,10.79646488225417,8826969897fffff,10.79646488225417
2015000000253-1885802,retired,female,72.0,wed,2016-07-27,23-24,71,home,8826969897fffff,10.79646488225417,8826969897fffff,10.79646488225417
2015000000253-1885802,retired,female,72.0,thu,2016-07-28,00-01,72,home,8826969897fffff,11.580832866520593,8826969897fffff,11.580832866520593
2015000000253-1885802,retired,female,72.0,thu,2016-07-28,01-02,73,home,8826969897fffff,11.580832866520593,8826969897fffff,11.580832866520593
2015000000253-1885802,retired,female,72.0,thu,2016-07-28,02-03,74,home,8826969897fffff,11.580832866520593,8826969897fffff,11.580832866520593
2015000000253-1885802,retired,female,72.0,thu,2016-07-28,03-04,75,home,8826969897fffff,11.580832866520593,8826969897fffff,11.580832866520593
2015000000253-1885802,retired,female,72.0,thu,2016-07-28,04-05,76,home,8826969897fffff,11.580832866520593,8826969897fffff,11.580832866520593
2015000000253-1885802,retired,female,72.0,thu,2016-07-28,05-06,77,change_transp,8826968149fffff,9.346770786008411,8826969897fffff,11.580832866520593
2015000000253-1885802,retired,female,72.0,thu,2016-07-28,06-07,78,change_transp,8826968335fffff,8.75574812066867,8826969897fffff,11.580832866520593
2015000000253-1885802,retired,female,72.0,thu,2016-07-28,07-08,79,home,8826969897fffff,11.580832866520593,8826969897fffff,11.580832866520593
2015000000253-1885802,retired,female,72.0,thu,2016-07-28,08-09,80,home,8826969897fffff,11.580832866520593,8826969897fffff,11.580832866520593
2015000000253-1885802,retired,female,72.0,thu,2016-07-28,09-10,81,home,8826969897fffff,11.580832866520593,8826969897fffff,11.580832866520593
2015000000253-1885802,retired,female,72.0,thu,2016-07-28,10-11,82,home,8826969897fffff,11.580832866520593,8826969897fffff,11.580832866520593
2015000000253-1885802,retired,female,72.0,thu,2016-07-28,11-12,83,home,8826969897fffff,11.580832866520593,8826969897fffff,11.580832866520593
2015000000253-1885802,retired,female,72.0,thu,2016-07-28,12-13,84,home,8826969897fffff,11.580832866520593,8826969897fffff,11.580832866520593
2015000000253-1885802,retired,female,72.0,thu,2016-07-28,13-14,85,home,8826969897fffff,11.580832866520593,8826969897fffff,11.580832866520593
2015000000253-1885802,retired,female,72.0,thu,2016-07-28,14-15,86,home,8826969897fffff,11.580832866520593,8826969897fffff,11.580832866520593
2015000000253-1885802,retired,female,72.0,thu,2016-07-28,15-16,87,home,8826969897fffff,11.580832866520593,8826969897fffff,11.580832866520593
2015000000253-1885802,retired,female,72.0,thu,2016-07-28,16-17,88,home,8826969897fffff,11.580832866520593,8826969897fffff,11.580832866520593
2015000000253-1885802,retired,female,72.0,thu,2016-07-28,17-18,89,home,8826969897fffff,11.580832866520593,8826969897fffff,11.580832866520593
2015000000253-1885802,retired,female,72.0,thu,2016-07-28,18-19,90,home,8826969897fffff,11.580832866520593,8826969897fffff,11.580832866520593
2015000000253-1885802,retired,female,72.0,thu,2016-07-28,19-20,91,home,8826969897fffff,11.580832866520593,8826969897fffff,11.580832866520593
2015000000253-1885802,retired,female,72.0,thu,2016-07-28,20-21,92,home,8826969897fffff,11.580832866520593,8826969897fffff,11.580832866520593
2015000000253-1885802,retired,female,72.0,thu,2016-07-28,21-22,93,home,8826969897fffff,11.580832866520593,8826969897fffff,11.580832866520593
2015000000253-1885802,retired,female,72.0,thu,2016-07-28,22-23,94,home,8826969897fffff,11.580832866520593,8826969897fffff,11.580832866520593
2015000000253-1885802,retired,female,72.0,thu,2016-07-28,23-24,95,home,8826969897fffff,11.580832866520593,8826969897fffff,11.580832866520593
2015000000253-1885802,retired,female,72.0,fri,2016-07-29,00-01,96,home,8826969897fffff,13.007218289862701,8826969897fffff,13.007218289862701
2015000000253-1885802,retired,female,72.0,fri,2016-07-29,01-02,97,home,8826969897fffff,13.007218289862701,8826969897fffff,13.007218289862701
2015000000253-1885802,retired,female,72.0,fri,2016-07-29,02-03,98,home,8826969897fffff,13.007218289862701,8826969897fffff,13.007218289862701
2015000000253-1885802,retired,female,72.0,fri,2016-07-29,03-04,99,home,8826969897fffff,13.007218289862701,8826969897fffff,13.007218289862701
2015000000253-1885802,retired,female,72.0,fri,2016-07-29,04-05,100,home,8826969897fffff,13.007218289862701,8826969897fffff,13.007218289862701
2015000000253-1885802,retired,female,72.0,fri,2016-07-29,05-06,101,home,8826969897fffff,13.007218289862701,8826969897fffff,13.007218289862701
2015000000253-1885802,retired,female,72.0,fri,2016-07-29,06-07,102,home,8826969897fffff,13.007218289862701,8826969897fffff,13.007218289862701
2015000000253-1885802,retired,female,72.0,fri,2016-07-29,07-08,103,home,8826969897fffff,13.007218289862701,8826969897fffff,13.007218289862701
2015000000253-1885802,retired,female,72.0,fri,2016-07-29,08-09,104,home,8826969897fffff,13.007218289862701,8826969897fffff,13.007218289862701
2015000000253-1885802,retired,female,72.0,fri,2016-07-29,09-10,105,home,8826969897fffff,13.007218289862701,8826969897fffff,13.007218289862701
2015000000253-1885802,retired,female,72.0,fri,2016-07-29,10-11,106,errands,8826968169fffff,11.454679529548812,8826969897fffff,13.007218289862701
2015000000253-1885802,retired,female,72.0,fri,2016-07-29,11-12,107,home,8826969897fffff,13.007218289862701,8826969897fffff,13.007218289862701
2015000000253-1885802,retired,female,72.0,fri,2016-07-29,12-13,108,home,8826969897fffff,13.007218289862701,8826969897fffff,13.007218289862701
2015000000253-1885802,retired,female,72.0,fri,2016-07-29,13-14,109,home,8826969897fffff,13.007218289862701,8826969897fffff,13.007218289862701
2015000000253-1885802,retired,female,72.0,fri,2016-07-29,14-15,110,home,8826969897fffff,13.007218289862701,8826969897fffff,13.007218289862701
2015000000253-1885802,retired,female,72.0,fri,2016-07-29,15-16,111,home,8826969897fffff,13.007218289862701,8826969897fffff,13.007218289862701
2015000000253-1885802,retired,female,72.0,fri,2016-07-29,16-17,112,home,8826969897fffff,13.007218289862701,8826969897fffff,13.007218289862701
2015000000253-1885802,retired,female,72.0,fri,2016-07-29,17-18,113,home,8826969897fffff,13.007218289862701,8826969897fffff,13.007218289862701
2015000000253-1885802,retired,female,72.0,fri,2016-07-29,18-19,114,home,8826969897fffff,13.007218289862701,8826969897fffff,13.007218289862701
2015000000253-1885802,retired,female,72.0,fri,2016-07-29,19-20,115,home,8826969897fffff,13.007218289862701,8826969897fffff,13.007218289862701
2015000000253-1885802,retired,female,72.0,fri,2016-07-29,20-21,116,home,8826969897fffff,13.007218289862701,8826969897fffff,13.007218289862701
2015000000253-1885802,retired,female,72.0,fri,2016-07-29,21-22,117,home,8826969897fffff,13.007218289862701,8826969897fffff,13.007218289862701
2015000000253-1885802,retired,female,72.0,fri,2016-07-29,22-23,118,home,8826969897fffff,13.007218289862701,8826969897fffff,13.007218289862701
2015000000253-1885802,retired,female,72.0,fri,2016-07-29,23-24,119,home,8826969897fffff,13.007218289862701,8826969897fffff,13.007218289862701
2015000000253-1885802,retired,female,72.0,sat,2016-07-30,00-01,120,home,8826969897fffff,11.88912625555765,8826969897fffff,11.88912625555765
2015000000253-1885802,retired,female,72.0,sat,2016-07-30,01-02,121,home,8826969897fffff,11.88912625555765,8826969897fffff,11.88912625555765
2015000000253-1885802,retired,female,72.0,sat,2016-07-30,02-03,122,home,8826969897fffff,11.88912625555765,8826969897fffff,11.88912625555765
2015000000253-1885802,retired,female,72.0,sat,2016-07-30,03-04,123,home,8826969897fffff,11.88912625555765,8826969897fffff,11.88912625555765
2015000000253-1885802,retired,female,72.0,sat,2016-07-30,04-05,124,home,8826969897fffff,11.88912625555765,8826969897fffff,11.88912625555765
2015000000253-1885802,retired,female,72.0,sat,2016-07-30,05-06,125,home,8826969897fffff,11.88912625555765,8826969897fffff,11.88912625555765
2015000000253-1885802,retired,female,72.0,sat,2016-07-30,06-07,126,home,8826969897fffff,11.88912625555765,8826969897fffff,11.88912625555765
2015000000253-1885802,retired,female,72.0,sat,2016-07-30,07-08,127,home,8826969897fffff,11.88912625555765,8826969897fffff,11.88912625555765
2015000000253-1885802,retired,female,72.0,sat,2016-07-30,08-09,128,home,8826969897fffff,11.88912625555765,8826969897fffff,11.88912625555765
2015000000253-1885802,retired,female,72.0,sat,2016-07-30,09-10,129,home,8826969897fffff,11.88912625555765,8826969897fffff,11.88912625555765
2015000000253-1885802,retired,female,72.0,sat,2016-07-30,10-11,130,home,8826969897fffff,11.88912625555765,8826969897fffff,11.88912625555765
2015000000253-1885802,retired,female,72.0,sat,2016-07-30,11-12,131,meals,88269698b9fffff,11.404346431534771,8826969897fffff,11.88912625555765
2015000000253-1885802,retired,female,72.0,sat,2016-07-30,12-13,132,meals,88269698b9fffff,11.404346431534771,8826969897fffff,11.88912625555765
2015000000253-1885802,retired,female,72.0,sat,2016-07-30,13-14,133,meals,88269698b9fffff,11.404346431534771,8826969897fffff,11.88912625555765
2015000000253-1885802,retired,female,72.0,sat,2016-07-30,14-15,134,meals,88269698b9fffff,11.404346431534771,8826969897fffff,11.88912625555765
2015000000253-1885802,retired,female,72.0,sat,2016-07-30,15-16,135,change_transp,88269698d5fffff,8.86448360679313,8826969897fffff,11.88912625555765
2015000000253-1885802,retired,female,72.0,sat,2016-07-30,16-17,136,volunteer,88269698dbfffff,9.20474899962021,8826969897fffff,11.88912625555765
2015000000253-1885802,retired,female,72.0,sat,2016-07-30,17-18,137,volunteer,88269698dbfffff,9.20474899962021,8826969897fffff,11.88912625555765
2015000000253-1885802,retired,female,72.0,sat,2016-07-30,18-19,138,volunteer,88269698dbfffff,9.20474899962021,8826969897fffff,11.88912625555765
2015000000253-1885802,retired,female,72.0,sat,2016-07-30,19-20,139,home,8826969897fffff,11.88912625555765,8826969897fffff,11.88912625555765
2015000000253-1885802,retired,female,72.0,sat,2016-07-30,20-21,140,home,8826969897fffff,11.88912625555765,8826969897fffff,11.88912625555765
2015000000253-1885802,retired,female,72.0,sat,2016-07-30,21-22,141,home,8826969897fffff,11.88912625555765,8826969897fffff,11.88912625555765
2015000000253-1885802,retired,female,72.0,sat,2016-07-30,22-23,142,home,8826969897fffff,11.88912625555765,8826969897fffff,11.88912625555765
2015000000253-1885802,retired,female,72.0,sat,2016-07-30,23-24,143,home,8826969897fffff,11.88912625555765,8826969897fffff,11.88912625555765
2015000000253-1885802,retired,female,72.0,sun,2016-07-31,00-01,144,home,8826969897fffff,11.730578586927884,8826969897fffff,11.730578586927884
2015000000253-1885802,retired,female,72.0,sun,2016-07-31,01-02,145,home,8826969897fffff,11.730578586927884,8826969897fffff,11.730578586927884
2015000000253-1885802,retired,female,72.0,sun,2016-07-31,02-03,146,home,8826969897fffff,11.730578586927884,8826969897fffff,11.730578586927884
2015000000253-1885802,retired,female,72.0,sun,2016-07-31,03-04,147,home,8826969897fffff,11.730578586927884,8826969897fffff,11.730578586927884
2015000000253-1885802,retired,female,72.0,sun,2016-07-31,04-05,148,home,8826969897fffff,11.730578586927884,8826969897fffff,11.730578586927884
2015000000253-1885802,retired,female,72.0,sun,2016-07-31,05-06,149,home,8826969897fffff,11.730578586927884,8826969897fffff,11.730578586927884
2015000000253-1885802,retired,female,72.0,sun,2016-07-31,06-07,150,home,8826969897fffff,11.730578586927884,8826969897fffff,11.730578586927884
2015000000253-1885802,retired,female,72.0,sun,2016-07-31,07-08,151,home,8826969897fffff,11.730578586927884,8826969897fffff,11.730578586927884
2015000000253-1885802,retired,female,72.0,sun,2016-07-31,08-09,152,home,8826969897fffff,11.730578586927884,8826969897fffff,11.730578586927884
2015000000253-1885802,retired,female,72.0,sun,2016-07-31,09-10,153,home,8826969897fffff,11.730578586927884,8826969897fffff,11.730578586927884
2015000000253-1885802,retired,female,72.0,sun,2016-07-31,10-11,154,home,8826969897fffff,11.730578586927884,8826969897fffff,11.730578586927884
2015000000253-1885802,retired,female,72.0,sun,2016-07-31,11-12,155,home,8826969897fffff,11.730578586927884,8826969897fffff,11.730578586927884
2015000000253-1885802,retired,female,72.0,sun,2016-07-31,12-13,156,home,8826969897fffff,11.730578586927884,8826969897fffff,11.730578586927884
2015000000253-1885802,retired,female,72.0,sun,2016-07-31,13-14,157,home,8826969897fffff,11.730578586927884,8826969897fffff,11.730578586927884
2015000000253-1885802,retired,female,72.0,sun,2016-07-31,14-15,158,home,8826969897fffff,11.730578586927884,8826969897fffff,11.730578586927884
2015000000253-1885802,retired,female,72.0,sun,2016-07-31,15-16,159,home,8826969897fffff,11.730578586927884,8826969897fffff,11.730578586927884
2015000000253-1885802,retired,female,72.0,sun,2016-07-31,16-17,160,home,8826969897fffff,11.730578586927884,8826969897fffff,11.730578586927884
2015000000253-1885802,retired,female,72.0,sun,2016-07-31,17-18,161,home,8826969897fffff,11.730578586927884,8826969897fffff,11.730578586927884
2015000000253-1885802,retired,female,72.0,sun,2016-07-31,18-19,162,home,8826969897fffff,11.730578586927884,8826969897fffff,11.730578586927884
2015000000253-1885802,retired,female,72.0,sun,2016-07-31,19-20,163,home,8826969897fffff,11.730578586927884,8826969897fffff,11.730578586927884
2015000000253-1885802,retired,female,72.0,sun,2016-07-31,20-21,164,home,8826969897fffff,11.730578586927884,8826969897fffff,11.730578586927884
2015000000253-1885802,retired,female,72.0,sun,2016-07-31,21-22,165,home,8826969897fffff,11.730578586927884,8826969897fffff,11.730578586927884
2015000000253-1885802,retired,female,72.0,sun,2016-07-31,22-23,166,home,8826969897fffff,11.730578586927884,8826969897fffff,11.730578586927884
2015000000253-1885802,retired,female,72.0,sun,2016-07-31,23-24,167,home,8826969897fffff,11.730578586927884,8826969897fffff,11.730578586927884
2015000000253-1885803,student__lf_elig,male,16.0,mon,2016-07-25,00-01,0,home,8826969897fffff,15.243469690516557,8826969897fffff,15.243469690516557
2015000000253-1885803,student__lf_elig,male,16.0,mon,2016-07-25,01-02,1,home,8826969897fffff,15.243469690516557,8826969897fffff,15.243469690516557
2015000000253-1885803,student__lf_elig,male,16.0,mon,2016-07-25,02-03,2,home,8826969897fffff,15.243469690516557,8826969897fffff,15.243469690516557
2015000000253-1885803,student__lf_elig,male,16.0,mon,2016-07-25,03-04,3,home,8826969897fffff,15.243469690516557,8826969897fffff,15.243469690516557
2015000000253-1885803,student__lf_elig,male,16.0,mon,2016-07-25,04-05,4,home,8826969897fffff,15.243469690516557,8826969897fffff,15.243469690516557
2015000000253-1885803,student__lf_elig,male,16.0,mon,2016-07-25,05-06,5,home,8826969897fffff,15.243469690516557,8826969897fffff,15.243469690516557
2015000000253-1885803,student__lf_elig,male,16.0,mon,2016-07-25,06-07,6,home,8826969897fffff,15.243469690516557,8826969897fffff,15.243469690516557
2015000000253-1885803,student__lf_elig,male,16.0,mon,2016-07-25,07-08,7,school,8826968001fffff,13.616529428067597,8826969897fffff,15.243469690516557
2015000000253-1885803,student__lf_elig,male,16.0,mon,2016-07-25,08-09,8,medical,8826968029fffff,13.542870917279446,8826969897fffff,15.243469690516557
2015000000253-1885803,student__lf_elig,male,16.0,mon,2016-07-25,09-10,9,home,8826969897fffff,15.243469690516557,8826969897fffff,15.243469690516557
2015000000253-1885803,student__lf_elig,male,16.0,mon,2016-07-25,10-11,10,home,8826969897fffff,15.243469690516557,8826969897fffff,15.243469690516557
2015000000253-1885803,student__lf_elig,male,16.0,mon,2016-07-25,11-12,11,home,8826969897fffff,15.243469690516557,8826969897fffff,15.243469690516557
2015000000253-1885803,student__lf_elig,male,16.0,mon,2016-07-25,12-13,12,home,8826969897fffff,15.243469690516557,8826969897fffff,15.243469690516557
2015000000253-1885803,student__lf_elig,male,16.0,mon,2016-07-25,13-14,13,home,8826969897fffff,15.243469690516557,8826969897fffff,15.243469690516557
2015000000253-1885803,student__lf_elig,male,16.0,mon,2016-07-25,14-15,14,home,8826969897fffff,15.243469690516557,8826969897fffff,15.243469690516557
2015000000253-1885803,student__lf_elig,male,16.0,mon,2016-07-25,15-16,15,home,8826969897fffff,15.243469690516557,8826969897fffff,15.243469690516557
2015000000253-1885803,student__lf_elig,male,16.0,mon,2016-07-25,16-17,16,home,8826969897fffff,15.243469690516557,8826969897fffff,15.243469690516557
2015000000253-1885803,student__lf_elig,male,16.0,mon,2016-07-25,17-18,17,home,8826969897fffff,15.243469690516557,8826969897fffff,15.243469690516557
2015000000253-1885803,student__lf_elig,male,16.0,mon,2016-07-25,18-19,18,home,8826969897fffff,15.243469690516557,8826969897fffff,15.243469690516557
2015000000253-1885803,student__lf_elig,male,16.0,mon,2016-07-25,19-20,19,home,8826969897fffff,15.243469690516557,8826969897fffff,15.243469690516557
2015000000253-1885803,student__lf_elig,male,16.0,mon,2016-07-25,20-21,20,home,8826969897fffff,15.243469690516557,8826969897fffff,15.243469690516557
2015000000253-1885803,student__lf_elig,male,16.0,mon,2016-07-25,21-22,21,home,8826969897fffff,15.243469690516557,8826969897fffff,15.243469690516557
2015000000253-1885803,student__lf_elig,male,16.0,mon,2016-07-25,22-23,22,home,8826969897fffff,15.243469690516557,8826969897fffff,15.243469690516557
2015000000253-1885803,student__lf_elig,male,16.0,mon,2016-07-25,23-24,23,home,8826969897fffff,15.243469690516557,8826969897fffff,15.243469690516557
2015000000253-1885803,student__lf_elig,male,16.0,tue,2016-07-26,00-01,24,home,8826969897fffff,11.494731755952465,8826969897fffff,11.494731755952465
2015000000253-1885803,student__lf_elig,male,16.0,tue,2016-07-26,01-02,25,home,8826969897fffff,11.494731755952465,8826969897fffff,11.494731755952465
2015000000253-1885803,student__lf_elig,male,16.0,tue,2016-07-26,02-03,26,home,8826969897fffff,11.494731755952465,8826969897fffff,11.494731755952465
2015000000253-1885803,student__lf_elig,male,16.0,tue,2016-07-26,03-04,27,home,8826969897fffff,11.494731755952465,8826969897fffff,11.494731755952465
2015000000253-1885803,student__lf_elig,male,16.0,tue,2016-07-26,04-05,28,home,8826969897fffff,11.494731755952465,8826969897fffff,11.494731755952465
2015000000253-1885803,student__lf_elig,male,16.0,tue,2016-07-26,05-06,29,home,8826969897fffff,11.494731755952465,8826969897fffff,11.494731755952465
2015000000253-1885803,student__lf_elig,male,16.0,tue,2016-07-26,06-07,30,home,8826969897fffff,11.494731755952465,8826969897fffff,11.494731755952465
2015000000253-1885803,student__lf_elig,male,16.0,tue,2016-07-26,07-08,31,school,8826968001fffff,9.362616349271969,8826969897fffff,11.494731755952465
2015000000253-1885803,student__lf_elig,male,16.0,tue,2016-07-26,08-09,32,school,8826968001fffff,9.362616349271969,8826969897fffff,11.494731755952465
2015000000253-1885803,student__lf_elig,male,16.0,tue,2016-07-26,09-10,33,school,8826968001fffff,9.362616349271969,8826969897fffff,11.494731755952465
2015000000253-1885803,student__lf_elig,male,16.0,tue,2016-07-26,10-11,34,school,8826968001fffff,9.362616349271969,8826969897fffff,11.494731755952465
2015000000253-1885803,student__lf_elig,male,16.0,tue,2016-07-26,11-12,35,school,8826968001fffff,9.362616349271969,8826969897fffff,11.494731755952465
2015000000253-1885803,student__lf_elig,male,16.0,tue,2016-07-26,12-13,36,school,8826968001fffff,9.362616349271969,8826969897fffff,11.494731755952465
2015000000253-1885803,student__lf_elig,male,16.0,tue,2016-07-26,13-14,37,visit_friends_relatives,8826968015fffff,9.091210043684313,8826969897fffff,11.494731755952465
2015000000253-1885803,student__lf_elig,male,16.0,tue,2016-07-26,14-15,38,visit_friends_relatives,8826968015fffff,9.091210043684313,8826969897fffff,11.494731755952465
2015000000253-1885803,student__lf_elig,male,16.0,tue,2016-07-26,15-16,39,meals,8826968031fffff,8.965176161167193,8826969897fffff,11.494731755952465
2015000000253-1885803,student__lf_elig,male,16.0,tue,2016-07-26,16-17,40,home,8826969897fffff,11.494731755952465,8826969897fffff,11.494731755952465
2015000000253-1885803,student__lf_elig,male,16.0,tue,2016-07-26,17-18,41,home,8826969897fffff,11.494731755952465,8826969897fffff,11.494731755952465
2015000000253-1885803,student__lf_elig,male,16.0,tue,2016-07-26,18-19,42,home,8826969897fffff,11.494731755952465,8826969897fffff,11.494731755952465
2015000000253-1885803,student__lf_elig,male,16.0,tue,2016-07-26,19-20,43,home,8826969897fffff,11.494731755952465,8826969897fffff,11.494731755952465
2015000000253-1885803,student__lf_elig,male,16.0,tue,2016-07-26,20-21,44,home,8826969897fffff,11.494731755952465,8826969897fffff,11.494731755952465
2015000000253-1885803,student__lf_elig,male,16.0,tue,2016-07-26,21-22,45,home,8826969897fffff,11.494731755952465,8826969897fffff,11.494731755952465
2015000000253-1885803,student__lf_elig,male,16.0,tue,2016-07-26,22-23,46,home,8826969897fffff,11.494731755952465,8826969897fffff,11.494731755952465
2015000000253-1885803,student__lf_elig,male,16.0,tue,2016-07-26,23-24,47,home,8826969897fffff,11.494731755952465,8826969897fffff,11.494731755952465
2015000000253-1885803,student__lf_elig,male,16.0,wed,2016-07-27,00-01,48,home,8826969897fffff,10.79646488225417,8826969897fffff,10.79646488225417
2015000000253-1885803,student__lf_elig,male,16.0,wed,2016-07-27,01-02,49,home,8826969897fffff,10.79646488225417,8826969897fffff,10.79646488225417
2015000000253-1885803,student__lf_elig,male,16.0,wed,2016-07-27,02-03,50,home,8826969897fffff,10.79646488225417,8826969897fffff,10.79646488225417
2015000000253-1885803,student__lf_elig,male,16.0,wed,2016-07-27,03-04,51,home,8826969897fffff,10.79646488225417,8826969897fffff,10.79646488225417
2015000000253-1885803,student__lf_elig,male,16.0,wed,2016-07-27,04-05,52,home,8826969897fffff,10.79646488225417,8826969897fffff,10.79646488225417
2015000000253-1885803,student__lf_elig,male,16.0,wed,2016-07-27,05-06,53,home,8826969897fffff,10.79646488225417,8826969897fffff,10.79646488225417
2015000000253-1885803,student__lf_elig,male,16.0,wed,2016-07-27,06-07,54,home,8826969897fffff,10.79646488225417,8826969897fffff,10.79646488225417
2015000000253-1885803,student__lf_elig,male,16.0,wed,2016-07-27,07-08,55,school,8826968001fffff,8.656221480031094,8826969897fffff,10.79646488225417
2015000000253-1885803,student__lf_elig,male,16.0,wed,2016-07-27,08-09,56,school,8826968001fffff,8.656221480031094,8826969897fffff,10.79646488225417
2015000000253-1885803,student__lf_elig,male,16.0,wed,2016-07-27,09-10,57,school,8826968001fffff,8.656221480031094,8826969897fffff,10.79646488225417
2015000000253-1885803,student__lf_elig,male,16.0,wed,2016-07-27,10-11,58,school,8826968001fffff,8.656221480031094,8826969897fffff,10.79646488225417
2015000000253-1885803,student__lf_elig,male,16.0,wed,2016-07-27,11-12,59,volunteer,882696802bfffff,8.090226826906806,8826969897fffff,10.79646488225417
2015000000253-1885803,student__lf_elig,male,16.0,wed,2016-07-27,12-13,60,volunteer,882696802bfffff,8.090226826906806,8826969897fffff,10.79646488225417
2015000000253-1885803,student__lf_elig,male,16.0,wed,2016-07-27,13-14,61,volunteer,882696802bfffff,8.090226826906806,8826969897fffff,10.79646488225417
2015000000253-1885803,student__lf_elig,male,16.0,wed,2016-07-27,14-15,62,volunteer,882696802bfffff,8.090226826906806,8826969897fffff,10.79646488225417
2015000000253-1885803,student__lf_elig,male,16.0,wed,2016-07-27,15-16,63,volunteer,882696802bfffff,8.090226826906806,8826969897fffff,10.79646488225417
2015000000253-1885803,student__lf_elig,male,16.0,wed,2016-07-27,16-17,64,leisure,8826968067fffff,8.815358352561235,8826969897fffff,10.79646488225417
2015000000253-1885803,student__lf_elig,male,16.0,wed,2016-07-27,17-18,65,leisure,8826968067fffff,8.815358352561235,8826969897fffff,10.79646488225417
2015000000253-1885803,student__lf_elig,male,16.0,wed,2016-07-27,18-19,66,leisure,8826968067fffff,8.815358352561235,8826969897fffff,10.79646488225417
2015000000253-1885803,student__lf_elig,male,16.0,wed,2016-07-27,19-20,67,home,8826969897fffff,10.79646488225417,8826969897fffff,10.79646488225417
2015000000253-1885803,student__lf_elig,male,16.0,wed,2016-07-27,20-21,68,home,8826969897fffff,10.79646488225417,8826969897fffff,10.79646488225417
2015000000253-1885803,student__lf_elig,male,16.0,wed,2016-07-27,21-22,69,home,8826969897fffff,10.79646488225417,8826969897fffff,10.79646488225417
2015000000253-1885803,student__lf_elig,male,16.0,wed,2016-07-27,22-23,70,home,8826969897fffff,10.79646488225417,8826969897fffff,10.79646488225417
2015000000253-1885803,student__lf_elig,male,16.0,wed,2016-07-27,23-24,71,home,8826969897fffff,10.79646488225417,8826969897fffff,10.79646488225417
2015000000253-1885803,student__lf_elig,male,16.0,thu,2016-07-28,00-01,72,home,8826969897fffff,11.580832866520593,8826969897fffff,11.580832866520593
2015000000253-1885803,student__lf_elig,male,16.0,thu,2016-07-28,01-02,73,home,8826969897fffff,11.580832866520593,8826969897fffff,11.580832866520593
2015000000253-1885803,student__lf_elig,male,16.0,thu,2016-07-28,02-03,74,home,8826969897fffff,11.580832866520593,8826969897fffff,11.580832866520593
2015000000253-1885803,student__lf_elig,male,16.0,thu,2016-07-28,03-04,75,home,8826969897fffff,11.580832866520593,8826969897fffff,11.580832866520593
2015000000253-1885803,student__lf_elig,male,16.0,thu,2016-07-28,04-05,76,home,8826969897fffff,11.580832866520593,8826969897fffff,11.580832866520593
2015000000253-1885803,student__lf_elig,male,16.0,thu,2016-07-28,05-06,77,home,8826969897fffff,11.580832866520593,8826969897fffff,11.580832866520593
2015000000253-1885803,student__lf_elig,male,16.0,thu,2016-07-28,06-07,78,home,8826969897fffff,11.580832866520593,8826969897fffff,11.580832866520593
2015000000253-1885803,student__lf_elig,male,16.0,thu,2016-07-28,07-08,79,school,8826968001fffff,9.017418571507731,8826969897fffff,11.580832866520593
2015000000253-1885803,student__lf_elig,male,16.0,thu,2016-07-28,08-09,80,school,8826968001fffff,9.017418571507731,8826969897fffff,11.580832866520593
2015000000253-1885803,student__lf_elig,male,16.0,thu,2016-07-28,09-10,81,school,8826968001fffff,9.017418571507731,8826969897fffff,11.580832866520593
2015000000253-1885803,student__lf_elig,male,16.0,thu,2016-07-28,10-11,82,school,8826968001fffff,9.017418571507731,8826969897fffff,11.580832866520593
2015000000253-1885803,student__lf_elig,male,16.0,thu,2016-07-28,11-12,83,medical,882696803dfffff,8.366232809601952,8826969897fffff,11.580832866520593
2015000000253-1885803,student__lf_elig,male,16.0,thu,2016-07-28,12-13,84,medical,882696803dfffff,8.366232809601952,8826969897fffff,11.580832866520593
2015000000253-1885803,student__lf_elig,male,16.0,thu,2016-07-28,13-14,85,home,8826969897fffff,11.580832866520593,8826969897fffff,11.580832866520593
2015000000253-1885803,student__lf_elig,male,16.0,thu,2016-07-28,14-15,86,home,8826969897fffff,11.580832866520593,8826969897fffff,11.580832866520593
2015000000253-1885803,student__lf_elig,male,16.0,thu,2016-07-28,15-16,87,home,8826969897fffff,11.580832866520593,8826969897fffff,11.580832866520593
2015000000253-1885803,student__lf_elig,male,16.0,thu,2016-07-28,16-17,88,home,8826969897fffff,11.580832866520593,8826969897fffff,11.580832866520593
2015000000253-1885803,student__lf_elig,male,16.0,thu,2016-07-28,17-18,89,home,8826969897fffff,11.580832866520593,8826969897fffff,11.580832866520593
2015000000253-1885803,student__lf_elig,male,16.0,thu,2016-07-28,18-19,90,home,8826969897fffff,11.580832866520593,8826969897fffff,11.580832866520593
2015000000253-1885803,student__lf_elig,male,16.0,thu,2016-07-28,19-20,91,home,8826969897fffff,11.580832866520593,8826969897fffff,11.580832866520593
2015000000253-1885803,student__lf_elig,male,16.0,thu,2016-07-28,20-21,92,home,8826969897fffff,11.580832866520593,8826969897fffff,11.580832866520593
2015000000253-1885803,student__lf_elig,male,16.0,thu,2016-07-28,21-22,93,home,8826969897fffff,11.580832866520593,8826969897fffff,11.580832866520593
2015000000253-1885803,student__lf_elig,male,16.0,thu,2016-07-28,22-23,94,home,8826969897fffff,11.580832866520593,8826969897fffff,11.580832866520593
2015000000253-1885803,student__lf_elig,male,16.0,thu,2016-07-28,23-24,95,home,8826969897fffff,11.580832866520593,8826969897fffff,11.580832866520593
2015000000253-1885803,student__lf_elig,male,16.0,fri,2016-07-29,00-01,96,home,8826969897fffff,13.007218289862701,8826969897fffff,13.007218289862701
2015000000253-1885803,student__lf_elig,male,16.0,fri,2016-07-29,01-02,97,home,8826969897fffff,13.007218289862701,8826969897fffff,13.007218289862701
2015000000253-1885803,student__lf_elig,male,16.0,fri,2016-07-29,02-03,98,home,8826969897fffff,13.007218289862701,8826969897fffff,13.007218289862701
2015000000253-1885803,student__lf_elig,male,16.0,fri,2016-07-29,03-04,99,home,8826969897fffff,13.007218289862701,8826969897fffff,13.007218289862701
2015000000253-1885803,student__lf_elig,male,16.0,fri,2016-07-29,04-05,100,home,8826969897fffff,13.007218289862701,8826969897fffff,13.007218289862701
2015000000253-1885803,student__lf_elig,male,16.0,fri,2016-07-29,05-06,101,home,8826969897fffff,13.007218289862701,8826969897fffff,13.007218289862701
2015000000253-1885803,student__lf_elig,male,16.0,fri,2016-07-29,06-07,102,home,8826969897fffff,13.007218289862701,8826969897fffff,13.007218289862701
2015000000253-1885803,student__lf_elig,male,16.0,fri,2016-07-29,07-08,103,school,8826968001fffff,10.964903948714339,8826969897fffff,13.007218289862701
2015000000253-1885803,student__lf_elig,male,16.0,fri,2016-07-29,08-09,104,leisure,8826968003fffff,10.463918803564141,8826969897fffff,13.007218289862701
2015000000253-1885803,student__lf_elig,male,16.0,fri,2016-07-29,09-10,105,leisure,8826968003fffff,10.463918803564141,8826969897fffff,13.007218289862701
2015000000253-1885803,student__lf_elig,male,16.0,fri,2016-07-29,10-11,106,home,8826969897fffff,13.007218289862701,8826969897fffff,13.007218289862701
2015000000253-1885803,student__lf_elig,male,16.0,fri,2016-07-29,11-12,107,home,8826969897fffff,13.007218289862701,8826969897fffff,13.007218289862701
2015000000253-1885803,student__lf_elig,male,16.0,fri,2016-07-29,12-13,108,home,8826969897fffff,13.007218289862701,8826969897fffff,13.007218289862701
2015000000253-1885803,student__lf_elig,male,16.0,fri,2016-07-29,13-14,109,home,8826969897fffff,13.007218289862701,8826969897fffff,13.007218289862701
2015000000253-1885803,student__lf_elig,male,16.0,fri,2016-07-29,14-15,110,home,8826969897fffff,13.007218289862701,8826969897fffff,13.007218289862701
2015000000253-1885803,student__lf_elig,male,16.0,fri,2016-07-29,15-16,111,home,8826969897fffff,13.007218289862701,8826969897fffff,13.007218289862701
2015000000253-1885803,student__lf_elig,male,16.0,fri,2016-07-29,16-17,112,home,8826969897fffff,13.007218289862701,8826969897fffff,13.007218289862701
2015000000253-1885803,student__lf_elig,male,16.0,fri,2016-07-29,17-18,113,home,8826969897fffff,13.007218289862701,8826969897fffff,13.007218289862701
2015000000253-1885803,student__lf_elig,male,16.0,fri,2016-07-29,18-19,114,home,8826969897fffff,13.007218289862701,8826969897fffff,13.007218289862701
2015000000253-1885803,student__lf_elig,male,16.0,fri,2016-07-29,19-20,115,home,8826969897fffff,13.007218289862701,8826969897fffff,13.007218289862701
2015000000253-1885803,student__lf_elig,male,16.0,fri,2016-07-29,20-21,116,home,8826969897fffff,13.007218289862701,8826969897fffff,13.007218289862701
2015000000253-1885803,student__lf_elig,male,16.0,fri,2016-07-29,21-22,117,home,8826969897fffff,13.007218289862701,8826969897fffff,13.007218289862701
2015000000253-1885803,student__lf_elig,male,16.0,fri,2016-07-29,22-23,118,home,8826969897fffff,13.007218289862701,8826969897fffff,13.007218289862701
2015000000253-1885803,student__lf_elig,male,16.0,fri,2016-07-29,23-24,119,home,8826969897fffff,13.007218289862701,8826969897fffff,13.007218289862701
2015000000253-1885803,student__lf_elig,male,16.0,sat,2016-07-30,00-01,120,home,8826969897fffff,11.88912625555765,8826969897fffff,11.88912625555765
2015000000253-1885803,student__lf_elig,male,16.0,sat,2016-07-30,01-02,121,home,8826969897fffff,11.88912625555765,8826969897fffff,11.88912625555765
2015000000253-1885803,student__lf_elig,male,16.0,sat,2016-07-30,02-03,122,home,8826969897fffff,11.88912625555765,8826969897fffff,11.88912625555765
2015000000253-1885803,student__lf_elig,male,16.0,sat,2016-07-30,03-04,123,home,8826969897fffff,11.88912625555765,8826969897fffff,11.88912625555765
2015000000253-1885803,student__lf_elig,male,16.0,sat,2016-07-30,04-05,124,home,8826969897fffff,11.88912625555765,8826969897fffff,11.88912625555765
2015000000253-1885803,student__lf_elig,male,16.0,sat,2016-07-30,05-06,125,home,8826969897fffff,11.88912625555765,8826969897fffff,11.88912625555765
2015000000253-1885803,student__lf_elig,male,16.0,sat,2016-07-30,06-07,126,school,8826968001fffff,9.30821679765993,8826969897fffff,11.88912625555765
2015000000253-1885803,student__lf_elig,male,16.0,sat,2016-07-30,07-08,127,school,8826968001fffff,9.30821679765993,8826969897fffff,11.88912625555765
2015000000253-1885803,student__lf_elig,male,16.0,sat,2016-07-30,08-09,128,school,8826968001fffff,9.30821679765993,8826969897fffff,11.88912625555765
2015000000253-1885803,student__lf_elig,male,16.0,sat,2016-07-30,09-10,129,exercise,882696802bfffff,8.809009626811909,8826969897fffff,11.88912625555765
2015000000253-1885803,student__lf_elig,male,16.0,sat,2016-07-30,10-11,130,exercise,882696802bfffff,8.809009626811909,8826969897fffff,11.88912625555765
2015000000253-1885803,student__lf_elig,male,16.0,sat,2016-07-30,11-12,131,home,8826969897fffff,11.88912625555765,8826969897fffff,11.88912625555765
2015000000253-1885803,student__lf_elig,male,16.0,sat,2016-07-30,12-13,132,home,8826969897fffff,11.88912625555765,8826969897fffff,11.88912625555765
2015000000253-1885803,student__lf_elig,male,16.0,sat,2016-07-30,13-14,133,home,8826969897fffff,11.88912625555765,8826969897fffff,11.88912625555765
2015000000253-1885803,student__lf_elig,male,16.0,sat,2016-07-30,14-15,134,home,8826969897fffff,11.88912625555765,8826969897fffff,11.88912625555765
2015000000253-1885803,student__lf_elig,male,16.0,sat,2016-07-30,15-16,135,home,8826969897fffff,11.88912625555765,8826969897fffff,11.88912625555765
2015000000253-1885803,student__lf_elig,male,16.0,sat,2016-07-30,16-17,136,home,8826969897fffff,11.88912625555765,8826969897fffff,11.88912625555765
2015000000253-1885803,student__lf_elig,male,16.0,sat,2016-07-30,17-18,137,home,8826969897fffff,11.88912625555765,8826969897fffff,11.88912625555765
2015000000253-1885803,student__lf_elig,male,16.0,sat,2016-07-30,18-19,138,home,8826969897fffff,11.88912625555765,8826969897fffff,11.88912625555765
2015000000253-1885803,student__lf_elig,male,16.0,sat,2016-07-30,19-20,139,home,8826969897fffff,11.88912625555765,8826969897fffff,11.88912625555765
2015000000253-1885803,student__lf_elig,male,16.0,sat,2016-07-30,20-21,140,home,8826969897fffff,11.88912625555765,8826969897fffff,11.88912625555765
2015000000253-1885803,student__lf_elig,male,16.0,sat,2016-07-30,21-22,141,home,8826969897fffff,11.88912625555765,8826969897fffff,11.88912625555765
2015000000253-1885803,student__lf_elig,male,16.0,sat,2016-07-30,22-23,142,home,8826969897fffff,11.88912625555765,8826969897fffff,11.88912625555765
2015000000253-1885803,student__lf_elig,male,16.0,sat,2016-07-30,23-24,143,home,8826969897fffff,11.88912625555765,8826969897fffff,11.88912625555765
2015000000253-1885803,student__lf_elig,male,16.0,sun,2016-07-31,00-01,144,home,8826969897fffff,11.730578586927884,8826969897fffff,11.730578586927884
2015000000253-1885803,student__lf_elig,male,16.0,sun,2016-07-31,01-02,145,home,8826969897fffff,11.730578586927884,8826969897fffff,11.730578586927884
2015000000253-1885803,student__lf_elig,male,16.0,sun,2016-07-31,02-03,146,home,8826969897fffff,11.730578586927884,8826969897fffff,11.730578586927884
2015000000253-1885803,student__lf_elig,male,16.0,sun,2016-07-31,03-04,147,home,8826969897fffff,11.730578586927884,8826969897fffff,11.730578586927884
2015000000253-1885803,student__lf_elig,male,16.0,sun,2016-07-31,04-05,148,home,8826969897fffff,11.730578586927884,8826969897fffff,11.730578586927884
2015000000253-1885803,student__lf_elig,male,16.0,sun,2016-07-31,05-06,149,home,8826969897fffff,11.730578586927884,8826969897fffff,11.730578586927884
2015000000253-1885803,student__lf_elig,male,16.0,sun,2016-07-31,06-07,150,religious_community,8826969893fffff,9.501578190535072,8826969897fffff,11.730578586927884
2015000000253-1885803,student__lf_elig,male,16.0,sun,2016-07-31,07-08,151,meals,8826968141fffff,9.153835409357328,8826969897fffff,11.730578586927884
2015000000253-1885803,student__lf_elig,male,16.0,sun,2016-07-31,08-09,152,religious_community,882696810dfffff,10.126155125957748,8826969897fffff,11.730578586927884
2015000000253-1885803,student__lf_elig,male,16.0,sun,2016-07-31,09-10,153,home,8826969897fffff,11.730578586927884,8826969897fffff,11.730578586927884
2015000000253-1885803,student__lf_elig,male,16.0,sun,2016-07-31,10-11,154,home,8826969897fffff,11.730578586927884,8826969897fffff,11.730578586927884
2015000000253-1885803,student__lf_elig,male,16.0,sun,2016-07-31,11-12,155,home,8826969897fffff,11.730578586927884,8826969897fffff,11.730578586927884
2015000000253-1885803,student__lf_elig,male,16.0,sun,2016-07-31,12-13,156,home,8826969897fffff,11.730578586927884,8826969897fffff,11.730578586927884
2015000000253-1885803,student__lf_elig,male,16.0,sun,2016-07-31,13-14,157,home,8826969897fffff,11.730578586927884,8826969897fffff,11.730578586927884
2015000000253-1885803,student__lf_elig,male,16.0,sun,2016-07-31,14-15,158,home,8826969897fffff,11.730578586927884,8826969897fffff,11.730578586927884
2015000000253-1885803,student__lf_elig,male,16.0,sun,2016-07-31,15-16,159,home,8826969897fffff,11.730578586927884,8826969897fffff,11.730578586927884
2015000000253-1885803,student__lf_elig,male,16.0,sun,2016-07-31,16-17,160,home,8826969897fffff,11.730578586927884,8826969897fffff,11.730578586927884
2015000000253-1885803,student__lf_elig,male,16.0,sun,2016-07-31,17-18,161,home,8826969897fffff,11.730578586927884,8826969897fffff,11.730578586927884
2015000000253-1885803,student__lf_elig,male,16.0,sun,2016-07-31,18-19,162,home,8826969897fffff,11.730578586927884,8826969897fffff,11.730578586927884
2015000000253-1885803,student__lf_elig,male,16.0,sun,2016-07-31,19-20,163,home,8826969897fffff,11.730578586927884,8826969897fffff,11.730578586927884
2015000000253-1885803,student__lf_elig,male,16.0,sun,2016-07-31,20-21,164,home,8826969897fffff,11.730578586927884,8826969897fffff,11.730578586927884
2015000000253-1885803,student__lf_elig,male,16.0,sun,2016-07-31,21-22,165,home,8826969897fffff,11.730578586927884,8826969897fffff,11.730578586927884
2015000000253-1885803,student__lf_elig,male,16.0,sun,2016-07-31,22-23,166,home,8826969897fffff,11.730578586927884,8826969897fffff,11.730578586927884
2015000000253-1885803,student__lf_elig,male,16.0,sun,2016-07-31,23-24,167,home,8826969897fffff,11.730578586927884,8826969897fffff,11.730578586927884
2015000000253-1885804,student__age10_15,male,13.0,mon,2016-07-25,00-01,0,home,8826969897fffff,15.243469690516557,8826969897fffff,15.243469690516557
2015000000253-1885804,student__age10_15,male,13.0,mon,2016-07-25,01-02,1,home,8826969897fffff,15.243469690516557,8826969897fffff,15.243469690516557
2015000000253-1885804,student__age10_15,male,13.0,mon,2016-07-25,02-03,2,home,8826969897fffff,15.243469690516557,8826969897fffff,15.243469690516557
2015000000253-1885804,student__age10_15,male,13.0,mon,2016-07-25,03-04,3,home,8826969897fffff,15.243469690516557,8826969897fffff,15.243469690516557
2015000000253-1885804,student__age10_15,male,13.0,mon,2016-07-25,04-05,4,home,8826969897fffff,15.243469690516557,8826969897fffff,15.243469690516557
2015000000253-1885804,student__age10_15,male,13.0,mon,2016-07-25,05-06,5,home,8826969897fffff,15.243469690516557,8826969897fffff,15.243469690516557
2015000000253-1885804,student__age10_15,male,13.0,mon,2016-07-25,06-07,6,home,8826969897fffff,15.243469690516557,8826969897fffff,15.243469690516557
2015000000253-1885804,student__age10_15,male,13.0,mon,2016-07-25,07-08,7,home,8826969897fffff,15.243469690516557,8826969897fffff,15.243469690516557
2015000000253-1885804,student__age10_15,male,13.0,mon,2016-07-25,08-09,8,school,8826969893fffff,13.533380519132898,8826969897fffff,15.243469690516557
2015000000253-1885804,student__age10_15,male,13.0,mon,2016-07-25,09-10,9,school,8826969893fffff,13.533380519132898,8826969897fffff,15.243469690516557
2015000000253-1885804,student__age10_15,male,13.0,mon,2016-07-25,10-11,10,school,8826969893fffff,13.533380519132898,8826969897fffff,15.243469690516557
2015000000253-1885804,student__age10_15,male,13.0,mon,2016-07-25,11-12,11,school,8826969893fffff,13.533380519132898,8826969897fffff,15.243469690516557
2015000000253-1885804,student__age10_15,male,13.0,mon,2016-07-25,12-13,12,school,8826969893fffff,13.533380519132898,8826969897fffff,15.243469690516557
2015000000253-1885804,student__age10_15,male,13.0,mon,2016-07-25,13-14,13,school,8826969893fffff,13.533380519132898,8826969897fffff,15.243469690516557
2015000000253-1885804,student__age10_15,male,13.0,mon,2016-07-25,14-15,14,school,8826969893fffff,13.533380519132898,8826969897fffff,15.243469690516557
2015000000253-1885804,student__age10_15,male,13.0,mon,2016-07-25,15-16,15,school,8826969893fffff,13.533380519132898,8826969897fffff,15.243469690516557
2015000000253-1885804,student__age10_15,male,13.0,mon,2016-07-25,16-17,16,leisure,8826968337fffff,13.403526203799231,8826969897fffff,15.243469690516557
2015000000253-1885804,student__age10_15,male,13.0,mon,2016-07-25,17-18,17,leisure,8826968337fffff,13.403526203799231,8826969897fffff,15.243469690516557
2015000000253-1885804,student__age10_15,male,13.0,mon,2016-07-25,18-19,18,home,8826969897fffff,15.243469690516557,8826969897fffff,15.243469690516557
2015000000253-1885804,student__age10_15,male,13.0,mon,2016-07-25,19-20,19,home,8826969897fffff,15.243469690516557,8826969897fffff,15.243469690516557
2015000000253-1885804,student__age10_15,male,13.0,mon,2016-07-25,20-21,20,home,8826969897fffff,15.243469690516557,8826969897fffff,15.243469690516557
2015000000253-1885804,student__age10_15,male,13.0,mon,2016-07-25,21-22,21,home,8826969897fffff,15.243469690516557,8826969897fffff,15.243469690516557
2015000000253-1885804,student__age10_15,male,13.0,mon,2016-07-25,22-23,22,home,8826969897fffff,15.243469690516557,8826969897fffff,15.243469690516557
2015000000253-1885804,student__age10_15,male,13.0,mon,2016-07-25,23-24,23,home,8826969897fffff,15.243469690516557,8826969897fffff,15.243469690516557
2015000000253-1885804,student__age10_15,male,13.0,tue,2016-07-26,00-01,24,home,8826969897fffff,11.494731755952465,8826969897fffff,11.494731755952465
2015000000253-1885804,student__age10_15,male,13.0,tue,2016-07-26,01-02,25,home,8826969897fffff,11.494731755952465,8826969897fffff,11.494731755952465
2015000000253-1885804,student__age10_15,male,13.0,tue,2016-07-26,02-03,26,home,8826969897fffff,11.494731755952465,8826969897fffff,11.494731755952465
2015000000253-1885804,student__age10_15,male,13.0,tue,2016-07-26,03-04,27,home,8826969897fffff,11.494731755952465,8826969897fffff,11.494731755952465
2015000000253-1885804,student__age10_15,male,13.0,tue,2016-07-26,04-05,28,home,8826969897fffff,11.494731755952465,8826969897fffff,11.494731755952465
2015000000253-1885804,student__age10_15,male,13.0,tue,2016-07-26,05-06,29,home,8826969897fffff,11.494731755952465,8826969897fffff,11.494731755952465
2015000000253-1885804,student__age10_15,male,13.0,tue,2016-07-26,06-07,30,home,8826969897fffff,11.494731755952465,8826969897fffff,11.494731755952465
2015000000253-1885804,student__age10_15,male,13.0,tue,2016-07-26,07-08,31,home,8826969897fffff,11.494731755952465,8826969897fffff,11.494731755952465
2015000000253-1885804,student__age10_15,male,13.0,tue,2016-07-26,08-09,32,school,8826969893fffff,9.506684734166676,8826969897fffff,11.494731755952465
2015000000253-1885804,student__age10_15,male,13.0,tue,2016-07-26,09-10,33,school,8826969893fffff,9.506684734166676,8826969897fffff,11.494731755952465
2015000000253-1885804,student__age10_15,male,13.0,tue,2016-07-26,10-11,34,school,8826969893fffff,9.506684734166676,8826969897fffff,11.494731755952465
2015000000253-1885804,student__age10_15,male,13.0,tue,2016-07-26,11-12,35,school,8826969893fffff,9.506684734166676,8826969897fffff,11.494731755952465
2015000000253-1885804,student__age10_15,male,13.0,tue,2016-07-26,12-13,36,school,8826969893fffff,9.506684734166676,8826969897fffff,11.494731755952465
2015000000253-1885804,student__age10_15,male,13.0,tue,2016-07-26,13-14,37,school,8826969893fffff,9.506684734166676,8826969897fffff,11.494731755952465
2015000000253-1885804,student__age10_15,male,13.0,tue,2016-07-26,14-15,38,school,8826969893fffff,9.506684734166676,8826969897fffff,11.494731755952465
2015000000253-1885804,student__age10_15,male,13.0,tue,2016-07-26,15-16,39,school,8826969893fffff,9.506684734166676,8826969897fffff,11.494731755952465
2015000000253-1885804,student__age10_15,male,13.0,tue,2016-07-26,16-17,40,school,8826969893fffff,9.506684734166676,8826969897fffff,11.494731755952465
2015000000253-1885804,student__age10_15,male,13.0,tue,2016-07-26,17-18,41,school,8826969893fffff,9.506684734166676,8826969897fffff,11.494731755952465
2015000000253-1885804,student__age10_15,male,13.0,tue,2016-07-26,18-19,42,school,8826969893fffff,9.506684734166676,8826969897fffff,11.494731755952465
2015000000253-1885804,student__age10_15,male,13.0,tue,2016-07-26,19-20,43,school,8826969893fffff,9.506684734166676,8826969897fffff,11.494731755952465
2015000000253-1885804,student__age10_15,male,13.0,tue,2016-07-26,20-21,44,school,8826969893fffff,9.506684734166676,8826969897fffff,11.494731755952465
2015000000253-1885804,student__age10_15,male,13.0,tue,2016-07-26,21-22,45,school,8826969893fffff,9.506684734166676,8826969897fffff,11.494731755952465
2015000000253-1885804,student__age10_15,male,13.0,tue,2016-07-26,22-23,46,school,8826969893fffff,9.506684734166676,8826969897fffff,11.494731755952465
2015000000253-1885804,student__age10_15,male,13.0,tue,2016-07-26,23-24,47,home,8826969897fffff,11.494731755952465,8826969897fffff,11.494731755952465
2015000000253-1885804,student__age10_15,male,13.0,wed,2016-07-27,00-01,48,home,8826969897fffff,10.79646488225417,8826969897fffff,10.79646488225417
2015000000253-1885804,student__age10_15,male,13.0,wed,2016-07-27,01-02,49,home,8826969897fffff,10.79646488225417,8826969897fffff,10.79646488225417
2015000000253-1885804,student__age10_15,male,13.0,wed,2016-07-27,02-03,50,home,8826969897fffff,10.79646488225417,8826969897fffff,10.79646488225417
2015000000253-1885804,student__age10_15,male,13.0,wed,2016-07-27,03-04,51,home,8826969897fffff,10.79646488225417,8826969897fffff,10.79646488225417
2015000000253-1885804,student__age10_15,male,13.0,wed,2016-07-27,04-05,52,home,8826969897fffff,10.79646488225417,8826969897fffff,10.79646488225417
2015000000253-1885804,student__age10_15,male,13.0,wed,2016-07-27,05-06,53,home,8826969897fffff,10.79646488225417,8826969897fffff,10.79646488225417
2015000000253-1885804,student__age10_15,male,13.0,wed,2016-07-27,06-07,54,home,8826969897fffff,10.79646488225417,8826969897fffff,10.79646488225417
2015000000253-1885804,student__age10_15,male,13.0,wed,2016-07-27,07-08,55,home,8826969897fffff,10.79646488225417,8826969897fffff,10.79646488225417
2015000000253-1885804,student__age10_15,male,13.0,wed,2016-07-27,08-09,56,school,8826969893fffff,8.75912995046959,8826969897fffff,10.79646488225417
2015000000253-1885804,student__age10_15,male,13.0,wed,2016-07-27,09-10,57,school,8826969893fffff,8.75912995046959,8826969897fffff,10.79646488225417
2015000000253-1885804,student__age10_15,male,13.0,wed,2016-07-27,10-11,58,school,8826969893fffff,8.75912995046959,8826969897fffff,10.79646488225417
2015000000253-1885804,student__age10_15,male,13.0,wed,2016-07-27,11-12,59,school,8826969893fffff,8.75912995046959,8826969897fffff,10.79646488225417
2015000000253-1885804,student__age10_15,male,13.0,wed,2016-07-27,12-13,60,school,8826969893fffff,8.75912995046959,8826969897fffff,10.79646488225417
2015000000253-1885804,student__age10_15,male,13.0,wed,2016-07-27,13-14,61,school,8826969893fffff,8.75912995046959,8826969897fffff,10.79646488225417
2015000000253-1885804,student__age10_15,male,13.0,wed,2016-07-27,14-15,62,services,8826968141fffff,8.38802685192257,8826969897fffff,10.79646488225417
2015000000253-1885804,student__age10_15,male,13.0,wed,2016-07-27,15-16,63,home,8826969897fffff,10.79646488225417,8826969897fffff,10.79646488225417
2015000000253-1885804,student__age10_15,male,13.0,wed,2016-07-27,16-17,64,home,8826969897fffff,10.79646488225417,8826969897fffff,10.79646488225417
2015000000253-1885804,student__age10_15,male,13.0,wed,2016-07-27,17-18,65,home,8826969897fffff,10.79646488225417,8826969897fffff,10.79646488225417
2015000000253-1885804,student__age10_15,male,13.0,wed,2016-07-27,18-19,66,home,8826969897fffff,10.79646488225417,8826969897fffff,10.79646488225417
2015000000253-1885804,student__age10_15,male,13.0,wed,2016-07-27,19-20,67,home,8826969897fffff,10.79646488225417,8826969897fffff,10.79646488225417
2015000000253-1885804,student__age10_15,male,13.0,wed,2016-07-27,20-21,68,home,8826969897fffff,10.79646488225417,8826969897fffff,10.79646488225417
2015000000253-1885804,student__age10_15,male,13.0,wed,2016-07-27,21-22,69,home,8826969897fffff,10.79646488225417,8826969897fffff,10.79646488225417
2015000000253-1885804,student__age10_15,male,13.0,wed,2016-07-27,22-23,70,home,8826969897fffff,10.79646488225417,8826969897fffff,10.79646488225417
2015000000253-1885804,student__age10_15,male,13.0,wed,2016-07-27,23-24,71,home,8826969897fffff,10.79646488225417,8826969897fffff,10.79646488225417
2015000000253-1885804,student__age10_15,male,13.0,thu,2016-07-28,00-01,72,home,8826969897fffff,11.580832866520593,8826969897fffff,11.580832866520593
2015000000253-1885804,student__age10_15,male,13.0,thu,2016-07-28,01-02,73,home,8826969897fffff,11.580832866520593,8826969897fffff,11.580832866520593
2015000000253-1885804,student__age10_15,male,13.0,thu,2016-07-28,02-03,74,home,8826969897fffff,11.580832866520593,8826969897fffff,11.580832866520593
2015000000253-1885804,student__age10_15,male,13.0,thu,2016-07-28,03-04,75,home,8826969897fffff,11.580832866520593,8826969897fffff,11.580832866520593
2015000000253-1885804,student__age10_15,male,13.0,thu,2016-07-28,04-05,76,home,8826969897fffff,11.580832866520593,8826969897fffff,11.580832866520593
2015000000253-1885804,student__age10_15,male,13.0,thu,2016-07-28,05-06,77,home,8826969897fffff,11.580832866520593,8826969897fffff,11.580832866520593
2015000000253-1885804,student__age10_15,male,13.0,thu,2016-07-28,06-07,78,home,8826969897fffff,11.580832866520593,8826969897fffff,11.580832866520593
2015000000253-1885804,student__age10_15,male,13.0,thu,2016-07-28,07-08,79,home,8826969897fffff,11.580832866520593,8826969897fffff,11.580832866520593
2015000000253-1885804,student__age10_15,male,13.0,thu,2016-07-28,08-09,80,school,8826969893fffff,9.368475521729003,8826969897fffff,11.580832866520593
2015000000253-1885804,student__age10_15,male,13.0,thu,2016-07-28,09-10,81,school,8826969893fffff,9.368475521729003,8826969897fffff,11.580832866520593
2015000000253-1885804,student__age10_15,male,13.0,thu,2016-07-28,10-11,82,school,8826969893fffff,9.368475521729003,8826969897fffff,11.580832866520593
2015000000253-1885804,student__age10_15,male,13.0,thu,2016-07-28,11-12,83,school,8826969893fffff,9.368475521729003,8826969897fffff,11.580832866520593
2015000000253-1885804,student__age10_15,male,13.0,thu,2016-07-28,12-13,84,school,8826969893fffff,9.368475521729003,8826969897fffff,11.580832866520593
2015000000253-1885804,student__age10_15,male,13.0,thu,2016-07-28,13-14,85,school,8826969893fffff,9.368475521729003,8826969897fffff,11.580832866520593
2015000000253-1885804,student__age10_15,male,13.0,thu,2016-07-28,14-15,86,school,8826969893fffff,9.368475521729003,8826969897fffff,11.580832866520593
2015000000253-1885804,student__age10_15,male,13.0,thu,2016-07-28,15-16,87,meals,8826968141fffff,9.311427077514873,8826969897fffff,11.580832866520593
2015000000253-1885804,student__age10_15,male,13.0,thu,2016-07-28,16-17,88,meals,8826968141fffff,9.311427077514873,8826969897fffff,11.580832866520593
2015000000253-1885804,student__age10_15,male,13.0,thu,2016-07-28,17-18,89,exercise,8826968105fffff,12.18170879596303,8826969897fffff,11.580832866520593
2015000000253-1885804,student__age10_15,male,13.0,thu,2016-07-28,18-19,90,exercise,8826968105fffff,12.18170879596303,8826969897fffff,11.580832866520593
2015000000253-1885804,student__age10_15,male,13.0,thu,2016-07-28,19-20,91,exercise,8826968105fffff,12.18170879596303,8826969897fffff,11.580832866520593
2015000000253-1885804,student__age10_15,male,13.0,thu,2016-07-28,20-21,92,home,8826969897fffff,11.580832866520593,8826969897fffff,11.580832866520593
2015000000253-1885804,student__age10_15,male,13.0,thu,2016-07-28,21-22,93,home,8826969897fffff,11.580832866520593,8826969897fffff,11.580832866520593
2015000000253-1885804,student__age10_15,male,13.0,thu,2016-07-28,22-23,94,home,8826969897fffff,11.580832866520593,8826969897fffff,11.580832866520593
2015000000253-1885804,student__age10_15,male,13.0,thu,2016-07-28,23-24,95,home,8826969897fffff,11.580832866520593,8826969897fffff,11.580832866520593
2015000000253-1885804,student__age10_15,male,13.0,fri,2016-07-29,00-01,96,home,8826969897fffff,13.007218289862701,8826969897fffff,13.007218289862701
2015000000253-1885804,student__age10_15,male,13.0,fri,2016-07-29,01-02,97,home,8826969897fffff,13.007218289862701,8826969897fffff,13.007218289862701
2015000000253-1885804,student__age10_15,male,13.0,fri,2016-07-29,02-03,98,home,8826969897fffff,13.007218289862701,8826969897fffff,13.007218289862701
2015000000253-1885804,student__age10_15,male,13.0,fri,2016-07-29,03-04,99,home,8826969897fffff,13.007218289862701,8826969897fffff,13.007218289862701
2015000000253-1885804,student__age10_15,male,13.0,fri,2016-07-29,04-05,100,home,8826969897fffff,13.007218289862701,8826969897fffff,13.007218289862701
2015000000253-1885804,student__age10_15,male,13.0,fri,2016-07-29,05-06,101,home,8826969897fffff,13.007218289862701,8826969897fffff,13.007218289862701
2015000000253-1885804,student__age10_15,male,13.0,fri,2016-07-29,06-07,102,home,8826969897fffff,13.007218289862701,8826969897fffff,13.007218289862701
2015000000253-1885804,student__age10_15,male,13.0,fri,2016-07-29,07-08,103,home,8826969897fffff,13.007218289862701,8826969897fffff,13.007218289862701
2015000000253-1885804,student__age10_15,male,13.0,fri,2016-07-29,08-09,104,school,8826969893fffff,10.774671184581356,8826969897fffff,13.007218289862701
2015000000253-1885804,student__age10_15,male,13.0,fri,2016-07-29,09-10,105,school,8826969893fffff,10.774671184581356,8826969897fffff,13.007218289862701
2015000000253-1885804,student__age10_15,male,13.0,fri,2016-07-29,10-11,106,school,8826969893fffff,10.774671184581356,8826969897fffff,13.007218289862701
2015000000253-1885804,student__age10_15,male,13.0,fri,2016-07-29,11-12,107,school,8826969893fffff,10.774671184581356,8826969897fffff,13.007218289862701
2015000000253-1885804,student__age10_15,male,13.0,fri,2016-07-29,12-13,108,school,8826969893fffff,10.774671184581356,8826969897fffff,13.007218289862701
2015000000253-1885804,student__age10_15,male,13.0,fri,2016-07-29,13-14,109,school,8826969893fffff,10.774671184581356,8826969897fffff,13.007218289862701
2015000000253-1885804,student__age10_15,male,13.0,fri,2016-07-29,14-15,110,home,8826969897fffff,13.007218289862701,8826969897fffff,13.007218289862701
2015000000253-1885804,student__age10_15,male,13.0,fri,2016-07-29,15-16,111,home,8826969897fffff,13.007218289862701,8826969897fffff,13.007218289862701
2015000000253-1885804,student__age10_15,male,13.0,fri,2016-07-29,16-17,112,home,8826969897fffff,13.007218289862701,8826969897fffff,13.007218289862701
2015000000253-1885804,student__age10_15,male,13.0,fri,2016-07-29,17-18,113,home,8826969897fffff,13.007218289862701,8826969897fffff,13.007218289862701
2015000000253-1885804,student__age10_15,male,13.0,fri,2016-07-29,18-19,114,home,8826969897fffff,13.007218289862701,8826969897fffff,13.007218289862701
2015000000253-1885804,student__age10_15,male,13.0,fri,2016-07-29,19-20,115,home,8826969897fffff,13.007218289862701,8826969897fffff,13.007218289862701
2015000000253-1885804,student__age10_15,male,13.0,fri,2016-07-29,20-21,116,home,8826969897fffff,13.007218289862701,8826969897fffff,13.007218289862701
2015000000253-1885804,student__age10_15,male,13.0,fri,2016-07-29,21-22,117,home,8826969897fffff,13.007218289862701,8826969897fffff,13.007218289862701
2015000000253-1885804,student__age10_15,male,13.0,fri,2016-07-29,22-23,118,home,8826969897fffff,13.007218289862701,8826969897fffff,13.007218289862701
2015000000253-1885804,student__age10_15,male,13.0,fri,2016-07-29,23-24,119,home,8826969897fffff,13.007218289862701,8826969897fffff,13.007218289862701
2015000000253-1885804,student__age10_15,male,13.0,sat,2016-07-30,00-01,120,home,8826969897fffff,11.88912625555765,8826969897fffff,11.88912625555765
2015000000253-1885804,student__age10_15,male,13.0,sat,2016-07-30,01-02,121,home,8826969897fffff,11.88912625555765,8826969897fffff,11.88912625555765
2015000000253-1885804,student__age10_15,male,13.0,sat,2016-07-30,02-03,122,home,8826969897fffff,11.88912625555765,8826969897fffff,11.88912625555765
2015000000253-1885804,student__age10_15,male,13.0,sat,2016-07-30,03-04,123,home,8826969897fffff,11.88912625555765,8826969897fffff,11.88912625555765
2015000000253-1885804,student__age10_15,male,13.0,sat,2016-07-30,04-05,124,home,8826969897fffff,11.88912625555765,8826969897fffff,11.88912625555765
2015000000253-1885804,student__age10_15,male,13.0,sat,2016-07-30,05-06,125,home,8826969897fffff,11.88912625555765,8826969897fffff,11.88912625555765
2015000000253-1885804,student__age10_15,male,13.0,sat,2016-07-30,06-07,126,home,8826969897fffff,11.88912625555765,8826969897fffff,11.88912625555765
2015000000253-1885804,student__age10_15,male,13.0,sat,2016-07-30,07-08,127,home,8826969897fffff,11.88912625555765,8826969897fffff,11.88912625555765
2015000000253-1885804,student__age10_15,male,13.0,sat,2016-07-30,08-09,128,home,8826969897fffff,11.88912625555765,8826969897fffff,11.88912625555765
2015000000253-1885804,student__age10_15,male,13.0,sat,2016-07-30,09-10,129,home,8826969897fffff,11.88912625555765,8826969897fffff,11.88912625555765
2015000000253-1885804,student__age10_15,male,13.0,sat,2016-07-30,10-11,130,home,8826969897fffff,11.88912625555765,8826969897fffff,11.88912625555765
2015000000253-1885804,student__age10_15,male,13.0,sat,2016-07-30,11-12,131,leisure,882696814dfffff,9.585295236247886,8826969897fffff,11.88912625555765
2015000000253-1885804,student__age10_15,male,13.0,sat,2016-07-30,12-13,132,leisure,882696814dfffff,9.585295236247886,8826969897fffff,11.88912625555765
2015000000253-1885804,student__age10_15,male,13.0,sat,2016-07-30,13-14,133,leisure,882696814dfffff,9.585295236247886,8826969897fffff,11.88912625555765
2015000000253-1885804,student__age10_15,male,13.0,sat,2016-07-30,14-15,134,leisure,882696814dfffff,9.585295236247886,8826969897fffff,11.88912625555765
2015000000253-1885804,student__age10_15,male,13.0,sat,2016-07-30,15-16,135,leisure,882696814dfffff,9.585295236247886,8826969897fffff,11.88912625555765
2015000000253-1885804,student__age10_15,male,13.0,sat,2016-07-30,16-17,136,leisure,882696814dfffff,9.585295236247886,8826969897fffff,11.88912625555765
2015000000253-1885804,student__age10_15,male,13.0,sat,2016-07-30,17-18,137,leisure,8826968335fffff,8.888597689912435,8826969897fffff,11.88912625555765
2015000000253-1885804,student__age10_15,male,13.0,sat,2016-07-30,18-19,138,leisure,8826968335fffff,8.888597689912435,8826969897fffff,11.88912625555765
2015000000253-1885804,student__age10_15,male,13.0,sat,2016-07-30,19-20,139,home,8826969897fffff,11.88912625555765,8826969897fffff,11.88912625555765
2015000000253-1885804,student__age10_15,male,13.0,sat,2016-07-30,20-21,140,home,8826969897fffff,11.88912625555765,8826969897fffff,11.88912625555765
2015000000253-1885804,student__age10_15,male,13.0,sat,2016-07-30,21-22,141,home,8826969897fffff,11.88912625555765,8826969897fffff,11.88912625555765
2015000000253-1885804,student__age10_15,male,13.0,sat,2016-07-30,22-23,142,home,8826969897fffff,11.88912625555765,8826969897fffff,11.88912625555765
2015000000253-1885804,student__age10_15,male,13.0,sat,2016-07-30,23-24,143,home,8826969897fffff,11.88912625555765,8826969897fffff,11.88912625555765
2015000000253-1885804,student__age10_15,male,13.0,sun,2016-07-31,00-01,144,home,8826969897fffff,11.730578586927884,8826969897fffff,11.730578586927884
2015000000253-1885804,student__age10_15,male,13.0,sun,2016-07-31,01-02,145,home,8826969897fffff,11.730578586927884,8826969897fffff,11.730578586927884
2015000000253-1885804,student__age10_15,male,13.0,sun,2016-07-31,02-03,146,home,8826969897fffff,11.730578586927884,8826969897fffff,11.730578586927884
2015000000253-1885804,student__age10_15,male,13.0,sun,2016-07-31,03-04,147,home,8826969897fffff,11.730578586927884,8826969897fffff,11.730578586927884
2015000000253-1885804,student__age10_15,male,13.0,sun,2016-07-31,04-05,148,home,8826969897fffff,11.730578586927884,8826969897fffff,11.730578586927884
2015000000253-1885804,student__age10_15,male,13.0,sun,2016-07-31,05-06,149,home,8826969897fffff,11.730578586927884,8826969897fffff,11.730578586927884
2015000000253-1885804,student__age10_15,male,13.0,sun,2016-07-31,06-07,150,home,8826969897fffff,11.730578586927884,8826969897fffff,11.730578586927884
2015000000253-1885804,student__age10_15,male,13.0,sun,2016-07-31,07-08,151,home,8826969897fffff,11.730578586927884,8826969897fffff,11.730578586927884
2015000000253-1885804,student__age10_15,male,13.0,sun,2016-07-31,08-09,152,home,8826969897fffff,11.730578586927884,8826969897fffff,11.730578586927884
2015000000253-1885804,student__age10_15,male,13.0,sun,2016-07-31,09-10,153,religious_community,8826969893fffff,9.501578190535072,8826969897fffff,11.730578586927884
2015000000253-1885804,student__age10_15,male,13.0,sun,2016-07-31,10-11,154,religious_community,8826969893fffff,9.501578190535072,8826969897fffff,11.730578586927884
2015000000253-1885804,student__age10_15,male,13.0,sun,2016-07-31,11-12,155,meals,8826968141fffff,9.153835409357328,8826969897fffff,11.730578586927884
2015000000253-1885804,student__age10_15,male,13.0,sun,2016-07-31,12-13,156,meals,882696811dfffff,8.96175202865438,8826969897fffff,11.730578586927884
2015000000253-1885804,student__age10_15,male,13.0,sun,2016-07-31,13-14,157,home,8826969897fffff,11.730578586927884,8826969897fffff,11.730578586927884
2015000000253-1885804,student__age10_15,male,13.0,sun,2016-07-31,14-15,158,home,8826969897fffff,11.730578586927884,8826969897fffff,11.730578586927884
2015000000253-1885804,student__age10_15,male,13.0,sun,2016-07-31,15-16,159,home,8826969897fffff,11.730578586927884,8826969897fffff,11.730578586927884
2015000000253-1885804,student__age10_15,male,13.0,sun,2016-07-31,16-17,160,home,8826969897fffff,11.730578586927884,8826969897fffff,11.730578586927884
2015000000253-1885804,student__age10_15,male,13.0,sun,2016-07-31,17-18,161,home,8826969897fffff,11.730578586927884,8826969897fffff,11.730578586927884
2015000000253-1885804,student__age10_15,male,13.0,sun,2016-07-31,18-19,162,home,8826969897fffff,11.730578586927884,8826969897fffff,11.730578586927884
2015000000253-1885804,student__age10_15,male,13.0,sun,2016-07-31,19-20,163,home,8826969897fffff,11.730578586927884,8826969897fffff,11.730578586927884
2015000000253-1885804,student__age10_15,male,13.0,sun,2016-07-31,20-21,164,home,8826969897fffff,11.730578586927884,8826969897fffff,11.730578586927884
2015000000253-1885804,student__age10_15,male,13.0,sun,2016-07-31,21-22,165,home,8826969897fffff,11.730578586927884,8826969897fffff,11.730578586927884
2015000000253-1885804,student__age10_15,male,13.0,sun,2016-07-31,22-23,166,home,8826969897fffff,11.730578586927884,8826969897fffff,11.730578586927884
2015000000253-1885804,student__age10_15,male,13.0,sun,2016-07-31,23-24,167,home,8826969897fffff,11.730578586927884,8826969897fffff,11.730578586927884
2015000000253-1885901,retired,male,83.0,mon,2016-07-25,00-01,0,home,8826969897fffff,15.243469690516557,8826969897fffff,15.243469690516557
2015000000253-1885901,retired,male,83.0,mon,2016-07-25,01-02,1,home,8826969897fffff,15.243469690516557,8826969897fffff,15.243469690516557
2015000000253-1885901,retired,male,83.0,mon,2016-07-25,02-03,2,home,8826969897fffff,15.243469690516557,8826969897fffff,15.243469690516557
2015000000253-1885901,retired,male,83.0,mon,2016-07-25,03-04,3,home,8826969897fffff,15.243469690516557,8826969897fffff,15.243469690516557
2015000000253-1885901,retired,male,83.0,mon,2016-07-25,04-05,4,home,8826969897fffff,15.243469690516557,8826969897fffff,15.243469690516557
2015000000253-1885901,retired,male,83.0,mon,2016-07-25,05-06,5,home,8826969897fffff,15.243469690516557,8826969897fffff,15.243469690516557
2015000000253-1885901,retired,male,83.0,mon,2016-07-25,06-07,6,exercise,8826969893fffff,13.533380519132898,8826969897fffff,15.243469690516557
2015000000253-1885901,retired,male,83.0,mon,2016-07-25,07-08,7,home,8826969897fffff,15.243469690516557,8826969897fffff,15.243469690516557
2015000000253-1885901,retired,male,83.0,mon,2016-07-25,08-09,8,home,8826969897fffff,15.243469690516557,8826969897fffff,15.243469690516557
2015000000253-1885901,retired,male,83.0,mon,2016-07-25,09-10,9,home,8826969897fffff,15.243469690516557,8826969897fffff,15.243469690516557
2015000000253-1885901,retired,male,83.0,mon,2016-07-25,10-11,10,home,8826969897fffff,15.243469690516557,8826969897fffff,15.243469690516557
2015000000253-1885901,retired,male,83.0,mon,2016-07-25,11-12,11,home,8826969897fffff,15.243469690516557,8826969897fffff,15.243469690516557
2015000000253-1885901,retired,male,83.0,mon,2016-07-25,12-13,12,home,8826969897fffff,15.243469690516557,8826969897fffff,15.243469690516557
2015000000253-1885901,retired,male,83.0,mon,2016-07-25,13-14,13,home,8826969897fffff,15.243469690516557,8826969897fffff,15.243469690516557
2015000000253-1885901,retired,male,83.0,mon,2016-07-25,14-15,14,home,8826969897fffff,15.243469690516557,8826969897fffff,15.243469690516557
2015000000253-1885901,retired,male,83.0,mon,2016-07-25,15-16,15,home,8826969897fffff,15.243469690516557,8826969897fffff,15.243469690516557
2015000000253-1885901,retired,male,83.0,mon,2016-07-25,16-17,16,home,8826969897fffff,15.243469690516557,8826969897fffff,15.243469690516557
2015000000253-1885901,retired,male,83.0,mon,2016-07-25,17-18,17,home,8826969897fffff,15.243469690516557,8826969897fffff,15.243469690516557
2015000000253-1885901,retired,male,83.0,mon,2016-07-25,18-19,18,home,8826969897fffff,15.243469690516557,8826969897fffff,15.243469690516557
2015000000253-1885901,retired,male,83.0,mon,2016-07-25,19-20,19,home,8826969897fffff,15.243469690516557,8826969897fffff,15.243469690516557
2015000000253-1885901,retired,male,83.0,mon,2016-07-25,20-21,20,home,8826969897fffff,15.243469690516557,8826969897fffff,15.243469690516557
2015000000253-1885901,retired,male,83.0,mon,2016-07-25,21-22,21,home,8826969897fffff,15.243469690516557,8826969897fffff,15.243469690516557
2015000000253-1885901,retired,male,83.0,mon,2016-07-25,22-23,22,home,8826969897fffff,15.243469690516557,8826969897fffff,15.243469690516557
2015000000253-1885901,retired,male,83.0,mon,2016-07-25,23-24,23,home,8826969897fffff,15.243469690516557,8826969897fffff,15.243469690516557
2015000000253-1885901,retired,male,83.0,tue,2016-07-26,00-01,24,home,8826969897fffff,11.494731755952465,8826969897fffff,11.494731755952465
2015000000253-1885901,retired,male,83.0,tue,2016-07-26,01-02,25,home,8826969897fffff,11.494731755952465,8826969897fffff,11.494731755952465
2015000000253-1885901,retired,male,83.0,tue,2016-07-26,02-03,26,home,8826969897fffff,11.494731755952465,8826969897fffff,11.494731755952465
2015000000253-1885901,retired,male,83.0,tue,2016-07-26,03-04,27,home,8826969897fffff,11.494731755952465,8826969897fffff,11.494731755952465
2015000000253-1885901,retired,male,83.0,tue,2016-07-26,04-05,28,home,8826969897fffff,11.494731755952465,8826969897fffff,11.494731755952465
2015000000253-1885901,retired,male,83.0,tue,2016-07-26,05-06,29,home,8826969897fffff,11.494731755952465,8826969897fffff,11.494731755952465
2015000000253-1885901,retired,male,83.0,tue,2016-07-26,06-07,30,home,8826969897fffff,11.494731755952465,8826969897fffff,11.494731755952465
2015000000253-1885901,retired,male,83.0,tue,2016-07-26,07-08,31,home,8826969897fffff,11.494731755952465,8826969897fffff,11.494731755952465
2015000000253-1885901,retired,male,83.0,tue,2016-07-26,08-09,32,home,8826969897fffff,11.494731755952465,8826969897fffff,11.494731755952465
2015000000253-1885901,retired,male,83.0,tue,2016-07-26,09-10,33,home,8826969897fffff,11.494731755952465,8826969897fffff,11.494731755952465
2015000000253-1885901,retired,male,83.0,tue,2016-07-26,10-11,34,home,8826969897fffff,11.494731755952465,8826969897fffff,11.494731755952465
2015000000253-1885901,retired,male,83.0,tue,2016-07-26,11-12,35,exercise,8826968161fffff,11.912965519198183,8826969897fffff,11.494731755952465
2015000000253-1885901,retired,male,83.0,tue,2016-07-26,12-13,36,exercise,8826968161fffff,11.912965519198183,8826969897fffff,11.494731755952465
2015000000253-1885901,retired,male,83.0,tue,2016-07-26,13-14,37,exercise,8826968161fffff,11.912965519198183,8826969897fffff,11.494731755952465
2015000000253-1885901,retired,male,83.0,tue,2016-07-26,14-15,38,home,8826969897fffff,11.494731755952465,8826969897fffff,11.494731755952465
2015000000253-1885901,retired,male,83.0,tue,2016-07-26,15-16,39,home,8826969897fffff,11.494731755952465,8826969897fffff,11.494731755952465
2015000000253-1885901,retired,male,83.0,tue,2016-07-26,16-17,40,home,8826969897fffff,11.494731755952465,8826969897fffff,11.494731755952465
2015000000253-1885901,retired,male,83.0,tue,2016-07-26,17-18,41,home,8826969897fffff,11.494731755952465,8826969897fffff,11.494731755952465
2015000000253-1885901,retired,male,83.0,tue,2016-07-26,18-19,42,home,8826969897fffff,11.494731755952465,8826969897fffff,11.494731755952465
2015000000253-1885901,retired,male,83.0,tue,2016-07-26,19-20,43,home,8826969897fffff,11.494731755952465,8826969897fffff,11.494731755952465
2015000000253-1885901,retired,male,83.0,tue,2016-07-26,20-21,44,home,8826969897fffff,11.494731755952465,8826969897fffff,11.494731755952465
2015000000253-1885901,retired,male,83.0,tue,2016-07-26,21-22,45,home,8826969897fffff,11.494731755952465,8826969897fffff,11.494731755952465
2015000000253-1885901,retired,male,83.0,tue,2016-07-26,22-23,46,home,8826969897fffff,11.494731755952465,8826969897fffff,11.494731755952465
2015000000253-1885901,retired,male,83.0,tue,2016-07-26,23-24,47,home,8826969897fffff,11.494731755952465,8826969897fffff,11.494731755952465
2015000000253-1885901,retired,male,83.0,wed,2016-07-27,00-01,48,home,8826969897fffff,10.79646488225417,8826969897fffff,10.79646488225417
2015000000253-1885901,retired,male,83.0,wed,2016-07-27,01-02,49,home,8826969897fffff,10.79646488225417,8826969897fffff,10.79646488225417
2015000000253-1885901,retired,male,83.0,wed,2016-07-27,02-03,50,home,8826969897fffff,10.79646488225417,8826969897fffff,10.79646488225417
2015000000253-1885901,retired,male,83.0,wed,2016-07-27,03-04,51,home,8826969897fffff,10.79646488225417,8826969897fffff,10.79646488225417
2015000000253-1885901,retired,male,83.0,wed,2016-07-27,04-05,52,home,8826969897fffff,10.79646488225417,8826969897fffff,10.79646488225417
2015000000253-1885901,retired,male,83.0,wed,2016-07-27,05-06,53,home,8826969897fffff,10.79646488225417,8826969897fffff,10.79646488225417
2015000000253-1885901,retired,male,83.0,wed,2016-07-27,06-07,54,home,8826969897fffff,10.79646488225417,8826969897fffff,10.79646488225417
2015000000253-1885901,retired,male,83.0,wed,2016-07-27,07-08,55,home,8826969897fffff,10.79646488225417,8826969897fffff,10.79646488225417
2015000000253-1885901,retired,male,83.0,wed,2016-07-27,08-09,56,home,8826969897fffff,10.79646488225417,8826969897fffff,10.79646488225417
2015000000253-1885901,retired,male,83.0,wed,2016-07-27,09-10,57,meals,882696989dfffff,8.82767812087057,8826969897fffff,10.79646488225417
2015000000253-1885901,retired,male,83.0,wed,2016-07-27,10-11,58,meals,882696989dfffff,8.82767812087057,8826969897fffff,10.79646488225417
2015000000253-1885901,retired,male,83.0,wed,2016-07-27,11-12,59,meals,882696989dfffff,8.82767812087057,8826969897fffff,10.79646488225417
2015000000253-1885901,retired,male,83.0,wed,2016-07-27,12-13,60,home,8826969897fffff,10.79646488225417,8826969897fffff,10.79646488225417
2015000000253-1885901,retired,male,83.0,wed,2016-07-27,13-14,61,home,8826969897fffff,10.79646488225417,8826969897fffff,10.79646488225417
2015000000253-1885901,retired,male,83.0,wed,2016-07-27,14-15,62,home,8826969897fffff,10.79646488225417,8826969897fffff,10.79646488225417
2015000000253-1885901,retired,male,83.0,wed,2016-07-27,15-16,63,home,8826969897fffff,10.79646488225417,8826969897fffff,10.79646488225417
2015000000253-1885901,retired,male,83.0,wed,2016-07-27,16-17,64,home,8826969897fffff,10.79646488225417,8826969897fffff,10.79646488225417
2015000000253-1885901,retired,male,83.0,wed,2016-07-27,17-18,65,home,8826969897fffff,10.79646488225417,8826969897fffff,10.79646488225417
2015000000253-1885901,retired,male,83.0,wed,2016-07-27,18-19,66,home,8826969897fffff,10.79646488225417,8826969897fffff,10.79646488225417
2015000000253-1885901,retired,male,83.0,wed,2016-07-27,19-20,67,home,8826969897fffff,10.79646488225417,8826969897fffff,10.79646488225417
2015000000253-1885901,retired,male,83.0,wed,2016-07-27,20-21,68,home,8826969897fffff,10.79646488225417,8826969897fffff,10.79646488225417
2015000000253-1885901,retired,male,83.0,wed,2016-07-27,21-22,69,home,8826969897fffff,10.79646488225417,8826969897fffff,10.79646488225417
2015000000253-1885901,retired,male,83.0,wed,2016-07-27,22-23,70,home,8826969897fffff,10.79646488225417,8826969897fffff,10.79646488225417
2015000000253-1885901,retired,male,83.0,wed,2016-07-27,23-24,71,home,8826969897fffff,10.79646488225417,8826969897fffff,10.79646488225417
2015000000253-1885901,retired,male,83.0,thu,2016-07-28,00-01,72,home,8826969897fffff,11.580832866520593,8826969897fffff,11.580832866520593
2015000000253-1885901,retired,male,83.0,thu,2016-07-28,01-02,73,home,8826969897fffff,11.580832866520593,8826969897fffff,11.580832866520593
2015000000253-1885901,retired,male,83.0,thu,2016-07-28,02-03,74,home,8826969897fffff,11.580832866520593,8826969897fffff,11.580832866520593
2015000000253-1885901,retired,male,83.0,thu,2016-07-28,03-04,75,home,8826969897fffff,11.580832866520593,8826969897fffff,11.580832866520593
2015000000253-1885901,retired,male,83.0,thu,2016-07-28,04-05,76,home,8826969897fffff,11.580832866520593,8826969897fffff,11.580832866520593
2015000000253-1885901,retired,male,83.0,thu,2016-07-28,05-06,77,home,8826969897fffff,11.580832866520593,8826969897fffff,11.580832866520593
2015000000253-1885901,retired,male,83.0,thu,2016-07-28,06-07,78,leisure,88269698b9fffff,11.490386747088792,8826969897fffff,11.580832866520593
2015000000253-1885901,retired,male,83.0,thu,2016-07-28,07-08,79,leisure,88269698b9fffff,11.490386747088792,8826969897fffff,11.580832866520593
2015000000253-1885901,retired,male,83.0,thu,2016-07-28,08-09,80,leisure,88269698b9fffff,11.490386747088792,8826969897fffff,11.580832866520593
2015000000253-1885901,retired,male,83.0,thu,2016-07-28,09-10,81,leisure,88269698b9fffff,11.490386747088792,8826969897fffff,11.580832866520593
2015000000253-1885901,retired,male,83.0,thu,2016-07-28,10-11,82,change_transp,88269698d3fffff,9.426380988813158,8826969897fffff,11.580832866520593
2015000000253-1885901,retired,male,83.0,thu,2016-07-28,11-12,83,change_transp,8826968303fffff,9.249508140540168,8826969897fffff,11.580832866520593
2015000000253-1885901,retired,male,83.0,thu,2016-07-28,12-13,84,home,8826969897fffff,11.580832866520593,8826969897fffff,11.580832866520593
2015000000253-1885901,retired,male,83.0,thu,2016-07-28,13-14,85,home,8826969897fffff,11.580832866520593,8826969897fffff,11.580832866520593
2015000000253-1885901,retired,male,83.0,thu,2016-07-28,14-15,86,home,8826969897fffff,11.580832866520593,8826969897fffff,11.580832866520593
2015000000253-1885901,retired,male,83.0,thu,2016-07-28,15-16,87,home,8826969897fffff,11.580832866520593,8826969897fffff,11.580832866520593
2015000000253-1885901,retired,male,83.0,thu,2016-07-28,16-17,88,home,8826969897fffff,11.580832866520593,8826969897fffff,11.580832866520593
2015000000253-1885901,retired,male,83.0,thu,2016-07-28,17-18,89,home,8826969897fffff,11.580832866520593,8826969897fffff,11.580832866520593
2015000000253-1885901,retired,male,83.0,thu,2016-07-28,18-19,90,home,8826969897fffff,11.580832866520593,8826969897fffff,11.580832866520593
2015000000253-1885901,retired,male,83.0,thu,2016-07-28,19-20,91,home,8826969897fffff,11.580832866520593,8826969897fffff,11.580832866520593
2015000000253-1885901,retired,male,83.0,thu,2016-07-28,20-21,92,home,8826969897fffff,11.580832866520593,8826969897fffff,11.580832866520593
2015000000253-1885901,retired,male,83.0,thu,2016-07-28,21-22,93,home,8826969897fffff,11.580832866520593,8826969897fffff,11.580832866520593
2015000000253-1885901,retired,male,83.0,thu,2016-07-28,22-23,94,home,8826969897fffff,11.580832866520593,8826969897fffff,11.580832866520593
2015000000253-1885901,retired,male,83.0,thu,2016-07-28,23-24,95,home,8826969897fffff,11.580832866520593,8826969897fffff,11.580832866520593
2015000000253-1885901,retired,male,83.0,fri,2016-07-29,00-01,96,home,8826969897fffff,13.007218289862701,8826969897fffff,13.007218289862701
2015000000253-1885901,retired,male,83.0,fri,2016-07-29,01-02,97,home,8826969897fffff,13.007218289862701,8826969897fffff,13.007218289862701
2015000000253-1885901,retired,male,83.0,fri,2016-07-29,02-03,98,home,8826969897fffff,13.007218289862701,8826969897fffff,13.007218289862701
2015000000253-1885901,retired,male,83.0,fri,2016-07-29,03-04,99,home,8826969897fffff,13.007218289862701,8826969897fffff,13.007218289862701
2015000000253-1885901,retired,male,83.0,fri,2016-07-29,04-05,100,home,8826969897fffff,13.007218289862701,8826969897fffff,13.007218289862701
2015000000253-1885901,retired,male,83.0,fri,2016-07-29,05-06,101,home,8826969897fffff,13.007218289862701,8826969897fffff,13.007218289862701
2015000000253-1885901,retired,male,83.0,fri,2016-07-29,06-07,102,home,8826969897fffff,13.007218289862701,8826969897fffff,13.007218289862701
2015000000253-1885901,retired,male,83.0,fri,2016-07-29,07-08,103,retail,8826969893fffff,10.774671184581356,8826969897fffff,13.007218289862701
2015000000253-1885901,retired,male,83.0,fri,2016-07-29,08-09,104,childcare,88269698bbfffff,13.904254934444383,8826969897fffff,13.007218289862701
2015000000253-1885901,retired,male,83.0,fri,2016-07-29,09-10,105,home,8826969897fffff,13.007218289862701,8826969897fffff,13.007218289862701
2015000000253-1885901,retired,male,83.0,fri,2016-07-29,10-11,106,home,8826969897fffff,13.007218289862701,8826969897fffff,13.007218289862701
2015000000253-1885901,retired,male,83.0,fri,2016-07-29,11-12,107,home,8826969897fffff,13.007218289862701,8826969897fffff,13.007218289862701
2015000000253-1885901,retired,male,83.0,fri,2016-07-29,12-13,108,home,8826969897fffff,13.007218289862701,8826969897fffff,13.007218289862701
2015000000253-1885901,retired,male,83.0,fri,2016-07-29,13-14,109,home,8826969897fffff,13.007218289862701,8826969897fffff,13.007218289862701
2015000000253-1885901,retired,male,83.0,fri,2016-07-29,14-15,110,home,8826969897fffff,13.007218289862701,8826969897fffff,13.007218289862701
2015000000253-1885901,retired,male,83.0,fri,2016-07-29,15-16,111,home,8826969897fffff,13.007218289862701,8826969897fffff,13.007218289862701
2015000000253-1885901,retired,male,83.0,fri,2016-07-29,16-17,112,home,8826969897fffff,13.007218289862701,8826969897fffff,13.007218289862701
2015000000253-1885901,retired,male,83.0,fri,2016-07-29,17-18,113,home,8826969897fffff,13.007218289862701,8826969897fffff,13.007218289862701
2015000000253-1885901,retired,male,83.0,fri,2016-07-29,18-19,114,home,8826969897fffff,13.007218289862701,8826969897fffff,13.007218289862701
2015000000253-1885901,retired,male,83.0,fri,2016-07-29,19-20,115,home,8826969897fffff,13.007218289862701,8826969897fffff,13.007218289862701
2015000000253-1885901,retired,male,83.0,fri,2016-07-29,20-21,116,home,8826969897fffff,13.007218289862701,8826969897fffff,13.007218289862701
2015000000253-1885901,retired,male,83.0,fri,2016-07-29,21-22,117,home,8826969897fffff,13.007218289862701,8826969897fffff,13.007218289862701
2015000000253-1885901,retired,male,83.0,fri,2016-07-29,22-23,118,home,8826969897fffff,13.007218289862701,8826969897fffff,13.007218289862701
2015000000253-1885901,retired,male,83.0,fri,2016-07-29,23-24,119,home,8826969897fffff,13.007218289862701,8826969897fffff,13.007218289862701
2015000000253-1885901,retired,male,83.0,sat,2016-07-30,00-01,120,home,8826969897fffff,11.88912625555765,8826969897fffff,11.88912625555765
2015000000253-1885901,retired,male,83.0,sat,2016-07-30,01-02,121,home,8826969897fffff,11.88912625555765,8826969897fffff,11.88912625555765
2015000000253-1885901,retired,male,83.0,sat,2016-07-30,02-03,122,home,8826969897fffff,11.88912625555765,8826969897fffff,11.88912625555765
2015000000253-1885901,retired,male,83.0,sat,2016-07-30,03-04,123,home,8826969897fffff,11.88912625555765,8826969897fffff,11.88912625555765
2015000000253-1885901,retired,male,83.0,sat,2016-07-30,04-05,124,home,8826969897fffff,11.88912625555765,8826969897fffff,11.88912625555765
2015000000253-1885901,retired,male,83.0,sat,2016-07-30,05-06,125,home,8826969897fffff,11.88912625555765,8826969897fffff,11.88912625555765
2015000000253-1885901,retired,male,83.0,sat,2016-07-30,06-07,126,home,8826969897fffff,11.88912625555765,8826969897fffff,11.88912625555765
2015000000253-1885901,retired,male,83.0,sat,2016-07-30,07-08,127,home,8826969897fffff,11.88912625555765,8826969897fffff,11.88912625555765
2015000000253-1885901,retired,male,83.0,sat,2016-07-30,08-09,128,home,8826969897fffff,11.88912625555765,8826969897fffff,11.88912625555765
2015000000253-1885901,retired,male,83.0,sat,2016-07-30,09-10,129,volunteer,8826969893fffff,9.219144459331266,8826969897fffff,11.88912625555765
2015000000253-1885901,retired,male,83.0,sat,2016-07-30,10-11,130,volunteer,8826969893fffff,9.219144459331266,8826969897fffff,11.88912625555765
2015000000253-1885901,retired,male,83.0,sat,2016-07-30,11-12,131,volunteer,88269698bbfffff,13.111834414182136,8826969897fffff,11.88912625555765
2015000000253-1885901,retired,male,83.0,sat,2016-07-30,12-13,132,volunteer,8826969893fffff,9.219144459331266,8826969897fffff,11.88912625555765
2015000000253-1885901,retired,male,83.0,sat,2016-07-30,13-14,133,home,8826969897fffff,11.88912625555765,8826969897fffff,11.88912625555765
2015000000253-1885901,retired,male,83.0,sat,2016-07-30,14-15,134,home,8826969897fffff,11.88912625555765,8826969897fffff,11.88912625555765
2015000000253-1885901,retired,male,83.0,sat,2016-07-30,15-16,135,home,8826969897fffff,11.88912625555765,8826969897fffff,11.88912625555765
2015000000253-1885901,retired,male,83.0,sat,2016-07-30,16-17,136,home,8826969897fffff,11.88912625555765,8826969897fffff,11.88912625555765
2015000000253-1885901,retired,male,83.0,sat,2016-07-30,17-18,137,home,8826969897fffff,11.88912625555765,8826969897fffff,11.88912625555765
2015000000253-1885901,retired,male,83.0,sat,2016-07-30,18-19,138,home,8826969897fffff,11.88912625555765,8826969897fffff,11.88912625555765
2015000000253-1885901,retired,male,83.0,sat,2016-07-30,19-20,139,home,8826969897fffff,11.88912625555765,8826969897fffff,11.88912625555765
2015000000253-1885901,retired,male,83.0,sat,2016-07-30,20-21,140,home,8826969897fffff,11.88912625555765,8826969897fffff,11.88912625555765
2015000000253-1885901,retired,male,83.0,sat,2016-07-30,21-22,141,home,8826969897fffff,11.88912625555765,8826969897fffff,11.88912625555765
2015000000253-1885901,retired,male,83.0,sat,2016-07-30,22-23,142,home,8826969897fffff,11.88912625555765,8826969897fffff,11.88912625555765
2015000000253-1885901,retired,male,83.0,sat,2016-07-30,23-24,143,home,8826969897fffff,11.88912625555765,8826969897fffff,11.88912625555765
2015000000253-1885901,retired,male,83.0,sun,2016-07-31,00-01,144,home,8826969897fffff,11.730578586927884,8826969897fffff,11.730578586927884
2015000000253-1885901,retired,male,83.0,sun,2016-07-31,01-02,145,home,8826969897fffff,11.730578586927884,8826969897fffff,11.730578586927884
2015000000253-1885901,retired,male,83.0,sun,2016-07-31,02-03,146,home,8826969897fffff,11.730578586927884,8826969897fffff,11.730578586927884
2015000000253-1885901,retired,male,83.0,sun,2016-07-31,03-04,147,home,8826969897fffff,11.730578586927884,8826969897fffff,11.730578586927884
2015000000253-1885901,retired,male,83.0,sun,2016-07-31,04-05,148,home,8826969897fffff,11.730578586927884,8826969897fffff,11.730578586927884
2015000000253-1885901,retired,male,83.0,sun,2016-07-31,05-06,149,home,8826969897fffff,11.730578586927884,8826969897fffff,11.730578586927884
2015000000253-1885901,retired,male,83.0,sun,2016-07-31,06-07,150,home,8826969897fffff,11.730578586927884,8826969897fffff,11.730578586927884
2015000000253-1885901,retired,male,83.0,sun,2016-07-31,07-08,151,home,8826969897fffff,11.730578586927884,8826969897fffff,11.730578586927884
2015000000253-1885901,retired,male,83.0,sun,2016-07-31,08-09,152,home,8826969897fffff,11.730578586927884,8826969897fffff,11.730578586927884
2015000000253-1885901,retired,male,83.0,sun,2016-07-31,09-10,153,visit_friends_relatives,8826969899fffff,9.334511109525847,8826969897fffff,11.730578586927884
2015000000253-1885901,retired,male,83.0,sun,2016-07-31,10-11,154,childcare,8826968325fffff,9.019567233611038,8826969897fffff,11.730578586927884
2015000000253-1885901,retired,male,83.0,sun,2016-07-31,11-12,155,childcare,8826968325fffff,9.019567233611038,8826969897fffff,11.730578586927884
2015000000253-1885901,retired,male,83.0,sun,2016-07-31,12-13,156,home,8826969897fffff,11.730578586927884,8826969897fffff,11.730578586927884
2015000000253-1885901,retired,male,83.0,sun,2016-07-31,13-14,157,home,8826969897fffff,11.730578586927884,8826969897fffff,11.730578586927884
2015000000253-1885901,retired,male,83.0,sun,2016-07-31,14-15,158,home,8826969897fffff,11.730578586927884,8826969897fffff,11.730578586927884
2015000000253-1885901,retired,male,83.0,sun,2016-07-31,15-16,159,home,8826969897fffff,11.730578586927884,8826969897fffff,11.730578586927884
2015000000253-1885901,retired,male,83.0,sun,2016-07-31,16-17,160,home,8826969897fffff,11.730578586927884,8826969897fffff,11.730578586927884
2015000000253-1885901,retired,male,83.0,sun,2016-07-31,17-18,161,home,8826969897fffff,11.730578586927884,8826969897fffff,11.730578586927884
2015000000253-1885901,retired,male,83.0,sun,2016-07-31,18-19,162,home,8826969897fffff,11.730578586927884,8826969897fffff,11.730578586927884
2015000000253-1885901,retired,male,83.0,sun,2016-07-31,19-20,163,home,8826969897fffff,11.730578586927884,8826969897fffff,11.730578586927884
2015000000253-1885901,retired,male,83.0,sun,2016-07-31,20-21,164,home,8826969897fffff,11.730578586927884,8826969897fffff,11.730578586927884
2015000000253-1885901,retired,male,83.0,sun,2016-07-31,21-22,165,home,8826969897fffff,11.730578586927884,8826969897fffff,11.730578586927884
2015000000253-1885901,retired,male,83.0,sun,2016-07-31,22-23,166,home,8826969897fffff,11.730578586927884,8826969897fffff,11.730578586927884
2015000000253-1885901,retired,male,83.0,sun,2016-07-31,23-24,167,home,8826969897fffff,11.730578586927884,8826969897fffff,11.730578586927884
2015000000253-1885902,retired,female,72.0,mon,2016-07-25,00-01,0,home,8826969897fffff,15.243469690516557,8826969897fffff,15.243469690516557
2015000000253-1885902,retired,female,72.0,mon,2016-07-25,01-02,1,home,8826969897fffff,15.243469690516557,8826969897fffff,15.243469690516557
2015000000253-1885902,retired,female,72.0,mon,2016-07-25,02-03,2,home,8826969897fffff,15.243469690516557,8826969897fffff,15.243469690516557
2015000000253-1885902,retired,female,72.0,mon,2016-07-25,03-04,3,home,8826969897fffff,15.243469690516557,8826969897fffff,15.243469690516557
2015000000253-1885902,retired,female,72.0,mon,2016-07-25,04-05,4,home,8826969897fffff,15.243469690516557,8826969897fffff,15.243469690516557
2015000000253-1885902,retired,female,72.0,mon,2016-07-25,05-06,5,home,8826969897fffff,15.243469690516557,8826969897fffff,15.243469690516557
2015000000253-1885902,retired,female,72.0,mon,2016-07-25,06-07,6,home,8826969897fffff,15.243469690516557,8826969897fffff,15.243469690516557
2015000000253-1885902,retired,female,72.0,mon,2016-07-25,07-08,7,home,8826969897fffff,15.243469690516557,8826969897fffff,15.243469690516557
2015000000253-1885902,retired,female,72.0,mon,2016-07-25,08-09,8,medical,8826968169fffff,13.894486722831497,8826969897fffff,15.243469690516557
2015000000253-1885902,retired,female,72.0,mon,2016-07-25,09-10,9,home,8826969897fffff,15.243469690516557,8826969897fffff,15.243469690516557
2015000000253-1885902,retired,female,72.0,mon,2016-07-25,10-11,10,home,8826969897fffff,15.243469690516557,8826969897fffff,15.243469690516557
2015000000253-1885902,retired,female,72.0,mon,2016-07-25,11-12,11,home,8826969897fffff,15.243469690516557,8826969897fffff,15.243469690516557
2015000000253-1885902,retired,female,72.0,mon,2016-07-25,12-13,12,home,8826969897fffff,15.243469690516557,8826969897fffff,15.243469690516557
2015000000253-1885902,retired,female,72.0,mon,2016-07-25,13-14,13,home,8826969897fffff,15.243469690516557,8826969897fffff,15.243469690516557
2015000000253-1885902,retired,female,72.0,mon,2016-07-25,14-15,14,home,8826969897fffff,15.243469690516557,8826969897fffff,15.243469690516557
2015000000253-1885902,retired,female,72.0,mon,2016-07-25,15-16,15,home,8826969897fffff,15.243469690516557,8826969897fffff,15.243469690516557
2015000000253-1885902,retired,female,72.0,mon,2016-07-25,16-17,16,home,8826969897fffff,15.243469690516557,8826969897fffff,15.243469690516557
2015000000253-1885902,retired,female,72.0,mon,2016-07-25,17-18,17,home,8826969897fffff,15.243469690516557,8826969897fffff,15.243469690516557
2015000000253-1885902,retired,female,72.0,mon,2016-07-25,18-19,18,home,8826969897fffff,15.243469690516557,8826969897fffff,15.243469690516557
2015000000253-1885902,retired,female,72.0,mon,2016-07-25,19-20,19,home,8826969897fffff,15.243469690516557,8826969897fffff,15.243469690516557
2015000000253-1885902,retired,female,72.0,mon,2016-07-25,20-21,20,home,8826969897fffff,15.243469690516557,8826969897fffff,15.243469690516557
2015000000253-1885902,retired,female,72.0,mon,2016-07-25,21-22,21,home,8826969897fffff,15.243469690516557,8826969897fffff,15.243469690516557
2015000000253-1885902,retired,female,72.0,mon,2016-07-25,22-23,22,home,8826969897fffff,15.243469690516557,8826969897fffff,15.243469690516557
2015000000253-1885902,retired,female,72.0,mon,2016-07-25,23-24,23,home,8826969897fffff,15.243469690516557,8826969897fffff,15.243469690516557
2015000000253-1885902,retired,female,72.0,tue,2016-07-26,00-01,24,home,8826969897fffff,11.494731755952465,8826969897fffff,11.494731755952465
2015000000253-1885902,retired,female,72.0,tue,2016-07-26,01-02,25,home,8826969897fffff,11.494731755952465,8826969897fffff,11.494731755952465
2015000000253-1885902,retired,female,72.0,tue,2016-07-26,02-03,26,home,8826969897fffff,11.494731755952465,8826969897fffff,11.494731755952465
2015000000253-1885902,retired,female,72.0,tue,2016-07-26,03-04,27,home,8826969897fffff,11.494731755952465,8826969897fffff,11.494731755952465
2015000000253-1885902,retired,female,72.0,tue,2016-07-26,04-05,28,home,8826969897fffff,11.494731755952465,8826969897fffff,11.494731755952465
2015000000253-1885902,retired,female,72.0,tue,2016-07-26,05-06,29,home,8826969897fffff,11.494731755952465,8826969897fffff,11.494731755952465
2015000000253-1885902,retired,female,72.0,tue,2016-07-26,06-07,30,home,8826969897fffff,11.494731755952465,8826969897fffff,11.494731755952465
2015000000253-1885902,retired,female,72.0,tue,2016-07-26,07-08,31,home,8826969897fffff,11.494731755952465,8826969897fffff,11.494731755952465
2015000000253-1885902,retired,female,72.0,tue,2016-07-26,08-09,32,home,8826969897fffff,11.494731755952465,8826969897fffff,11.494731755952465
2015000000253-1885902,retired,female,72.0,tue,2016-07-26,09-10,33,home,8826969897fffff,11.494731755952465,8826969897fffff,11.494731755952465
2015000000253-1885902,retired,female,72.0,tue,2016-07-26,10-11,34,services,8826969895fffff,9.988527522691351,8826969897fffff,11.494731755952465
2015000000253-1885902,retired,female,72.0,tue,2016-07-26,11-12,35,home,8826969897fffff,11.494731755952465,8826969897fffff,11.494731755952465
2015000000253-1885902,retired,female,72.0,tue,2016-07-26,12-13,36,home,8826969897fffff,11.494731755952465,8826969897fffff,11.494731755952465
2015000000253-1885902,retired,female,72.0,tue,2016-07-26,13-14,37,home,8826969897fffff,11.494731755952465,8826969897fffff,11.494731755952465
2015000000253-1885902,retired,female,72.0,tue,2016-07-26,14-15,38,home,8826969897fffff,11.494731755952465,8826969897fffff,11.494731755952465
2015000000253-1885902,retired,female,72.0,tue,2016-07-26,15-16,39,home,8826969897fffff,11.494731755952465,8826969897fffff,11.494731755952465
2015000000253-1885902,retired,female,72.0,tue,2016-07-26,16-17,40,home,8826969897fffff,11.494731755952465,8826969897fffff,11.494731755952465
2015000000253-1885902,retired,female,72.0,tue,2016-07-26,17-18,41,home,8826969897fffff,11.494731755952465,8826969897fffff,11.494731755952465
2015000000253-1885902,retired,female,72.0,tue,2016-07-26,18-19,42,home,8826969897fffff,11.494731755952465,8826969897fffff,11.494731755952465
2015000000253-1885902,retired,female,72.0,tue,2016-07-26,19-20,43,home,8826969897fffff,11.494731755952465,8826969897fffff,11.494731755952465
2015000000253-1885902,retired,female,72.0,tue,2016-07-26,20-21,44,home,8826969897fffff,11.494731755952465,8826969897fffff,11.494731755952465
2015000000253-1885902,retired,female,72.0,tue,2016-07-26,21-22,45,home,8826969897fffff,11.494731755952465,8826969897fffff,11.494731755952465
2015000000253-1885902,retired,female,72.0,tue,2016-07-26,22-23,46,home,8826969897fffff,11.494731755952465,8826969897fffff,11.494731755952465
2015000000253-1885902,retired,female,72.0,tue,2016-07-26,23-24,47,home,8826969897fffff,11.494731755952465,8826969897fffff,11.494731755952465
2015000000253-1885902,retired,female,72.0,wed,2016-07-27,00-01,48,home,8826969897fffff,10.79646488225417,8826969897fffff,10.79646488225417
2015000000253-1885902,retired,female,72.0,wed,2016-07-27,01-02,49,home,8826969897fffff,10.79646488225417,8826969897fffff,10.79646488225417
2015000000253-1885902,retired,female,72.0,wed,2016-07-27,02-03,50,home,8826969897fffff,10.79646488225417,8826969897fffff,10.79646488225417
2015000000253-1885902,retired,female,72.0,wed,2016-07-27,03-04,51,home,8826969897fffff,10.79646488225417,8826969897fffff,10.79646488225417
2015000000253-1885902,retired,female,72.0,wed,2016-07-27,04-05,52,home,8826969897fffff,10.79646488225417,8826969897fffff,10.79646488225417
2015000000253-1885902,retired,female,72.0,wed,2016-07-27,05-06,53,services,8826969891fffff,9.425066997576023,8826969897fffff,10.79646488225417
2015000000253-1885902,retired,female,72.0,wed,2016-07-27,06-07,54,home,8826969897fffff,10.79646488225417,8826969897fffff,10.79646488225417
2015000000253-1885902,retired,female,72.0,wed,2016-07-27,07-08,55,home,8826969897fffff,10.79646488225417,8826969897fffff,10.79646488225417
2015000000253-1885902,retired,female,72.0,wed,2016-07-27,08-09,56,home,8826969897fffff,10.79646488225417,8826969897fffff,10.79646488225417
2015000000253-1885902,retired,female,72.0,wed,2016-07-27,09-10,57,home,8826969897fffff,10.79646488225417,8826969897fffff,10.79646488225417
2015000000253-1885902,retired,female,72.0,wed,2016-07-27,10-11,58,home,8826969897fffff,10.79646488225417,8826969897fffff,10.79646488225417
2015000000253-1885902,retired,female,72.0,wed,2016-07-27,11-12,59,home,8826969897fffff,10.79646488225417,8826969897fffff,10.79646488225417
2015000000253-1885902,retired,female,72.0,wed,2016-07-27,12-13,60,home,8826969897fffff,10.79646488225417,8826969897fffff,10.79646488225417
2015000000253-1885902,retired,female,72.0,wed,2016-07-27,13-14,61,home,8826969897fffff,10.79646488225417,8826969897fffff,10.79646488225417
2015000000253-1885902,retired,female,72.0,wed,2016-07-27,14-15,62,home,8826969897fffff,10.79646488225417,8826969897fffff,10.79646488225417
2015000000253-1885902,retired,female,72.0,wed,2016-07-27,15-16,63,home,8826969897fffff,10.79646488225417,8826969897fffff,10.79646488225417
2015000000253-1885902,retired,female,72.0,wed,2016-07-27,16-17,64,home,8826969897fffff,10.79646488225417,8826969897fffff,10.79646488225417
2015000000253-1885902,retired,female,72.0,wed,2016-07-27,17-18,65,home,8826969897fffff,10.79646488225417,8826969897fffff,10.79646488225417
2015000000253-1885902,retired,female,72.0,wed,2016-07-27,18-19,66,home,8826969897fffff,10.79646488225417,8826969897fffff,10.79646488225417
2015000000253-1885902,retired,female,72.0,wed,2016-07-27,19-20,67,home,8826969897fffff,10.79646488225417,8826969897fffff,10.79646488225417
2015000000253-1885902,retired,female,72.0,wed,2016-07-27,20-21,68,home,8826969897fffff,10.79646488225417,8826969897fffff,10.79646488225417
2015000000253-1885902,retired,female,72.0,wed,2016-07-27,21-22,69,home,8826969897fffff,10.79646488225417,8826969897fffff,10.79646488225417
2015000000253-1885902,retired,female,72.0,wed,2016-07-27,22-23,70,home,8826969897fffff,10.79646488225417,8826969897fffff,10.79646488225417
2015000000253-1885902,retired,female,72.0,wed,2016-07-27,23-24,71,home,8826969897fffff,10.79646488225417,8826969897fffff,10.79646488225417
2015000000253-1885902,retired,female,72.0,thu,2016-07-28,00-01,72,home,8826969897fffff,11.580832866520593,8826969897fffff,11.580832866520593
2015000000253-1885902,retired,female,72.0,thu,2016-07-28,01-02,73,home,8826969897fffff,11.580832866520593,8826969897fffff,11.580832866520593
2015000000253-1885902,retired,female,72.0,thu,2016-07-28,02-03,74,home,8826969897fffff,11.580832866520593,8826969897fffff,11.580832866520593
2015000000253-1885902,retired,female,72.0,thu,2016-07-28,03-04,75,home,8826969897fffff,11.580832866520593,8826969897fffff,11.580832866520593
2015000000253-1885902,retired,female,72.0,thu,2016-07-28,04-05,76,home,8826969897fffff,11.580832866520593,8826969897fffff,11.580832866520593
2015000000253-1885902,retired,female,72.0,thu,2016-07-28,05-06,77,home,8826969897fffff,11.580832866520593,8826969897fffff,11.580832866520593
2015000000253-1885902,retired,female,72.0,thu,2016-07-28,06-07,78,home,8826969897fffff,11.580832866520593,8826969897fffff,11.580832866520593
2015000000253-1885902,retired,female,72.0,thu,2016-07-28,07-08,79,home,8826969897fffff,11.580832866520593,8826969897fffff,11.580832866520593
2015000000253-1885902,retired,female,72.0,thu,2016-07-28,08-09,80,home,8826969897fffff,11.580832866520593,8826969897fffff,11.580832866520593
2015000000253-1885902,retired,female,72.0,thu,2016-07-28,09-10,81,home,8826969897fffff,11.580832866520593,8826969897fffff,11.580832866520593
2015000000253-1885902,retired,female,72.0,thu,2016-07-28,10-11,82,home,8826969897fffff,11.580832866520593,8826969897fffff,11.580832866520593
2015000000253-1885902,retired,female,72.0,thu,2016-07-28,11-12,83,home,8826969897fffff,11.580832866520593,8826969897fffff,11.580832866520593
2015000000253-1885902,retired,female,72.0,thu,2016-07-28,12-13,84,home,8826969897fffff,11.580832866520593,8826969897fffff,11.580832866520593
2015000000253-1885902,retired,female,72.0,thu,2016-07-28,13-14,85,home,8826969897fffff,11.580832866520593,8826969897fffff,11.580832866520593
2015000000253-1885902,retired,female,72.0,thu,2016-07-28,14-15,86,home,8826969897fffff,11.580832866520593,8826969897fffff,11.580832866520593
2015000000253-1885902,retired,female,72.0,thu,2016-07-28,15-16,87,home,8826969897fffff,11.580832866520593,8826969897fffff,11.580832866520593
2015000000253-1885902,retired,female,72.0,thu,2016-07-28,16-17,88,home,8826969897fffff,11.580832866520593,8826969897fffff,11.580832866520593
2015000000253-1885902,retired,female,72.0,thu,2016-07-28,17-18,89,home,8826969897fffff,11.580832866520593,8826969897fffff,11.580832866520593
2015000000253-1885902,retired,female,72.0,thu,2016-07-28,18-19,90,home,8826969897fffff,11.580832866520593,8826969897fffff,11.580832866520593
2015000000253-1885902,retired,female,72.0,thu,2016-07-28,19-20,91,home,8826969897fffff,11.580832866520593,8826969897fffff,11.580832866520593
2015000000253-1885902,retired,female,72.0,thu,2016-07-28,20-21,92,home,8826969897fffff,11.580832866520593,8826969897fffff,11.580832866520593
2015000000253-1885902,retired,female,72.0,thu,2016-07-28,21-22,93,home,8826969897fffff,11.580832866520593,8826969897fffff,11.580832866520593
2015000000253-1885902,retired,female,72.0,thu,2016-07-28,22-23,94,home,8826969897fffff,11.580832866520593,8826969897fffff,11.580832866520593
2015000000253-1885902,retired,female,72.0,thu,2016-07-28,23-24,95,home,8826969897fffff,11.580832866520593,8826969897fffff,11.580832866520593
2015000000253-1885902,retired,female,72.0,fri,2016-07-29,00-01,96,home,8826969897fffff,13.007218289862701,8826969897fffff,13.007218289862701
2015000000253-1885902,retired,female,72.0,fri,2016-07-29,01-02,97,home,8826969897fffff,13.007218289862701,8826969897fffff,13.007218289862701
2015000000253-1885902,retired,female,72.0,fri,2016-07-29,02-03,98,home,8826969897fffff,13.007218289862701,8826969897fffff,13.007218289862701
2015000000253-1885902,retired,female,72.0,fri,2016-07-29,03-04,99,home,8826969897fffff,13.007218289862701,8826969897fffff,13.007218289862701
2015000000253-1885902,retired,female,72.0,fri,2016-07-29,04-05,100,home,8826969897fffff,13.007218289862701,8826969897fffff,13.007218289862701
2015000000253-1885902,retired,female,72.0,fri,2016-07-29,05-06,101,retail,88269698bbfffff,13.904254934444383,8826969897fffff,13.007218289862701
2015000000253-1885902,retired,female,72.0,fri,2016-07-29,06-07,102,childcare,88269698bbfffff,13.904254934444383,8826969897fffff,13.007218289862701
2015000000253-1885902,retired,female,72.0,fri,2016-07-29,07-08,103,home,8826969897fffff,13.007218289862701,8826969897fffff,13.007218289862701
2015000000253-1885902,retired,female,72.0,fri,2016-07-29,08-09,104,home,8826969897fffff,13.007218289862701,8826969897fffff,13.007218289862701
2015000000253-1885902,retired,female,72.0,fri,2016-07-29,09-10,105,home,8826969897fffff,13.007218289862701,8826969897fffff,13.007218289862701
2015000000253-1885902,retired,female,72.0,fri,2016-07-29,10-11,106,home,8826969897fffff,13.007218289862701,8826969897fffff,13.007218289862701
2015000000253-1885902,retired,female,72.0,fri,2016-07-29,11-12,107,home,8826969897fffff,13.007218289862701,8826969897fffff,13.007218289862701
2015000000253-1885902,retired,female,72.0,fri,2016-07-29,12-13,108,home,8826969897fffff,13.007218289862701,8826969897fffff,13.007218289862701
2015000000253-1885902,retired,female,72.0,fri,2016-07-29,13-14,109,home,8826969897fffff,13.007218289862701,8826969897fffff,13.007218289862701
2015000000253-1885902,retired,female,72.0,fri,2016-07-29,14-15,110,home,8826969897fffff,13.007218289862701,8826969897fffff,13.007218289862701
2015000000253-1885902,retired,female,72.0,fri,2016-07-29,15-16,111,home,8826969897fffff,13.007218289862701,8826969897fffff,13.007218289862701
2015000000253-1885902,retired,female,72.0,fri,2016-07-29,16-17,112,home,8826969897fffff,13.007218289862701,8826969897fffff,13.007218289862701
2015000000253-1885902,retired,female,72.0,fri,2016-07-29,17-18,113,home,8826969897fffff,13.007218289862701,8826969897fffff,13.007218289862701
2015000000253-1885902,retired,female,72.0,fri,2016-07-29,18-19,114,home,8826969897fffff,13.007218289862701,8826969897fffff,13.007218289862701
2015000000253-1885902,retired,female,72.0,fri,2016-07-29,19-20,115,home,8826969897fffff,13.007218289862701,8826969897fffff,13.007218289862701
2015000000253-1885902,retired,female,72.0,fri,2016-07-29,20-21,116,home,8826969897fffff,13.007218289862701,8826969897fffff,13.007218289862701
2015000000253-1885902,retired,female,72.0,fri,2016-07-29,21-22,117,home,8826969897fffff,13.007218289862701,8826969897fffff,13.007218289862701
2015000000253-1885902,retired,female,72.0,fri,2016-07-29,22-23,118,home,8826969897fffff,13.007218289862701,8826969897fffff,13.007218289862701
2015000000253-1885902,retired,female,72.0,fri,2016-07-29,23-24,119,home,8826969897fffff,13.007218289862701,8826969897fffff,13.007218289862701
2015000000253-1885902,retired,female,72.0,sat,2016-07-30,00-01,120,home,8826969897fffff,11.88912625555765,8826969897fffff,11.88912625555765
2015000000253-1885902,retired,female,72.0,sat,2016-07-30,01-02,121,home,8826969897fffff,11.88912625555765,8826969897fffff,11.88912625555765
2015000000253-1885902,retired,female,72.0,sat,2016-07-30,02-03,122,home,8826969897fffff,11.88912625555765,8826969897fffff,11.88912625555765
2015000000253-1885902,retired,female,72.0,sat,2016-07-30,03-04,123,home,8826969897fffff,11.88912625555765,8826969897fffff,11.88912625555765
2015000000253-1885902,retired,female,72.0,sat,2016-07-30,04-05,124,home,8826969897fffff,11.88912625555765,8826969897fffff,11.88912625555765
2015000000253-1885902,retired,female,72.0,sat,2016-07-30,05-06,125,home,8826969897fffff,11.88912625555765,8826969897fffff,11.88912625555765
2015000000253-1885902,retired,female,72.0,sat,2016-07-30,06-07,126,retail,882696989bfffff,9.48344051378654,8826969897fffff,11.88912625555765
2015000000253-1885902,retired,female,72.0,sat,2016-07-30,07-08,127,volunteer,882696814dfffff,9.585295236247886,8826969897fffff,11.88912625555765
2015000000253-1885902,retired,female,72.0,sat,2016-07-30,08-09,128,volunteer,882696814dfffff,9.585295236247886,8826969897fffff,11.88912625555765
2015000000253-1885902,retired,female,72.0,sat,2016-07-30,09-10,129,volunteer,8826968323fffff,9.245777568531425,8826969897fffff,11.88912625555765
2015000000253-1885902,retired,female,72.0,sat,2016-07-30,10-11,130,volunteer,8826968321fffff,9.275541368992709,8826969897fffff,11.88912625555765
2015000000253-1885902,retired,female,72.0,sat,2016-07-30,11-12,131,volunteer,882696832bfffff,9.189029384321145,8826969897fffff,11.88912625555765
2015000000253-1885902,retired,female,72.0,sat,2016-07-30,12-13,132,home,8826969897fffff,11.88912625555765,8826969897fffff,11.88912625555765
2015000000253-1885902,retired,female,72.0,sat,2016-07-30,13-14,133,home,8826969897fffff,11.88912625555765,8826969897fffff,11.88912625555765
2015000000253-1885902,retired,female,72.0,sat,2016-07-30,14-15,134,home,8826969897fffff,11.88912625555765,8826969897fffff,11.88912625555765
2015000000253-1885902,retired,female,72.0,sat,2016-07-30,15-16,135,home,8826969897fffff,11.88912625555765,8826969897fffff,11.88912625555765
2015000000253-1885902,retired,female,72.0,sat,2016-07-30,16-17,136,home,8826969897fffff,11.88912625555765,8826969897fffff,11.88912625555765
2015000000253-1885902,retired,female,72.0,sat,2016-07-30,17-18,137,home,8826969897fffff,11.88912625555765,8826969897fffff,11.88912625555765
2015000000253-1885902,retired,female,72.0,sat,2016-07-30,18-19,138,home,8826969897fffff,11.88912625555765,8826969897fffff,11.88912625555765
2015000000253-1885902,retired,female,72.0,sat,2016-07-30,19-20,139,home,8826969897fffff,11.88912625555765,8826969897fffff,11.88912625555765
2015000000253-1885902,retired,female,72.0,sat,2016-07-30,20-21,140,home,8826969897fffff,11.88912625555765,8826969897fffff,11.88912625555765
2015000000253-1885902,retired,female,72.0,sat,2016-07-30,21-22,141,home,8826969897fffff,11.88912625555765,8826969897fffff,11.88912625555765
2015000000253-1885902,retired,female,72.0,sat,2016-07-30,22-23,142,home,8826969897fffff,11.88912625555765,8826969897fffff,11.88912625555765
2015000000253-1885902,retired,female,72.0,sat,2016-07-30,23-24,143,home,8826969897fffff,11.88912625555765,8826969897fffff,11.88912625555765
2015000000253-1885902,retired,female,72.0,sun,2016-07-31,00-01,144,home,8826969897fffff,11.730578586927884,8826969897fffff,11.730578586927884
2015000000253-1885902,retired,female,72.0,sun,2016-07-31,01-02,145,home,8826969897fffff,11.730578586927884,8826969897fffff,11.730578586927884
2015000000253-1885902,retired,female,72.0,sun,2016-07-31,02-03,146,home,8826969897fffff,11.730578586927884,8826969897fffff,11.730578586927884
2015000000253-1885902,retired,female,72.0,sun,2016-07-31,03-04,147,home,8826969897fffff,11.730578586927884,8826969897fffff,11.730578586927884
2015000000253-1885902,retired,female,72.0,sun,2016-07-31,04-05,148,home,8826969897fffff,11.730578586927884,8826969897fffff,11.730578586927884
2015000000253-1885902,retired,female,72.0,sun,2016-07-31,05-06,149,home,8826969897fffff,11.730578586927884,8826969897fffff,11.730578586927884
2015000000253-1885902,retired,female,72.0,sun,2016-07-31,06-07,150,home,8826969897fffff,11.730578586927884,8826969897fffff,11.730578586927884
2015000000253-1885902,retired,female,72.0,sun,2016-07-31,07-08,151,home,8826969897fffff,11.730578586927884,8826969897fffff,11.730578586927884
2015000000253-1885902,retired,female,72.0,sun,2016-07-31,08-09,152,home,8826969897fffff,11.730578586927884,8826969897fffff,11.730578586927884
2015000000253-1885902,retired,female,72.0,sun,2016-07-31,09-10,153,home,8826969897fffff,11.730578586927884,8826969897fffff,11.730578586927884
2015000000253-1885902,retired,female,72.0,sun,2016-07-31,10-11,154,home,8826969897fffff,11.730578586927884,8826969897fffff,11.730578586927884
2015000000253-1885902,retired,female,72.0,sun,2016-07-31,11-12,155,home,8826969897fffff,11.730578586927884,8826969897fffff,11.730578586927884
2015000000253-1885902,retired,female,72.0,sun,2016-07-31,12-13,156,home,8826969897fffff,11.730578586927884,8826969897fffff,11.730578586927884
2015000000253-1885902,retired,female,72.0,sun,2016-07-31,13-14,157,home,8826969897fffff,11.730578586927884,8826969897fffff,11.730578586927884
2015000000253-1885902,retired,female,72.0,sun,2016-07-31,14-15,158,home,8826969897fffff,11.730578586927884,8826969897fffff,11.730578586927884
2015000000253-1885902,retired,female,72.0,sun,2016-07-31,15-16,159,home,8826969897fffff,11.730578586927884,8826969897fffff,11.730578586927884
2015000000253-1885902,retired,female,72.0,sun,2016-07-31,16-17,160,home,8826969897fffff,11.730578586927884,8826969897fffff,11.730578586927884
2015000000253-1885902,retired,female,72.0,sun,2016-07-31,17-18,161,home,8826969897fffff,11.730578586927884,8826969897fffff,11.730578586927884
2015000000253-1885902,retired,female,72.0,sun,2016-07-31,18-19,162,home,8826969897fffff,11.730578586927884,8826969897fffff,11.730578586927884
2015000000253-1885902,retired,female,72.0,sun,2016-07-31,19-20,163,home,8826969897fffff,11.730578586927884,8826969897fffff,11.730578586927884
2015000000253-1885902,retired,female,72.0,sun,2016-07-31,20-21,164,home,8826969897fffff,11.730578586927884,8826969897fffff,11.730578586927884
2015000000253-1885902,retired,female,72.0,sun,2016-07-31,21-22,165,home,8826969897fffff,11.730578586927884,8826969897fffff,11.730578586927884
2015000000253-1885902,retired,female,72.0,sun,2016-07-31,22-23,166,home,8826969897fffff,11.730578586927884,8826969897fffff,11.730578586927884
2015000000253-1885902,retired,female,72.0,sun,2016-07-31,23-24,167,home,8826969897fffff,11.730578586927884,8826969897fffff,11.730578586927884
2015000000253-1885903,student__lf_elig,male,16.0,mon,2016-07-25,00-01,0,home,8826969897fffff,15.243469690516557,8826969897fffff,15.243469690516557
2015000000253-1885903,student__lf_elig,male,16.0,mon,2016-07-25,01-02,1,home,8826969897fffff,15.243469690516557,8826969897fffff,15.243469690516557
2015000000253-1885903,student__lf_elig,male,16.0,mon,2016-07-25,02-03,2,home,8826969897fffff,15.243469690516557,8826969897fffff,15.243469690516557
2015000000253-1885903,student__lf_elig,male,16.0,mon,2016-07-25,03-04,3,home,8826969897fffff,15.243469690516557,8826969897fffff,15.243469690516557
2015000000253-1885903,student__lf_elig,male,16.0,mon,2016-07-25,04-05,4,home,8826969897fffff,15.243469690516557,8826969897fffff,15.243469690516557
2015000000253-1885903,student__lf_elig,male,16.0,mon,2016-07-25,05-06,5,home,8826969897fffff,15.243469690516557,8826969897fffff,15.243469690516557
2015000000253-1885903,student__lf_elig,male,16.0,mon,2016-07-25,06-07,6,home,8826969897fffff,15.243469690516557,8826969897fffff,15.243469690516557
2015000000253-1885903,student__lf_elig,male,16.0,mon,2016-07-25,07-08,7,school,8826968147fffff,13.442562281753073,8826969897fffff,15.243469690516557
2015000000253-1885903,student__lf_elig,male,16.0,mon,2016-07-25,08-09,8,school,8826968147fffff,13.442562281753073,8826969897fffff,15.243469690516557
2015000000253-1885903,student__lf_elig,male,16.0,mon,2016-07-25,09-10,9,school,8826968147fffff,13.442562281753073,8826969897fffff,15.243469690516557
2015000000253-1885903,student__lf_elig,male,16.0,mon,2016-07-25,10-11,10,school,8826968147fffff,13.442562281753073,8826969897fffff,15.243469690516557
2015000000253-1885903,student__lf_elig,male,16.0,mon,2016-07-25,11-12,11,school,8826968147fffff,13.442562281753073,8826969897fffff,15.243469690516557
2015000000253-1885903,student__lf_elig,male,16.0,mon,2016-07-25,12-13,12,school,8826968147fffff,13.442562281753073,8826969897fffff,15.243469690516557
2015000000253-1885903,student__lf_elig,male,16.0,mon,2016-07-25,13-14,13,home,8826969897fffff,15.243469690516557,8826969897fffff,15.243469690516557
2015000000253-1885903,student__lf_elig,male,16.0,mon,2016-07-25,14-15,14,home,8826969897fffff,15.243469690516557,8826969897fffff,15.243469690516557
2015000000253-1885903,student__lf_elig,male,16.0,mon,2016-07-25,15-16,15,home,8826969897fffff,15.243469690516557,8826969897fffff,15.243469690516557
2015000000253-1885903,student__lf_elig,male,16.0,mon,2016-07-25,16-17,16,home,8826969897fffff,15.243469690516557,8826969897fffff,15.243469690516557
2015000000253-1885903,student__lf_elig,male,16.0,mon,2016-07-25,17-18,17,home,8826969897fffff,15.243469690516557,8826969897fffff,15.243469690516557
2015000000253-1885903,student__lf_elig,male,16.0,mon,2016-07-25,18-19,18,home,8826969897fffff,15.243469690516557,8826969897fffff,15.243469690516557
2015000000253-1885903,student__lf_elig,male,16.0,mon,2016-07-25,19-20,19,home,8826969897fffff,15.243469690516557,8826969897fffff,15.243469690516557
2015000000253-1885903,student__lf_elig,male,16.0,mon,2016-07-25,20-21,20,home,8826969897fffff,15.243469690516557,8826969897fffff,15.243469690516557
2015000000253-1885903,student__lf_elig,male,16.0,mon,2016-07-25,21-22,21,home,8826969897fffff,15.243469690516557,8826969897fffff,15.243469690516557
2015000000253-1885903,student__lf_elig,male,16.0,mon,2016-07-25,22-23,22,home,8826969897fffff,15.243469690516557,8826969897fffff,15.243469690516557
2015000000253-1885903,student__lf_elig,male,16.0,mon,2016-07-25,23-24,23,home,8826969897fffff,15.243469690516557,8826969897fffff,15.243469690516557
2015000000253-1885903,student__lf_elig,male,16.0,tue,2016-07-26,00-01,24,home,8826969897fffff,11.494731755952465,8826969897fffff,11.494731755952465
2015000000253-1885903,student__lf_elig,male,16.0,tue,2016-07-26,01-02,25,home,8826969897fffff,11.494731755952465,8826969897fffff,11.494731755952465
2015000000253-1885903,student__lf_elig,male,16.0,tue,2016-07-26,02-03,26,home,8826969897fffff,11.494731755952465,8826969897fffff,11.494731755952465
2015000000253-1885903,student__lf_elig,male,16.0,tue,2016-07-26,03-04,27,home,8826969897fffff,11.494731755952465,8826969897fffff,11.494731755952465
2015000000253-1885903,student__lf_elig,male,16.0,tue,2016-07-26,04-05,28,home,8826969897fffff,11.494731755952465,8826969897fffff,11.494731755952465
2015000000253-1885903,student__lf_elig,male,16.0,tue,2016-07-26,05-06,29,home,8826969897fffff,11.494731755952465,8826969897fffff,11.494731755952465
2015000000253-1885903,student__lf_elig,male,16.0,tue,2016-07-26,06-07,30,home,8826969897fffff,11.494731755952465,8826969897fffff,11.494731755952465
2015000000253-1885903,student__lf_elig,male,16.0,tue,2016-07-26,07-08,31,school,8826968147fffff,9.504295568977733,8826969897fffff,11.494731755952465
2015000000253-1885903,student__lf_elig,male,16.0,tue,2016-07-26,08-09,32,school,8826968147fffff,9.504295568977733,8826969897fffff,11.494731755952465
2015000000253-1885903,student__lf_elig,male,16.0,tue,2016-07-26,09-10,33,school,8826968147fffff,9.504295568977733,8826969897fffff,11.494731755952465
2015000000253-1885903,student__lf_elig,male,16.0,tue,2016-07-26,10-11,34,school,8826968147fffff,9.504295568977733,8826969897fffff,11.494731755952465
2015000000253-1885903,student__lf_elig,male,16.0,tue,2016-07-26,11-12,35,school,8826968147fffff,9.504295568977733,8826969897fffff,11.494731755952465
2015000000253-1885903,student__lf_elig,male,16.0,tue,2016-07-26,12-13,36,school,8826968147fffff,9.504295568977733,8826969897fffff,11.494731755952465
2015000000253-1885903,student__lf_elig,male,16.0,tue,2016-07-26,13-14,37,school,8826968147fffff,9.504295568977733,8826969897fffff,11.494731755952465
2015000000253-1885903,student__lf_elig,male,16.0,tue,2016-07-26,14-15,38,school,8826968147fffff,9.504295568977733,8826969897fffff,11.494731755952465
2015000000253-1885903,student__lf_elig,male,16.0,tue,2016-07-26,15-16,39,school,8826968147fffff,9.504295568977733,8826969897fffff,11.494731755952465
2015000000253-1885903,student__lf_elig,male,16.0,tue,2016-07-26,16-17,40,school,8826968147fffff,9.504295568977733,8826969897fffff,11.494731755952465
2015000000253-1885903,student__lf_elig,male,16.0,tue,2016-07-26,17-18,41,visit_friends_relatives,882696811dfffff,9.30632773577188,8826969897fffff,11.494731755952465
2015000000253-1885903,student__lf_elig,male,16.0,tue,2016-07-26,18-19,42,visit_friends_relatives,882696811dfffff,9.30632773577188,8826969897fffff,11.494731755952465
2015000000253-1885903,student__lf_elig,male,16.0,tue,2016-07-26,19-20,43,visit_friends_relatives,882696811dfffff,9.30632773577188,8826969897fffff,11.494731755952465
2015000000253-1885903,student__lf_elig,male,16.0,tue,2016-07-26,20-21,44,home,8826969897fffff,11.494731755952465,8826969897fffff,11.494731755952465
2015000000253-1885903,student__lf_elig,male,16.0,tue,2016-07-26,21-22,45,home,8826969897fffff,11.494731755952465,8826969897fffff,11.494731755952465
2015000000253-1885903,student__lf_elig,male,16.0,tue,2016-07-26,22-23,46,home,8826969897fffff,11.494731755952465,8826969897fffff,11.494731755952465
2015000000253-1885903,student__lf_elig,male,16.0,tue,2016-07-26,23-24,47,home,8826969897fffff,11.494731755952465,8826969897fffff,11.494731755952465
2015000000253-1885903,student__lf_elig,male,16.0,wed,2016-07-27,00-01,48,home,8826969897fffff,10.79646488225417,8826969897fffff,10.79646488225417
2015000000253-1885903,student__lf_elig,male,16.0,wed,2016-07-27,01-02,49,home,8826969897fffff,10.79646488225417,8826969897fffff,10.79646488225417
2015000000253-1885903,student__lf_elig,male,16.0,wed,2016-07-27,02-03,50,home,8826969897fffff,10.79646488225417,8826969897fffff,10.79646488225417
2015000000253-1885903,student__lf_elig,male,16.0,wed,2016-07-27,03-04,51,home,8826969897fffff,10.79646488225417,8826969897fffff,10.79646488225417
2015000000253-1885903,student__lf_elig,male,16.0,wed,2016-07-27,04-05,52,home,8826969897fffff,10.79646488225417,8826969897fffff,10.79646488225417
2015000000253-1885903,student__lf_elig,male,16.0,wed,2016-07-27,05-06,53,home,8826969897fffff,10.79646488225417,8826969897fffff,10.79646488225417
2015000000253-1885903,student__lf_elig,male,16.0,wed,2016-07-27,06-07,54,home,8826969897fffff,10.79646488225417,8826969897fffff,10.79646488225417
2015000000253-1885903,student__lf_elig,male,16.0,wed,2016-07-27,07-08,55,school,8826968147fffff,8.725462360781382,8826969897fffff,10.79646488225417
2015000000253-1885903,student__lf_elig,male,16.0,wed,2016-07-27,08-09,56,school,8826968147fffff,8.725462360781382,8826969897fffff,10.79646488225417
2015000000253-1885903,student__lf_elig,male,16.0,wed,2016-07-27,09-10,57,school,8826968147fffff,8.725462360781382,8826969897fffff,10.79646488225417
2015000000253-1885903,student__lf_elig,male,16.0,wed,2016-07-27,10-11,58,school,8826968147fffff,8.725462360781382,8826969897fffff,10.79646488225417
2015000000253-1885903,student__lf_elig,male,16.0,wed,2016-07-27,11-12,59,school,8826968147fffff,8.725462360781382,8826969897fffff,10.79646488225417
2015000000253-1885903,student__lf_elig,male,16.0,wed,2016-07-27,12-13,60,exercise,8826968155fffff,8.375076619293887,8826969897fffff,10.79646488225417
2015000000253-1885903,student__lf_elig,male,16.0,wed,2016-07-27,13-14,61,exercise,8826968155fffff,8.375076619293887,8826969897fffff,10.79646488225417
2015000000253-1885903,student__lf_elig,male,16.0,wed,2016-07-27,14-15,62,exercise,8826968101fffff,8.695121100632754,8826969897fffff,10.79646488225417
2015000000253-1885903,student__lf_elig,male,16.0,wed,2016-07-27,15-16,63,home,8826969897fffff,10.79646488225417,8826969897fffff,10.79646488225417
2015000000253-1885903,student__lf_elig,male,16.0,wed,2016-07-27,16-17,64,home,8826969897fffff,10.79646488225417,8826969897fffff,10.79646488225417
2015000000253-1885903,student__lf_elig,male,16.0,wed,2016-07-27,17-18,65,home,8826969897fffff,10.79646488225417,8826969897fffff,10.79646488225417
2015000000253-1885903,student__lf_elig,male,16.0,wed,2016-07-27,18-19,66,home,8826969897fffff,10.79646488225417,8826969897fffff,10.79646488225417
2015000000253-1885903,student__lf_elig,male,16.0,wed,2016-07-27,19-20,67,home,8826969897fffff,10.79646488225417,8826969897fffff,10.79646488225417
2015000000253-1885903,student__lf_elig,male,16.0,wed,2016-07-27,20-21,68,home,8826969897fffff,10.79646488225417,8826969897fffff,10.79646488225417
2015000000253-1885903,student__lf_elig,male,16.0,wed,2016-07-27,21-22,69,home,8826969897fffff,10.79646488225417,8826969897fffff,10.79646488225417
2015000000253-1885903,student__lf_elig,male,16.0,wed,2016-07-27,22-23,70,home,8826969897fffff,10.79646488225417,8826969897fffff,10.79646488225417
2015000000253-1885903,student__lf_elig,male,16.0,wed,2016-07-27,23-24,71,home,8826969897fffff,10.79646488225417,8826969897fffff,10.79646488225417
2015000000253-1885903,student__lf_elig,male,16.0,thu,2016-07-28,00-01,72,home,8826969897fffff,11.580832866520593,8826969897fffff,11.580832866520593
2015000000253-1885903,student__lf_elig,male,16.0,thu,2016-07-28,01-02,73,home,8826969897fffff,11.580832866520593,8826969897fffff,11.580832866520593
2015000000253-1885903,student__lf_elig,male,16.0,thu,2016-07-28,02-03,74,home,8826969897fffff,11.580832866520593,8826969897fffff,11.580832866520593
2015000000253-1885903,student__lf_elig,male,16.0,thu,2016-07-28,03-04,75,home,8826969897fffff,11.580832866520593,8826969897fffff,11.580832866520593
2015000000253-1885903,student__lf_elig,male,16.0,thu,2016-07-28,04-05,76,home,8826969897fffff,11.580832866520593,8826969897fffff,11.580832866520593
2015000000253-1885903,student__lf_elig,male,16.0,thu,2016-07-28,05-06,77,home,8826969897fffff,11.580832866520593,8826969897fffff,11.580832866520593
2015000000253-1885903,student__lf_elig,male,16.0,thu,2016-07-28,06-07,78,home,8826969897fffff,11.580832866520593,8826969897fffff,11.580832866520593
2015000000253-1885903,student__lf_elig,male,16.0,thu,2016-07-28,07-08,79,school,8826968147fffff,9.4009209514651,8826969897fffff,11.580832866520593
2015000000253-1885903,student__lf_elig,male,16.0,thu,2016-07-28,08-09,80,school,8826968147fffff,9.4009209514651,8826969897fffff,11.580832866520593
2015000000253-1885903,student__lf_elig,male,16.0,thu,2016-07-28,09-10,81,school,8826968147fffff,9.4009209514651,8826969897fffff,11.580832866520593
2015000000253-1885903,student__lf_elig,male,16.0,thu,2016-07-28,10-11,82,school,8826968147fffff,9.4009209514651,8826969897fffff,11.580832866520593
2015000000253-1885903,student__lf_elig,male,16.0,thu,2016-07-28,11-12,83,medical,8826968141fffff,9.311427077514873,8826969897fffff,11.580832866520593
2015000000253-1885903,student__lf_elig,male,16.0,thu,2016-07-28,12-13,84,medical,8826968141fffff,9.311427077514873,8826969897fffff,11.580832866520593
2015000000253-1885903,student__lf_elig,male,16.0,thu,2016-07-28,13-14,85,home,8826969897fffff,11.580832866520593,8826969897fffff,11.580832866520593
2015000000253-1885903,student__lf_elig,male,16.0,thu,2016-07-28,14-15,86,home,8826969897fffff,11.580832866520593,8826969897fffff,11.580832866520593
2015000000253-1885903,student__lf_elig,male,16.0,thu,2016-07-28,15-16,87,home,8826969897fffff,11.580832866520593,8826969897fffff,11.580832866520593
2015000000253-1885903,student__lf_elig,male,16.0,thu,2016-07-28,16-17,88,home,8826969897fffff,11.580832866520593,8826969897fffff,11.580832866520593
2015000000253-1885903,student__lf_elig,male,16.0,thu,2016-07-28,17-18,89,home,8826969897fffff,11.580832866520593,8826969897fffff,11.580832866520593
2015000000253-1885903,student__lf_elig,male,16.0,thu,2016-07-28,18-19,90,home,8826969897fffff,11.580832866520593,8826969897fffff,11.580832866520593
2015000000253-1885903,student__lf_elig,male,16.0,thu,2016-07-28,19-20,91,home,8826969897fffff,11.580832866520593,8826969897fffff,11.580832866520593
2015000000253-1885903,student__lf_elig,male,16.0,thu,2016-07-28,20-21,92,home,8826969897fffff,11.580832866520593,8826969897fffff,11.580832866520593
2015000000253-1885903,student__lf_elig,male,16.0,thu,2016-07-28,21-22,93,home,8826969897fffff,11.580832866520593,8826969897fffff,11.580832866520593
2015000000253-1885903,student__lf_elig,male,16.0,thu,2016-07-28,22-23,94,home,8826969897fffff,11.580832866520593,8826969897fffff,11.580832866520593
2015000000253-1885903,student__lf_elig,male,16.0,thu,2016-07-28,23-24,95,home,8826969897fffff,11.580832866520593,8826969897fffff,11.580832866520593
2015000000253-1885903,student__lf_elig,male,16.0,fri,2016-07-29,00-01,96,home,8826969897fffff,13.007218289862701,8826969897fffff,13.007218289862701
2015000000253-1885903,student__lf_elig,male,16.0,fri,2016-07-29,01-02,97,home,8826969897fffff,13.007218289862701,8826969897fffff,13.007218289862701
2015000000253-1885903,student__lf_elig,male,16.0,fri,2016-07-29,02-03,98,home,8826969897fffff,13.007218289862701,8826969897fffff,13.007218289862701
2015000000253-1885903,student__lf_elig,male,16.0,fri,2016-07-29,03-04,99,home,8826969897fffff,13.007218289862701,8826969897fffff,13.007218289862701
2015000000253-1885903,student__lf_elig,male,16.0,fri,2016-07-29,04-05,100,home,8826969897fffff,13.007218289862701,8826969897fffff,13.007218289862701
2015000000253-1885903,student__lf_elig,male,16.0,fri,2016-07-29,05-06,101,home,8826969897fffff,13.007218289862701,8826969897fffff,13.007218289862701
2015000000253-1885903,student__lf_elig,male,16.0,fri,2016-07-29,06-07,102,home,8826969897fffff,13.007218289862701,8826969897fffff,13.007218289862701
2015000000253-1885903,student__lf_elig,male,16.0,fri,2016-07-29,07-08,103,school,8826968147fffff,10.93947853370046,8826969897fffff,13.007218289862701
2015000000253-1885903,student__lf_elig,male,16.0,fri,2016-07-29,08-09,104,school,8826968147fffff,10.93947853370046,8826969897fffff,13.007218289862701
2015000000253-1885903,student__lf_elig,male,16.0,fri,2016-07-29,09-10,105,school,8826968147fffff,10.93947853370046,8826969897fffff,13.007218289862701
2015000000253-1885903,student__lf_elig,male,16.0,fri,2016-07-29,10-11,106,school,8826968147fffff,10.93947853370046,8826969897fffff,13.007218289862701
2015000000253-1885903,student__lf_elig,male,16.0,fri,2016-07-29,11-12,107,school,8826968147fffff,10.93947853370046,8826969897fffff,13.007218289862701
2015000000253-1885903,student__lf_elig,male,16.0,fri,2016-07-29,12-13,108,school,8826968147fffff,10.93947853370046,8826969897fffff,13.007218289862701
2015000000253-1885903,student__lf_elig,male,16.0,fri,2016-07-29,13-14,109,school,8826968147fffff,10.93947853370046,8826969897fffff,13.007218289862701
2015000000253-1885903,student__lf_elig,male,16.0,fri,2016-07-29,14-15,110,leisure,8826968105fffff,13.505746289188547,8826969897fffff,13.007218289862701
2015000000253-1885903,student__lf_elig,male,16.0,fri,2016-07-29,15-16,111,home,8826969897fffff,13.007218289862701,8826969897fffff,13.007218289862701
2015000000253-1885903,student__lf_elig,male,16.0,fri,2016-07-29,16-17,112,home,8826969897fffff,13.007218289862701,8826969897fffff,13.007218289862701
2015000000253-1885903,student__lf_elig,male,16.0,fri,2016-07-29,17-18,113,home,8826969897fffff,13.007218289862701,8826969897fffff,13.007218289862701
2015000000253-1885903,student__lf_elig,male,16.0,fri,2016-07-29,18-19,114,home,8826969897fffff,13.007218289862701,8826969897fffff,13.007218289862701
2015000000253-1885903,student__lf_elig,male,16.0,fri,2016-07-29,19-20,115,home,8826969897fffff,13.007218289862701,8826969897fffff,13.007218289862701
2015000000253-1885903,student__lf_elig,male,16.0,fri,2016-07-29,20-21,116,home,8826969897fffff,13.007218289862701,8826969897fffff,13.007218289862701
2015000000253-1885903,student__lf_elig,male,16.0,fri,2016-07-29,21-22,117,home,8826969897fffff,13.007218289862701,8826969897fffff,13.007218289862701
2015000000253-1885903,student__lf_elig,male,16.0,fri,2016-07-29,22-23,118,home,8826969897fffff,13.007218289862701,8826969897fffff,13.007218289862701
2015000000253-1885903,student__lf_elig,male,16.0,fri,2016-07-29,23-24,119,home,8826969897fffff,13.007218289862701,8826969897fffff,13.007218289862701
2015000000253-1885903,student__lf_elig,male,16.0,sat,2016-07-30,00-01,120,home,8826969897fffff,11.88912625555765,8826969897fffff,11.88912625555765
2015000000253-1885903,student__lf_elig,male,16.0,sat,2016-07-30,01-02,121,home,8826969897fffff,11.88912625555765,8826969897fffff,11.88912625555765
2015000000253-1885903,student__lf_elig,male,16.0,sat,2016-07-30,02-03,122,home,8826969897fffff,11.88912625555765,8826969897fffff,11.88912625555765
2015000000253-1885903,student__lf_elig,male,16.0,sat,2016-07-30,03-04,123,home,8826969897fffff,11.88912625555765,8826969897fffff,11.88912625555765
2015000000253-1885903,student__lf_elig,male,16.0,sat,2016-07-30,04-05,124,home,8826969897fffff,11.88912625555765,8826969897fffff,11.88912625555765
2015000000253-1885903,student__lf_elig,male,16.0,sat,2016-07-30,05-06,125,home,8826969897fffff,11.88912625555765,8826969897fffff,11.88912625555765
2015000000253-1885903,student__lf_elig,male,16.0,sat,2016-07-30,06-07,126,home,8826969897fffff,11.88912625555765,8826969897fffff,11.88912625555765
2015000000253-1885903,student__lf_elig,male,16.0,sat,2016-07-30,07-08,127,home,8826969897fffff,11.88912625555765,8826969897fffff,11.88912625555765
2015000000253-1885903,student__lf_elig,male,16.0,sat,2016-07-30,08-09,128,home,8826969897fffff,11.88912625555765,8826969897fffff,11.88912625555765
2015000000253-1885903,student__lf_elig,male,16.0,sat,2016-07-30,09-10,129,home,8826969897fffff,11.88912625555765,8826969897fffff,11.88912625555765
2015000000253-1885903,student__lf_elig,male,16.0,sat,2016-07-30,10-11,130,home,8826969897fffff,11.88912625555765,8826969897fffff,11.88912625555765
2015000000253-1885903,student__lf_elig,male,16.0,sat,2016-07-30,11-12,131,home,8826969897fffff,11.88912625555765,8826969897fffff,11.88912625555765
2015000000253-1885903,student__lf_elig,male,16.0,sat,2016-07-30,12-13,132,home,8826969897fffff,11.88912625555765,8826969897fffff,11.88912625555765
2015000000253-1885903,student__lf_elig,male,16.0,sat,2016-07-30,13-14,133,home,8826969897fffff,11.88912625555765,8826969897fffff,11.88912625555765
2015000000253-1885903,student__lf_elig,male,16.0,sat,2016-07-30,14-15,134,home,8826969897fffff,11.88912625555765,8826969897fffff,11.88912625555765
2015000000253-1885903,student__lf_elig,male,16.0,sat,2016-07-30,15-16,135,home,8826969897fffff,11.88912625555765,8826969897fffff,11.88912625555765
2015000000253-1885903,student__lf_elig,male,16.0,sat,2016-07-30,16-17,136,home,8826969897fffff,11.88912625555765,8826969897fffff,11.88912625555765
2015000000253-1885903,student__lf_elig,male,16.0,sat,2016-07-30,17-18,137,home,8826969897fffff,11.88912625555765,8826969897fffff,11.88912625555765
2015000000253-1885903,student__lf_elig,male,16.0,sat,2016-07-30,18-19,138,home,8826969897fffff,11.88912625555765,8826969897fffff,11.88912625555765
2015000000253-1885903,student__lf_elig,male,16.0,sat,2016-07-30,19-20,139,home,8826969897fffff,11.88912625555765,8826969897fffff,11.88912625555765
2015000000253-1885903,student__lf_elig,male,16.0,sat,2016-07-30,20-21,140,home,8826969897fffff,11.88912625555765,8826969897fffff,11.88912625555765
2015000000253-1885903,student__lf_elig,male,16.0,sat,2016-07-30,21-22,141,home,8826969897fffff,11.88912625555765,8826969897fffff,11.88912625555765
2015000000253-1885903,student__lf_elig,male,16.0,sat,2016-07-30,22-23,142,home,8826969897fffff,11.88912625555765,8826969897fffff,11.88912625555765
2015000000253-1885903,student__lf_elig,male,16.0,sat,2016-07-30,23-24,143,home,8826969897fffff,11.88912625555765,8826969897fffff,11.88912625555765
2015000000253-1885903,student__lf_elig,male,16.0,sun,2016-07-31,00-01,144,home,8826969897fffff,11.730578586927884,8826969897fffff,11.730578586927884
2015000000253-1885903,student__lf_elig,male,16.0,sun,2016-07-31,01-02,145,home,8826969897fffff,11.730578586927884,8826969897fffff,11.730578586927884
2015000000253-1885903,student__lf_elig,male,16.0,sun,2016-07-31,02-03,146,home,8826969897fffff,11.730578586927884,8826969897fffff,11.730578586927884
2015000000253-1885903,student__lf_elig,male,16.0,sun,2016-07-31,03-04,147,home,8826969897fffff,11.730578586927884,8826969897fffff,11.730578586927884
2015000000253-1885903,student__lf_elig,male,16.0,sun,2016-07-31,04-05,148,home,8826969897fffff,11.730578586927884,8826969897fffff,11.730578586927884
2015000000253-1885903,student__lf_elig,male,16.0,sun,2016-07-31,05-06,149,home,8826969897fffff,11.730578586927884,8826969897fffff,11.730578586927884
2015000000253-1885903,student__lf_elig,male,16.0,sun,2016-07-31,06-07,150,home,8826969897fffff,11.730578586927884,8826969897fffff,11.730578586927884
2015000000253-1885903,student__lf_elig,male,16.0,sun,2016-07-31,07-08,151,home,8826969897fffff,11.730578586927884,8826969897fffff,11.730578586927884
2015000000253-1885903,student__lf_elig,male,16.0,sun,2016-07-31,08-09,152,change_transp,88269698d9fffff,8.492812810700713,8826969897fffff,11.730578586927884
2015000000253-1885903,student__lf_elig,male,16.0,sun,2016-07-31,09-10,153,home,8826969897fffff,11.730578586927884,8826969897fffff,11.730578586927884
2015000000253-1885903,student__lf_elig,male,16.0,sun,2016-07-31,10-11,154,home,8826969897fffff,11.730578586927884,8826969897fffff,11.730578586927884
2015000000253-1885903,student__lf_elig,male,16.0,sun,2016-07-31,11-12,155,home,8826969897fffff,11.730578586927884,8826969897fffff,11.730578586927884
2015000000253-1885903,student__lf_elig,male,16.0,sun,2016-07-31,12-13,156,home,8826969897fffff,11.730578586927884,8826969897fffff,11.730578586927884
2015000000253-1885903,student__lf_elig,male,16.0,sun,2016-07-31,13-14,157,home,8826969897fffff,11.730578586927884,8826969897fffff,11.730578586927884
2015000000253-1885903,student__lf_elig,male,16.0,sun,2016-07-31,14-15,158,home,8826969897fffff,11.730578586927884,8826969897fffff,11.730578586927884
2015000000253-1885903,student__lf_elig,male,16.0,sun,2016-07-31,15-16,159,home,8826969897fffff,11.730578586927884,8826969897fffff,11.730578586927884
2015000000253-1885903,student__lf_elig,male,16.0,sun,2016-07-31,16-17,160,home,8826969897fffff,11.730578586927884,8826969897fffff,11.730578586927884
2015000000253-1885903,student__lf_elig,male,16.0,sun,2016-07-31,17-18,161,home,8826969897fffff,11.730578586927884,8826969897fffff,11.730578586927884
2015000000253-1885903,student__lf_elig,male,16.0,sun,2016-07-31,18-19,162,home,8826969897fffff,11.730578586927884,8826969897fffff,11.730578586927884
2015000000253-1885903,student__lf_elig,male,16.0,sun,2016-07-31,19-20,163,home,8826969897fffff,11.730578586927884,8826969897fffff,11.730578586927884
2015000000253-1885903,student__lf_elig,male,16.0,sun,2016-07-31,20-21,164,home,8826969897fffff,11.730578586927884,8826969897fffff,11.730578586927884
2015000000253-1885903,student__lf_elig,male,16.0,sun,2016-07-31,21-22,165,home,8826969897fffff,11.730578586927884,8826969897fffff,11.730578586927884
2015000000253-1885903,student__lf_elig,male,16.0,sun,2016-07-31,22-23,166,home,8826969897fffff,11.730578586927884,8826969897fffff,11.730578586927884
2015000000253-1885903,student__lf_elig,male,16.0,sun,2016-07-31,23-24,167,home,8826969897fffff,11.730578586927884,8826969897fffff,11.730578586927884
2015000000253-1885904,student__age10_15,male,13.0,mon,2016-07-25,00-01,0,home,8826969897fffff,15.243469690516557,8826969897fffff,15.243469690516557
2015000000253-1885904,student__age10_15,male,13.0,mon,2016-07-25,01-02,1,home,8826969897fffff,15.243469690516557,8826969897fffff,15.243469690516557
2015000000253-1885904,student__age10_15,male,13.0,mon,2016-07-25,02-03,2,home,8826969897fffff,15.243469690516557,8826969897fffff,15.243469690516557
2015000000253-1885904,student__age10_15,male,13.0,mon,2016-07-25,03-04,3,home,8826969897fffff,15.243469690516557,8826969897fffff,15.243469690516557
2015000000253-1885904,student__age10_15,male,13.0,mon,2016-07-25,04-05,4,home,8826969897fffff,15.243469690516557,8826969897fffff,15.243469690516557
2015000000253-1885904,student__age10_15,male,13.0,mon,2016-07-25,05-06,5,home,8826969897fffff,15.243469690516557,8826969897fffff,15.243469690516557
2015000000253-1885904,student__age10_15,male,13.0,mon,2016-07-25,06-07,6,home,8826969897fffff,15.243469690516557,8826969897fffff,15.243469690516557
2015000000253-1885904,student__age10_15,male,13.0,mon,2016-07-25,07-08,7,home,8826969897fffff,15.243469690516557,8826969897fffff,15.243469690516557
2015000000253-1885904,student__age10_15,male,13.0,mon,2016-07-25,08-09,8,school,8826969893fffff,13.533380519132898,8826969897fffff,15.243469690516557
2015000000253-1885904,student__age10_15,male,13.0,mon,2016-07-25,09-10,9,school,8826969893fffff,13.533380519132898,8826969897fffff,15.243469690516557
2015000000253-1885904,student__age10_15,male,13.0,mon,2016-07-25,10-11,10,school,8826969893fffff,13.533380519132898,8826969897fffff,15.243469690516557
2015000000253-1885904,student__age10_15,male,13.0,mon,2016-07-25,11-12,11,school,8826969893fffff,13.533380519132898,8826969897fffff,15.243469690516557
2015000000253-1885904,student__age10_15,male,13.0,mon,2016-07-25,12-13,12,school,8826969893fffff,13.533380519132898,8826969897fffff,15.243469690516557
2015000000253-1885904,student__age10_15,male,13.0,mon,2016-07-25,13-14,13,school,8826969893fffff,13.533380519132898,8826969897fffff,15.243469690516557
2015000000253-1885904,student__age10_15,male,13.0,mon,2016-07-25,14-15,14,school,8826969893fffff,13.533380519132898,8826969897fffff,15.243469690516557
2015000000253-1885904,student__age10_15,male,13.0,mon,2016-07-25,15-16,15,school,8826969893fffff,13.533380519132898,8826969897fffff,15.243469690516557
2015000000253-1885904,student__age10_15,male,13.0,mon,2016-07-25,16-17,16,leisure,8826968109fffff,13.496874233262412,8826969897fffff,15.243469690516557
2015000000253-1885904,student__age10_15,male,13.0,mon,2016-07-25,17-18,17,leisure,8826968109fffff,13.496874233262412,8826969897fffff,15.243469690516557
2015000000253-1885904,student__age10_15,male,13.0,mon,2016-07-25,18-19,18,visit_friends_relatives,8826968155fffff,13.404688463634736,8826969897fffff,15.243469690516557
2015000000253-1885904,student__age10_15,male,13.0,mon,2016-07-25,19-20,19,visit_friends_relatives,8826968155fffff,13.404688463634736,8826969897fffff,15.243469690516557
2015000000253-1885904,student__age10_15,male,13.0,mon,2016-07-25,20-21,20,visit_friends_relatives,8826968155fffff,13.404688463634736,8826969897fffff,15.243469690516557
2015000000253-1885904,student__age10_15,male,13.0,mon,2016-07-25,21-22,21,home,8826969897fffff,15.243469690516557,8826969897fffff,15.243469690516557
2015000000253-1885904,student__age10_15,male,13.0,mon,2016-07-25,22-23,22,home,8826969897fffff,15.243469690516557,8826969897fffff,15.243469690516557
2015000000253-1885904,student__age10_15,male,13.0,mon,2016-07-25,23-24,23,home,8826969897fffff,15.243469690516557,8826969897fffff,15.243469690516557
2015000000253-1885904,student__age10_15,male,13.0,tue,2016-07-26,00-01,24,home,8826969897fffff,11.494731755952465,8826969897fffff,11.494731755952465
2015000000253-1885904,student__age10_15,male,13.0,tue,2016-07-26,01-02,25,home,8826969897fffff,11.494731755952465,8826969897fffff,11.494731755952465
2015000000253-1885904,student__age10_15,male,13.0,tue,2016-07-26,02-03,26,home,8826969897fffff,11.494731755952465,8826969897fffff,11.494731755952465
2015000000253-1885904,student__age10_15,male,13.0,tue,2016-07-26,03-04,27,home,8826969897fffff,11.494731755952465,8826969897fffff,11.494731755952465
2015000000253-1885904,student__age10_15,male,13.0,tue,2016-07-26,04-05,28,home,8826969897fffff,11.494731755952465,8826969897fffff,11.494731755952465
2015000000253-1885904,student__age10_15,male,13.0,tue,2016-07-26,05-06,29,home,8826969897fffff,11.494731755952465,8826969897fffff,11.494731755952465
2015000000253-1885904,student__age10_15,male,13.0,tue,2016-07-26,06-07,30,home,8826969897fffff,11.494731755952465,8826969897fffff,11.494731755952465
2015000000253-1885904,student__age10_15,male,13.0,tue,2016-07-26,07-08,31,home,8826969897fffff,11.494731755952465,8826969897fffff,11.494731755952465
2015000000253-1885904,student__age10_15,male,13.0,tue,2016-07-26,08-09,32,school,8826969893fffff,9.506684734166676,8826969897fffff,11.494731755952465
2015000000253-1885904,student__age10_15,male,13.0,tue,2016-07-26,09-10,33,school,8826969893fffff,9.506684734166676,8826969897fffff,11.494731755952465
2015000000253-1885904,student__age10_15,male,13.0,tue,2016-07-26,10-11,34,school,8826969893fffff,9.506684734166676,8826969897fffff,11.494731755952465
2015000000253-1885904,student__age10_15,male,13.0,tue,2016-07-26,11-12,35,school,8826969893fffff,9.506684734166676,8826969897fffff,11.494731755952465
2015000000253-1885904,student__age10_15,male,13.0,tue,2016-07-26,12-13,36,school,8826969893fffff,9.506684734166676,8826969897fffff,11.494731755952465
2015000000253-1885904,student__age10_15,male,13.0,tue,2016-07-26,13-14,37,school,8826969893fffff,9.506684734166676,8826969897fffff,11.494731755952465
2015000000253-1885904,student__age10_15,male,13.0,tue,2016-07-26,14-15,38,school,8826969893fffff,9.506684734166676,8826969897fffff,11.494731755952465
2015000000253-1885904,student__age10_15,male,13.0,tue,2016-07-26,15-16,39,school,8826969893fffff,9.506684734166676,8826969897fffff,11.494731755952465
2015000000253-1885904,student__age10_15,male,13.0,tue,2016-07-26,16-17,40,school,8826969893fffff,9.506684734166676,8826969897fffff,11.494731755952465
2015000000253-1885904,student__age10_15,male,13.0,tue,2016-07-26,17-18,41,religious_community,8826968151fffff,9.436273371200256,8826969897fffff,11.494731755952465
2015000000253-1885904,student__age10_15,male,13.0,tue,2016-07-26,18-19,42,religious_community,8826968151fffff,9.436273371200256,8826969897fffff,11.494731755952465
2015000000253-1885904,student__age10_15,male,13.0,tue,2016-07-26,19-20,43,home,8826969897fffff,11.494731755952465,8826969897fffff,11.494731755952465
2015000000253-1885904,student__age10_15,male,13.0,tue,2016-07-26,20-21,44,home,8826969897fffff,11.494731755952465,8826969897fffff,11.494731755952465
2015000000253-1885904,student__age10_15,male,13.0,tue,2016-07-26,21-22,45,home,8826969897fffff,11.494731755952465,8826969897fffff,11.494731755952465
2015000000253-1885904,student__age10_15,male,13.0,tue,2016-07-26,22-23,46,home,8826969897fffff,11.494731755952465,8826969897fffff,11.494731755952465
2015000000253-1885904,student__age10_15,male,13.0,tue,2016-07-26,23-24,47,home,8826969897fffff,11.494731755952465,8826969897fffff,11.494731755952465
2015000000253-1885904,student__age10_15,male,13.0,wed,2016-07-27,00-01,48,home,8826969897fffff,10.79646488225417,8826969897fffff,10.79646488225417
2015000000253-1885904,student__age10_15,male,13.0,wed,2016-07-27,01-02,49,home,8826969897fffff,10.79646488225417,8826969897fffff,10.79646488225417
2015000000253-1885904,student__age10_15,male,13.0,wed,2016-07-27,02-03,50,home,8826969897fffff,10.79646488225417,8826969897fffff,10.79646488225417
2015000000253-1885904,student__age10_15,male,13.0,wed,2016-07-27,03-04,51,home,8826969897fffff,10.79646488225417,8826969897fffff,10.79646488225417
2015000000253-1885904,student__age10_15,male,13.0,wed,2016-07-27,04-05,52,home,8826969897fffff,10.79646488225417,8826969897fffff,10.79646488225417
2015000000253-1885904,student__age10_15,male,13.0,wed,2016-07-27,05-06,53,home,8826969897fffff,10.79646488225417,8826969897fffff,10.79646488225417
2015000000253-1885904,student__age10_15,male,13.0,wed,2016-07-27,06-07,54,home,8826969897fffff,10.79646488225417,8826969897fffff,10.79646488225417
2015000000253-1885904,student__age10_15,male,13.0,wed,2016-07-27,07-08,55,home,8826969897fffff,10.79646488225417,8826969897fffff,10.79646488225417
2015000000253-1885904,student__age10_15,male,13.0,wed,2016-07-27,08-09,56,school,8826969893fffff,8.75912995046959,8826969897fffff,10.79646488225417
2015000000253-1885904,student__age10_15,male,13.0,wed,2016-07-27,09-10,57,school,8826969893fffff,8.75912995046959,8826969897fffff,10.79646488225417
2015000000253-1885904,student__age10_15,male,13.0,wed,2016-07-27,10-11,58,school,8826969893fffff,8.75912995046959,8826969897fffff,10.79646488225417
2015000000253-1885904,student__age10_15,male,13.0,wed,2016-07-27,11-12,59,school,8826969893fffff,8.75912995046959,8826969897fffff,10.79646488225417
2015000000253-1885904,student__age10_15,male,13.0,wed,2016-07-27,12-13,60,school,8826969893fffff,8.75912995046959,8826969897fffff,10.79646488225417
2015000000253-1885904,student__age10_15,male,13.0,wed,2016-07-27,13-14,61,school,8826969893fffff,8.75912995046959,8826969897fffff,10.79646488225417
2015000000253-1885904,student__age10_15,male,13.0,wed,2016-07-27,14-15,62,school,8826969893fffff,8.75912995046959,8826969897fffff,10.79646488225417
2015000000253-1885904,student__age10_15,male,13.0,wed,2016-07-27,15-16,63,services,8826968141fffff,8.38802685192257,8826969897fffff,10.79646488225417
2015000000253-1885904,student__age10_15,male,13.0,wed,2016-07-27,16-17,64,home,8826969897fffff,10.79646488225417,8826969897fffff,10.79646488225417
2015000000253-1885904,student__age10_15,male,13.0,wed,2016-07-27,17-18,65,home,8826969897fffff,10.79646488225417,8826969897fffff,10.79646488225417
2015000000253-1885904,student__age10_15,male,13.0,wed,2016-07-27,18-19,66,home,8826969897fffff,10.79646488225417,8826969897fffff,10.79646488225417
2015000000253-1885904,student__age10_15,male,13.0,wed,2016-07-27,19-20,67,home,8826969897fffff,10.79646488225417,8826969897fffff,10.79646488225417
2015000000253-1885904,student__age10_15,male,13.0,wed,2016-07-27,20-21,68,home,8826969897fffff,10.79646488225417,8826969897fffff,10.79646488225417
2015000000253-1885904,student__age10_15,male,13.0,wed,2016-07-27,21-22,69,home,8826969897fffff,10.79646488225417,8826969897fffff,10.79646488225417
2015000000253-1885904,student__age10_15,male,13.0,wed,2016-07-27,22-23,70,home,8826969897fffff,10.79646488225417,8826969897fffff,10.79646488225417
2015000000253-1885904,student__age10_15,male,13.0,wed,2016-07-27,23-24,71,home,8826969897fffff,10.79646488225417,8826969897fffff,10.79646488225417
2015000000253-1885904,student__age10_15,male,13.0,thu,2016-07-28,00-01,72,home,8826969897fffff,11.580832866520593,8826969897fffff,11.580832866520593
2015000000253-1885904,student__age10_15,male,13.0,thu,2016-07-28,01-02,73,home,8826969897fffff,11.580832866520593,8826969897fffff,11.580832866520593
2015000000253-1885904,student__age10_15,male,13.0,thu,2016-07-28,02-03,74,home,8826969897fffff,11.580832866520593,8826969897fffff,11.580832866520593
2015000000253-1885904,student__age10_15,male,13.0,thu,2016-07-28,03-04,75,home,8826969897fffff,11.580832866520593,8826969897fffff,11.580832866520593
2015000000253-1885904,student__age10_15,male,13.0,thu,2016-07-28,04-05,76,home,8826969897fffff,11.580832866520593,8826969897fffff,11.580832866520593
2015000000253-1885904,student__age10_15,male,13.0,thu,2016-07-28,05-06,77,home,8826969897fffff,11.580832866520593,8826969897fffff,11.580832866520593
2015000000253-1885904,student__age10_15,male,13.0,thu,2016-07-28,06-07,78,home,8826969897fffff,11.580832866520593,8826969897fffff,11.580832866520593
2015000000253-1885904,student__age10_15,male,13.0,thu,2016-07-28,07-08,79,home,8826969897fffff,11.580832866520593,8826969897fffff,11.580832866520593
2015000000253-1885904,student__age10_15,male,13.0,thu,2016-07-28,08-09,80,school,8826969893fffff,9.368475521729003,8826969897fffff,11.580832866520593
2015000000253-1885904,student__age10_15,male,13.0,thu,2016-07-28,09-10,81,school,8826969893fffff,9.368475521729003,8826969897fffff,11.580832866520593
2015000000253-1885904,student__age10_15,male,13.0,thu,2016-07-28,10-11,82,school,8826969893fffff,9.368475521729003,8826969897fffff,11.580832866520593
2015000000253-1885904,student__age10_15,male,13.0,thu,2016-07-28,11-12,83,school,8826969893fffff,9.368475521729003,8826969897fffff,11.580832866520593
2015000000253-1885904,student__age10_15,male,13.0,thu,2016-07-28,12-13,84,school,8826969893fffff,9.368475521729003,8826969897fffff,11.580832866520593
2015000000253-1885904,student__age10_15,male,13.0,thu,2016-07-28,13-14,85,school,8826969893fffff,9.368475521729003,8826969897fffff,11.580832866520593
2015000000253-1885904,student__age10_15,male,13.0,thu,2016-07-28,14-15,86,school,8826969893fffff,9.368475521729003,8826969897fffff,11.580832866520593
2015000000253-1885904,student__age10_15,male,13.0,thu,2016-07-28,15-16,87,school,8826969893fffff,9.368475521729003,8826969897fffff,11.580832866520593
2015000000253-1885904,student__age10_15,male,13.0,thu,2016-07-28,16-17,88,meals,8826969893fffff,9.368475521729003,8826969897fffff,11.580832866520593
2015000000253-1885904,student__age10_15,male,13.0,thu,2016-07-28,17-18,89,exercise,8826968321fffff,8.977693533304173,8826969897fffff,11.580832866520593
2015000000253-1885904,student__age10_15,male,13.0,thu,2016-07-28,18-19,90,meals,8826968321fffff,8.977693533304173,8826969897fffff,11.580832866520593
2015000000253-1885904,student__age10_15,male,13.0,thu,2016-07-28,19-20,91,meals,8826968321fffff,8.977693533304173,8826969897fffff,11.580832866520593
2015000000253-1885904,student__age10_15,male,13.0,thu,2016-07-28,20-21,92,home,8826969897fffff,11.580832866520593,8826969897fffff,11.580832866520593
2015000000253-1885904,student__age10_15,male,13.0,thu,2016-07-28,21-22,93,home,8826969897fffff,11.580832866520593,8826969897fffff,11.580832866520593
2015000000253-1885904,student__age10_15,male,13.0,thu,2016-07-28,22-23,94,home,8826969897fffff,11.580832866520593,8826969897fffff,11.580832866520593
2015000000253-1885904,student__age10_15,male,13.0,thu,2016-07-28,23-24,95,home,8826969897fffff,11.580832866520593,8826969897fffff,11.580832866520593
2015000000253-1885904,student__age10_15,male,13.0,fri,2016-07-29,00-01,96,home,8826969897fffff,13.007218289862701,8826969897fffff,13.007218289862701
2015000000253-1885904,student__age10_15,male,13.0,fri,2016-07-29,01-02,97,home,8826969897fffff,13.007218289862701,8826969897fffff,13.007218289862701
2015000000253-1885904,student__age10_15,male,13.0,fri,2016-07-29,02-03,98,home,8826969897fffff,13.007218289862701,8826969897fffff,13.007218289862701
2015000000253-1885904,student__age10_15,male,13.0,fri,2016-07-29,03-04,99,home,8826969897fffff,13.007218289862701,8826969897fffff,13.007218289862701
2015000000253-1885904,student__age10_15,male,13.0,fri,2016-07-29,04-05,100,home,8826969897fffff,13.007218289862701,8826969897fffff,13.007218289862701
2015000000253-1885904,student__age10_15,male,13.0,fri,2016-07-29,05-06,101,home,8826969897fffff,13.007218289862701,8826969897fffff,13.007218289862701
2015000000253-1885904,student__age10_15,male,13.0,fri,2016-07-29,06-07,102,home,8826969897fffff,13.007218289862701,8826969897fffff,13.007218289862701
2015000000253-1885904,student__age10_15,male,13.0,fri,2016-07-29,07-08,103,home,8826969897fffff,13.007218289862701,8826969897fffff,13.007218289862701
2015000000253-1885904,student__age10_15,male,13.0,fri,2016-07-29,08-09,104,school,8826969893fffff,10.774671184581356,8826969897fffff,13.007218289862701
2015000000253-1885904,student__age10_15,male,13.0,fri,2016-07-29,09-10,105,school,8826969893fffff,10.774671184581356,8826969897fffff,13.007218289862701
2015000000253-1885904,student__age10_15,male,13.0,fri,2016-07-29,10-11,106,school,8826969893fffff,10.774671184581356,8826969897fffff,13.007218289862701
2015000000253-1885904,student__age10_15,male,13.0,fri,2016-07-29,11-12,107,school,8826969893fffff,10.774671184581356,8826969897fffff,13.007218289862701
2015000000253-1885904,student__age10_15,male,13.0,fri,2016-07-29,12-13,108,school,8826969893fffff,10.774671184581356,8826969897fffff,13.007218289862701
2015000000253-1885904,student__age10_15,male,13.0,fri,2016-07-29,13-14,109,school,8826969893fffff,10.774671184581356,8826969897fffff,13.007218289862701
2015000000253-1885904,student__age10_15,male,13.0,fri,2016-07-29,14-15,110,school,8826969893fffff,10.774671184581356,8826969897fffff,13.007218289862701
2015000000253-1885904,student__age10_15,male,13.0,fri,2016-07-29,15-16,111,home,8826969897fffff,13.007218289862701,8826969897fffff,13.007218289862701
2015000000253-1885904,student__age10_15,male,13.0,fri,2016-07-29,16-17,112,home,8826969897fffff,13.007218289862701,8826969897fffff,13.007218289862701
2015000000253-1885904,student__age10_15,male,13.0,fri,2016-07-29,17-18,113,home,8826969897fffff,13.007218289862701,8826969897fffff,13.007218289862701
2015000000253-1885904,student__age10_15,male,13.0,fri,2016-07-29,18-19,114,home,8826969897fffff,13.007218289862701,8826969897fffff,13.007218289862701
2015000000253-1885904,student__age10_15,male,13.0,fri,2016-07-29,19-20,115,home,8826969897fffff,13.007218289862701,8826969897fffff,13.007218289862701
2015000000253-1885904,student__age10_15,male,13.0,fri,2016-07-29,20-21,116,home,8826969897fffff,13.007218289862701,8826969897fffff,13.007218289862701
2015000000253-1885904,student__age10_15,male,13.0,fri,2016-07-29,21-22,117,home,8826969897fffff,13.007218289862701,8826969897fffff,13.007218289862701
2015000000253-1885904,student__age10_15,male,13.0,fri,2016-07-29,22-23,118,home,8826969897fffff,13.007218289862701,8826969897fffff,13.007218289862701
2015000000253-1885904,student__age10_15,male,13.0,fri,2016-07-29,23-24,119,home,8826969897fffff,13.007218289862701,8826969897fffff,13.007218289862701
2015000000253-1885904,student__age10_15,male,13.0,sat,2016-07-30,00-01,120,home,8826969897fffff,11.88912625555765,8826969897fffff,11.88912625555765
2015000000253-1885904,student__age10_15,male,13.0,sat,2016-07-30,01-02,121,home,8826969897fffff,11.88912625555765,8826969897fffff,11.88912625555765
2015000000253-1885904,student__age10_15,male,13.0,sat,2016-07-30,02-03,122,home,8826969897fffff,11.88912625555765,8826969897fffff,11.88912625555765
2015000000253-1885904,student__age10_15,male,13.0,sat,2016-07-30,03-04,123,home,8826969897fffff,11.88912625555765,8826969897fffff,11.88912625555765
2015000000253-1885904,student__age10_15,male,13.0,sat,2016-07-30,04-05,124,home,8826969897fffff,11.88912625555765,8826969897fffff,11.88912625555765
2015000000253-1885904,student__age10_15,male,13.0,sat,2016-07-30,05-06,125,home,8826969897fffff,11.88912625555765,8826969897fffff,11.88912625555765
2015000000253-1885904,student__age10_15,male,13.0,sat,2016-07-30,06-07,126,leisure,882696814dfffff,9.585295236247886,8826969897fffff,11.88912625555765
2015000000253-1885904,student__age10_15,male,13.0,sat,2016-07-30,07-08,127,leisure,882696814dfffff,9.585295236247886,8826969897fffff,11.88912625555765
2015000000253-1885904,student__age10_15,male,13.0,sat,2016-07-30,08-09,128,leisure,8826968323fffff,9.245777568531425,8826969897fffff,11.88912625555765
2015000000253-1885904,student__age10_15,male,13.0,sat,2016-07-30,09-10,129,leisure,8826968323fffff,9.245777568531425,8826969897fffff,11.88912625555765
2015000000253-1885904,student__age10_15,male,13.0,sat,2016-07-30,10-11,130,leisure,8826968323fffff,9.245777568531425,8826969897fffff,11.88912625555765
2015000000253-1885904,student__age10_15,male,13.0,sat,2016-07-30,11-12,131,leisure,8826968323fffff,9.245777568531425,8826969897fffff,11.88912625555765
2015000000253-1885904,student__age10_15,male,13.0,sat,2016-07-30,12-13,132,leisure,8826968323fffff,9.245777568531425,8826969897fffff,11.88912625555765
2015000000253-1885904,student__age10_15,male,13.0,sat,2016-07-30,13-14,133,leisure,8826968323fffff,9.245777568531425,8826969897fffff,11.88912625555765
2015000000253-1885904,student__age10_15,male,13.0,sat,2016-07-30,14-15,134,leisure,8826968323fffff,9.245777568531425,8826969897fffff,11.88912625555765
2015000000253-1885904,student__age10_15,male,13.0,sat,2016-07-30,15-16,135,leisure,8826968323fffff,9.245777568531425,8826969897fffff,11.88912625555765
2015000000253-1885904,student__age10_15,male,13.0,sat,2016-07-30,16-17,136,leisure,8826968323fffff,9.245777568531425,8826969897fffff,11.88912625555765
2015000000253-1885904,student__age10_15,male,13.0,sat,2016-07-30,17-18,137,leisure,882696832bfffff,9.189029384321145,8826969897fffff,11.88912625555765
2015000000253-1885904,student__age10_15,male,13.0,sat,2016-07-30,18-19,138,leisure,882696832bfffff,9.189029384321145,8826969897fffff,11.88912625555765
2015000000253-1885904,student__age10_15,male,13.0,sat,2016-07-30,19-20,139,home,8826969897fffff,11.88912625555765,8826969897fffff,11.88912625555765
2015000000253-1885904,student__age10_15,male,13.0,sat,2016-07-30,20-21,140,home,8826969897fffff,11.88912625555765,8826969897fffff,11.88912625555765
2015000000253-1885904,student__age10_15,male,13.0,sat,2016-07-30,21-22,141,home,8826969897fffff,11.88912625555765,8826969897fffff,11.88912625555765
2015000000253-1885904,student__age10_15,male,13.0,sat,2016-07-30,22-23,142,home,8826969897fffff,11.88912625555765,8826969897fffff,11.88912625555765
2015000000253-1885904,student__age10_15,male,13.0,sat,2016-07-30,23-24,143,home,8826969897fffff,11.88912625555765,8826969897fffff,11.88912625555765
2015000000253-1885904,student__age10_15,male,13.0,sun,2016-07-31,00-01,144,home,8826969897fffff,11.730578586927884,8826969897fffff,11.730578586927884
2015000000253-1885904,student__age10_15,male,13.0,sun,2016-07-31,01-02,145,home,8826969897fffff,11.730578586927884,8826969897fffff,11.730578586927884
2015000000253-1885904,student__age10_15,male,13.0,sun,2016-07-31,02-03,146,home,8826969897fffff,11.730578586927884,8826969897fffff,11.730578586927884
2015000000253-1885904,student__age10_15,male,13.0,sun,2016-07-31,03-04,147,home,8826969897fffff,11.730578586927884,8826969897fffff,11.730578586927884
2015000000253-1885904,student__age10_15,male,13.0,sun,2016-07-31,04-05,148,home,8826969897fffff,11.730578586927884,8826969897fffff,11.730578586927884
2015000000253-1885904,student__age10_15,male,13.0,sun,2016-07-31,05-06,149,religious_community,882696989bfffff,9.24508563233058,8826969897fffff,11.730578586927884
2015000000253-1885904,student__age10_15,male,13.0,sun,2016-07-31,06-07,150,religious_community,882696989bfffff,9.24508563233058,8826969897fffff,11.730578586927884
2015000000253-1885904,student__age10_15,male,13.0,sun,2016-07-31,07-08,151,meals,882696832dfffff,8.787747004095966,8826969897fffff,11.730578586927884
2015000000253-1885904,student__age10_15,male,13.0,sun,2016-07-31,08-09,152,leisure,8826968329fffff,8.714911439078236,8826969897fffff,11.730578586927884
2015000000253-1885904,student__age10_15,male,13.0,sun,2016-07-31,09-10,153,leisure,8826968329fffff,8.714911439078236,8826969897fffff,11.730578586927884
2015000000253-1885904,student__age10_15,male,13.0,sun,2016-07-31,10-11,154,leisure,8826968329fffff,8.714911439078236,8826969897fffff,11.730578586927884
2015000000253-1885904,student__age10_15,male,13.0,sun,2016-07-31,11-12,155,exercise,8826968329fffff,8.714911439078236,8826969897fffff,11.730578586927884
2015000000253-1885904,student__age10_15,male,13.0,sun,2016-07-31,12-13,156,exercise,8826968329fffff,8.714911439078236,8826969897fffff,11.730578586927884
2015000000253-1885904,student__age10_15,male,13.0,sun,2016-07-31,13-14,157,home,8826969897fffff,11.730578586927884,8826969897fffff,11.730578586927884
2015000000253-1885904,student__age10_15,male,13.0,sun,2016-07-31,14-15,158,home,8826969897fffff,11.730578586927884,8826969897fffff,11.730578586927884
2015000000253-1885904,student__age10_15,male,13.0,sun,2016-07-31,15-16,159,home,8826969897fffff,11.730578586927884,8826969897fffff,11.730578586927884
2015000000253-1885904,student__age10_15,male,13.0,sun,2016-07-31,16-17,160,home,8826969897fffff,11.730578586927884,8826969897fffff,11.730578586927884
2015000000253-1885904,student__age10_15,male,13.0,sun,2016-07-31,17-18,161,home,8826969897fffff,11.730578586927884,8826969897fffff,11.730578586927884
2015000000253-1885904,student__age10_15,male,13.0,sun,2016-07-31,18-19,162,home,8826969897fffff,11.730578586927884,8826969897fffff,11.730578586927884
2015000000253-1885904,student__age10_15,male,13.0,sun,2016-07-31,19-20,163,home,8826969897fffff,11.730578586927884,8826969897fffff,11.730578586927884
2015000000253-1885904,student__age10_15,male,13.0,sun,2016-07-31,20-21,164,home,8826969897fffff,11.730578586927884,8826969897fffff,11.730578586927884
2015000000253-1885904,student__age10_15,male,13.0,sun,2016-07-31,21-22,165,home,8826969897fffff,11.730578586927884,8826969897fffff,11.730578586927884
2015000000253-1885904,student__age10_15,male,13.0,sun,2016-07-31,22-23,166,home,8826969897fffff,11.730578586927884,8826969897fffff,11.730578586927884
2015000000253-1885904,student__age10_15,male,13.0,sun,2016-07-31,23-24,167,home,8826969897fffff,11.730578586927884,8826969897fffff,11.730578586927884
2015000000253-2721501,retired,male,83.0,mon,2016-07-25,00-01,0,home,8826968117fffff,15.024458068983389,8826968117fffff,15.024458068983389
2015000000253-2721501,retired,male,83.0,mon,2016-07-25,01-02,1,home,8826968117fffff,15.024458068983389,8826968117fffff,15.024458068983389
2015000000253-2721501,retired,male,83.0,mon,2016-07-25,02-03,2,home,8826968117fffff,15.024458068983389,8826968117fffff,15.024458068983389
2015000000253-2721501,retired,male,83.0,mon,2016-07-25,03-04,3,home,8826968117fffff,15.024458068983389,8826968117fffff,15.024458068983389
2015000000253-2721501,retired,male,83.0,mon,2016-07-25,04-05,4,home,8826968117fffff,15.024458068983389,8826968117fffff,15.024458068983389
2015000000253-2721501,retired,male,83.0,mon,2016-07-25,05-06,5,home,8826968117fffff,15.024458068983389,8826968117fffff,15.024458068983389
2015000000253-2721501,retired,male,83.0,mon,2016-07-25,06-07,6,exercise,882696811dfffff,13.589363608079601,8826968117fffff,15.024458068983389
2015000000253-2721501,retired,male,83.0,mon,2016-07-25,07-08,7,home,8826968117fffff,15.024458068983389,8826968117fffff,15.024458068983389
2015000000253-2721501,retired,male,83.0,mon,2016-07-25,08-09,8,home,8826968117fffff,15.024458068983389,8826968117fffff,15.024458068983389
2015000000253-2721501,retired,male,83.0,mon,2016-07-25,09-10,9,home,8826968117fffff,15.024458068983389,8826968117fffff,15.024458068983389
2015000000253-2721501,retired,male,83.0,mon,2016-07-25,10-11,10,home,8826968117fffff,15.024458068983389,8826968117fffff,15.024458068983389
2015000000253-2721501,retired,male,83.0,mon,2016-07-25,11-12,11,home,8826968117fffff,15.024458068983389,8826968117fffff,15.024458068983389
2015000000253-2721501,retired,male,83.0,mon,2016-07-25,12-13,12,home,8826968117fffff,15.024458068983389,8826968117fffff,15.024458068983389
2015000000253-2721501,retired,male,83.0,mon,2016-07-25,13-14,13,home,8826968117fffff,15.024458068983389,8826968117fffff,15.024458068983389
2015000000253-2721501,retired,male,83.0,mon,2016-07-25,14-15,14,home,8826968117fffff,15.024458068983389,8826968117fffff,15.024458068983389
2015000000253-2721501,retired,male,83.0,mon,2016-07-25,15-16,15,home,8826968117fffff,15.024458068983389,8826968117fffff,15.024458068983389
2015000000253-2721501,retired,male,83.0,mon,2016-07-25,16-17,16,home,8826968117fffff,15.024458068983389,8826968117fffff,15.024458068983389
2015000000253-2721501,retired,male,83.0,mon,2016-07-25,17-18,17,home,8826968117fffff,15.024458068983389,8826968117fffff,15.024458068983389
2015000000253-2721501,retired,male,83.0,mon,2016-07-25,18-19,18,home,8826968117fffff,15.024458068983389,8826968117fffff,15.024458068983389
2015000000253-2721501,retired,male,83.0,mon,2016-07-25,19-20,19,home,8826968117fffff,15.024458068983389,8826968117fffff,15.024458068983389
2015000000253-2721501,retired,male,83.0,mon,2016-07-25,20-21,20,home,8826968117fffff,15.024458068983389,8826968117fffff,15.024458068983389
2015000000253-2721501,retired,male,83.0,mon,2016-07-25,21-22,21,home,8826968117fffff,15.024458068983389,8826968117fffff,15.024458068983389
2015000000253-2721501,retired,male,83.0,mon,2016-07-25,22-23,22,home,8826968117fffff,15.024458068983389,8826968117fffff,15.024458068983389
2015000000253-2721501,retired,male,83.0,mon,2016-07-25,23-24,23,home,8826968117fffff,15.024458068983389,8826968117fffff,15.024458068983389
2015000000253-2721501,retired,male,83.0,tue,2016-07-26,00-01,24,home,8826968117fffff,11.091844652741301,8826968117fffff,11.091844652741301
2015000000253-2721501,retired,male,83.0,tue,2016-07-26,01-02,25,home,8826968117fffff,11.091844652741301,8826968117fffff,11.091844652741301
2015000000253-2721501,retired,male,83.0,tue,2016-07-26,02-03,26,home,8826968117fffff,11.091844652741301,8826968117fffff,11.091844652741301
2015000000253-2721501,retired,male,83.0,tue,2016-07-26,03-04,27,home,8826968117fffff,11.091844652741301,8826968117fffff,11.091844652741301
2015000000253-2721501,retired,male,83.0,tue,2016-07-26,04-05,28,home,8826968117fffff,11.091844652741301,8826968117fffff,11.091844652741301
2015000000253-2721501,retired,male,83.0,tue,2016-07-26,05-06,29,volunteer,88269681cdfffff,9.206663214318354,8826968117fffff,11.091844652741301
2015000000253-2721501,retired,male,83.0,tue,2016-07-26,06-07,30,home,8826968117fffff,11.091844652741301,8826968117fffff,11.091844652741301
2015000000253-2721501,retired,male,83.0,tue,2016-07-26,07-08,31,home,8826968117fffff,11.091844652741301,8826968117fffff,11.091844652741301
2015000000253-2721501,retired,male,83.0,tue,2016-07-26,08-09,32,home,8826968117fffff,11.091844652741301,8826968117fffff,11.091844652741301
2015000000253-2721501,retired,male,83.0,tue,2016-07-26,09-10,33,home,8826968117fffff,11.091844652741301,8826968117fffff,11.091844652741301
2015000000253-2721501,retired,male,83.0,tue,2016-07-26,10-11,34,home,8826968117fffff,11.091844652741301,8826968117fffff,11.091844652741301
2015000000253-2721501,retired,male,83.0,tue,2016-07-26,11-12,35,home,8826968117fffff,11.091844652741301,8826968117fffff,11.091844652741301
2015000000253-2721501,retired,male,83.0,tue,2016-07-26,12-13,36,home,8826968117fffff,11.091844652741301,8826968117fffff,11.091844652741301
2015000000253-2721501,retired,male,83.0,tue,2016-07-26,13-14,37,home,8826968117fffff,11.091844652741301,8826968117fffff,11.091844652741301
2015000000253-2721501,retired,male,83.0,tue,2016-07-26,14-15,38,home,8826968117fffff,11.091844652741301,8826968117fffff,11.091844652741301
2015000000253-2721501,retired,male,83.0,tue,2016-07-26,15-16,39,home,8826968117fffff,11.091844652741301,8826968117fffff,11.091844652741301
2015000000253-2721501,retired,male,83.0,tue,2016-07-26,16-17,40,home,8826968117fffff,11.091844652741301,8826968117fffff,11.091844652741301
2015000000253-2721501,retired,male,83.0,tue,2016-07-26,17-18,41,home,8826968117fffff,11.091844652741301,8826968117fffff,11.091844652741301
2015000000253-2721501,retired,male,83.0,tue,2016-07-26,18-19,42,home,8826968117fffff,11.091844652741301,8826968117fffff,11.091844652741301
2015000000253-2721501,retired,male,83.0,tue,2016-07-26,19-20,43,home,8826968117fffff,11.091844652741301,8826968117fffff,11.091844652741301
2015000000253-2721501,retired,male,83.0,tue,2016-07-26,20-21,44,home,8826968117fffff,11.091844652741301,8826968117fffff,11.091844652741301
2015000000253-2721501,retired,male,83.0,tue,2016-07-26,21-22,45,home,8826968117fffff,11.091844652741301,8826968117fffff,11.091844652741301
2015000000253-2721501,retired,male,83.0,tue,2016-07-26,22-23,46,home,8826968117fffff,11.091844652741301,8826968117fffff,11.091844652741301
2015000000253-2721501,retired,male,83.0,tue,2016-07-26,23-24,47,home,8826968117fffff,11.091844652741301,8826968117fffff,11.091844652741301
2015000000253-2721501,retired,male,83.0,wed,2016-07-27,00-01,48,home,8826968117fffff,9.995283614279488,8826968117fffff,9.995283614279488
2015000000253-2721501,retired,male,83.0,wed,2016-07-27,01-02,49,home,8826968117fffff,9.995283614279488,8826968117fffff,9.995283614279488
2015000000253-2721501,retired,male,83.0,wed,2016-07-27,02-03,50,home,8826968117fffff,9.995283614279488,8826968117fffff,9.995283614279488
2015000000253-2721501,retired,male,83.0,wed,2016-07-27,03-04,51,home,8826968117fffff,9.995283614279488,8826968117fffff,9.995283614279488
2015000000253-2721501,retired,male,83.0,wed,2016-07-27,04-05,52,home,8826968117fffff,9.995283614279488,8826968117fffff,9.995283614279488
2015000000253-2721501,retired,male,83.0,wed,2016-07-27,05-06,53,home,8826968117fffff,9.995283614279488,8826968117fffff,9.995283614279488
2015000000253-2721501,retired,male,83.0,wed,2016-07-27,06-07,54,home,8826968117fffff,9.995283614279488,8826968117fffff,9.995283614279488
2015000000253-2721501,retired,male,83.0,wed,2016-07-27,07-08,55,home,8826968117fffff,9.995283614279488,8826968117fffff,9.995283614279488
2015000000253-2721501,retired,male,83.0,wed,2016-07-27,08-09,56,change_transp,8826968021fffff,8.700814568579203,8826968117fffff,9.995283614279488
2015000000253-2721501,retired,male,83.0,wed,2016-07-27,09-10,57,change_transp,8826968023fffff,7.338782277723613,8826968117fffff,9.995283614279488
2015000000253-2721501,retired,male,83.0,wed,2016-07-27,10-11,58,home,8826968117fffff,9.995283614279488,8826968117fffff,9.995283614279488
2015000000253-2721501,retired,male,83.0,wed,2016-07-27,11-12,59,home,8826968117fffff,9.995283614279488,8826968117fffff,9.995283614279488
2015000000253-2721501,retired,male,83.0,wed,2016-07-27,12-13,60,home,8826968117fffff,9.995283614279488,8826968117fffff,9.995283614279488
2015000000253-2721501,retired,male,83.0,wed,2016-07-27,13-14,61,home,8826968117fffff,9.995283614279488,8826968117fffff,9.995283614279488
2015000000253-2721501,retired,male,83.0,wed,2016-07-27,14-15,62,home,8826968117fffff,9.995283614279488,8826968117fffff,9.995283614279488
2015000000253-2721501,retired,male,83.0,wed,2016-07-27,15-16,63,home,8826968117fffff,9.995283614279488,8826968117fffff,9.995283614279488
2015000000253-2721501,retired,male,83.0,wed,2016-07-27,16-17,64,home,8826968117fffff,9.995283614279488,8826968117fffff,9.995283614279488
2015000000253-2721501,retired,male,83.0,wed,2016-07-27,17-18,65,home,8826968117fffff,9.995283614279488,8826968117fffff,9.995283614279488
2015000000253-2721501,retired,male,83.0,wed,2016-07-27,18-19,66,home,8826968117fffff,9.995283614279488,8826968117fffff,9.995283614279488
2015000000253-2721501,retired,male,83.0,wed,2016-07-27,19-20,67,home,8826968117fffff,9.995283614279488,8826968117fffff,9.995283614279488
2015000000253-2721501,retired,male,83.0,wed,2016-07-27,20-21,68,home,8826968117fffff,9.995283614279488,8826968117fffff,9.995283614279488
2015000000253-2721501,retired,male,83.0,wed,2016-07-27,21-22,69,home,8826968117fffff,9.995283614279488,8826968117fffff,9.995283614279488
2015000000253-2721501,retired,male,83.0,wed,2016-07-27,22-23,70,home,8826968117fffff,9.995283614279488,8826968117fffff,9.995283614279488
2015000000253-2721501,retired,male,83.0,wed,2016-07-27,23-24,71,home,8826968117fffff,9.995283614279488,8826968117fffff,9.995283614279488
2015000000253-2721501,retired,male,83.0,thu,2016-07-28,00-01,72,home,8826968117fffff,11.161071279613468,8826968117fffff,11.161071279613468
2015000000253-2721501,retired,male,83.0,thu,2016-07-28,01-02,73,home,8826968117fffff,11.161071279613468,8826968117fffff,11.161071279613468
2015000000253-2721501,retired,male,83.0,thu,2016-07-28,02-03,74,home,8826968117fffff,11.161071279613468,8826968117fffff,11.161071279613468
2015000000253-2721501,retired,male,83.0,thu,2016-07-28,03-04,75,home,8826968117fffff,11.161071279613468,8826968117fffff,11.161071279613468
2015000000253-2721501,retired,male,83.0,thu,2016-07-28,04-05,76,home,8826968117fffff,11.161071279613468,8826968117fffff,11.161071279613468
2015000000253-2721501,retired,male,83.0,thu,2016-07-28,05-06,77,home,8826968117fffff,11.161071279613468,8826968117fffff,11.161071279613468
2015000000253-2721501,retired,male,83.0,thu,2016-07-28,06-07,78,home,8826968117fffff,11.161071279613468,8826968117fffff,11.161071279613468
2015000000253-2721501,retired,male,83.0,thu,2016-07-28,07-08,79,home,8826968117fffff,11.161071279613468,8826968117fffff,11.161071279613468
2015000000253-2721501,retired,male,83.0,thu,2016-07-28,08-09,80,home,8826968117fffff,11.161071279613468,8826968117fffff,11.161071279613468
2015000000253-2721501,retired,male,83.0,thu,2016-07-28,09-10,81,home,8826968117fffff,11.161071279613468,8826968117fffff,11.161071279613468
2015000000253-2721501,retired,male,83.0,thu,2016-07-28,10-11,82,home,8826968117fffff,11.161071279613468,8826968117fffff,11.161071279613468
2015000000253-2721501,retired,male,83.0,thu,2016-07-28,11-12,83,home,8826968117fffff,11.161071279613468,8826968117fffff,11.161071279613468
2015000000253-2721501,retired,male,83.0,thu,2016-07-28,12-13,84,home,8826968117fffff,11.161071279613468,8826968117fffff,11.161071279613468
2015000000253-2721501,retired,male,83.0,thu,2016-07-28,13-14,85,home,8826968117fffff,11.161071279613468,8826968117fffff,11.161071279613468
2015000000253-2721501,retired,male,83.0,thu,2016-07-28,14-15,86,home,8826968117fffff,11.161071279613468,8826968117fffff,11.161071279613468
2015000000253-2721501,retired,male,83.0,thu,2016-07-28,15-16,87,home,8826968117fffff,11.161071279613468,8826968117fffff,11.161071279613468
2015000000253-2721501,retired,male,83.0,thu,2016-07-28,16-17,88,home,8826968117fffff,11.161071279613468,8826968117fffff,11.161071279613468
2015000000253-2721501,retired,male,83.0,thu,2016-07-28,17-18,89,home,8826968117fffff,11.161071279613468,8826968117fffff,11.161071279613468
2015000000253-2721501,retired,male,83.0,thu,2016-07-28,18-19,90,home,8826968117fffff,11.161071279613468,8826968117fffff,11.161071279613468
2015000000253-2721501,retired,male,83.0,thu,2016-07-28,19-20,91,home,8826968117fffff,11.161071279613468,8826968117fffff,11.161071279613468
2015000000253-2721501,retired,male,83.0,thu,2016-07-28,20-21,92,home,8826968117fffff,11.161071279613468,8826968117fffff,11.161071279613468
2015000000253-2721501,retired,male,83.0,thu,2016-07-28,21-22,93,home,8826968117fffff,11.161071279613468,8826968117fffff,11.161071279613468
2015000000253-2721501,retired,male,83.0,thu,2016-07-28,22-23,94,home,8826968117fffff,11.161071279613468,8826968117fffff,11.161071279613468
2015000000253-2721501,retired,male,83.0,thu,2016-07-28,23-24,95,home,8826968117fffff,11.161071279613468,8826968117fffff,11.161071279613468
2015000000253-2721501,retired,male,83.0,fri,2016-07-29,00-01,96,home,8826968117fffff,12.105104477529885,8826968117fffff,12.105104477529885
2015000000253-2721501,retired,male,83.0,fri,2016-07-29,01-02,97,home,8826968117fffff,12.105104477529885,8826968117fffff,12.105104477529885
2015000000253-2721501,retired,male,83.0,fri,2016-07-29,02-03,98,home,8826968117fffff,12.105104477529885,8826968117fffff,12.105104477529885
2015000000253-2721501,retired,male,83.0,fri,2016-07-29,03-04,99,home,8826968117fffff,12.105104477529885,8826968117fffff,12.105104477529885
2015000000253-2721501,retired,male,83.0,fri,2016-07-29,04-05,100,home,8826968117fffff,12.105104477529885,8826968117fffff,12.105104477529885
2015000000253-2721501,retired,male,83.0,fri,2016-07-29,05-06,101,retail,88269681c5fffff,11.51194484828329,8826968117fffff,12.105104477529885
2015000000253-2721501,retired,male,83.0,fri,2016-07-29,06-07,102,home,8826968117fffff,12.105104477529885,8826968117fffff,12.105104477529885
2015000000253-2721501,retired,male,83.0,fri,2016-07-29,07-08,103,home,8826968117fffff,12.105104477529885,8826968117fffff,12.105104477529885
2015000000253-2721501,retired,male,83.0,fri,2016-07-29,08-09,104,home,8826968117fffff,12.105104477529885,8826968117fffff,12.105104477529885
2015000000253-2721501,retired,male,83.0,fri,2016-07-29,09-10,105,home,8826968117fffff,12.105104477529885,8826968117fffff,12.105104477529885
2015000000253-2721501,retired,male,83.0,fri,2016-07-29,10-11,106,home,8826968117fffff,12.105104477529885,8826968117fffff,12.105104477529885
2015000000253-2721501,retired,male,83.0,fri,2016-07-29,11-12,107,home,8826968117fffff,12.105104477529885,8826968117fffff,12.105104477529885
2015000000253-2721501,retired,male,83.0,fri,2016-07-29,12-13,108,home,8826968117fffff,12.105104477529885,8826968117fffff,12.105104477529885
2015000000253-2721501,retired,male,83.0,fri,2016-07-29,13-14,109,home,8826968117fffff,12.105104477529885,8826968117fffff,12.105104477529885
2015000000253-2721501,retired,male,83.0,fri,2016-07-29,14-15,110,home,8826968117fffff,12.105104477529885,8826968117fffff,12.105104477529885
2015000000253-2721501,retired,male,83.0,fri,2016-07-29,15-16,111,home,8826968117fffff,12.105104477529885,8826968117fffff,12.105104477529885
2015000000253-2721501,retired,male,83.0,fri,2016-07-29,16-17,112,home,8826968117fffff,12.105104477529885,8826968117fffff,12.105104477529885
2015000000253-2721501,retired,male,83.0,fri,2016-07-29,17-18,113,home,8826968117fffff,12.105104477529885,8826968117fffff,12.105104477529885
2015000000253-2721501,retired,male,83.0,fri,2016-07-29,18-19,114,home,8826968117fffff,12.105104477529885,8826968117fffff,12.105104477529885
2015000000253-2721501,retired,male,83.0,fri,2016-07-29,19-20,115,home,8826968117fffff,12.105104477529885,8826968117fffff,12.105104477529885
2015000000253-2721501,retired,male,83.0,fri,2016-07-29,20-21,116,home,8826968117fffff,12.105104477529885,8826968117fffff,12.105104477529885
2015000000253-2721501,retired,male,83.0,fri,2016-07-29,21-22,117,home,8826968117fffff,12.105104477529885,8826968117fffff,12.105104477529885
2015000000253-2721501,retired,male,83.0,fri,2016-07-29,22-23,118,home,8826968117fffff,12.105104477529885,8826968117fffff,12.105104477529885
2015000000253-2721501,retired,male,83.0,fri,2016-07-29,23-24,119,home,8826968117fffff,12.105104477529885,8826968117fffff,12.105104477529885
2015000000253-2721501,retired,male,83.0,sat,2016-07-30,00-01,120,home,8826968117fffff,10.700892823398656,8826968117fffff,10.700892823398656
2015000000253-2721501,retired,male,83.0,sat,2016-07-30,01-02,121,home,8826968117fffff,10.700892823398656,8826968117fffff,10.700892823398656
2015000000253-2721501,retired,male,83.0,sat,2016-07-30,02-03,122,home,8826968117fffff,10.700892823398656,8826968117fffff,10.700892823398656
2015000000253-2721501,retired,male,83.0,sat,2016-07-30,03-04,123,home,8826968117fffff,10.700892823398656,8826968117fffff,10.700892823398656
2015000000253-2721501,retired,male,83.0,sat,2016-07-30,04-05,124,home,8826968117fffff,10.700892823398656,8826968117fffff,10.700892823398656
2015000000253-2721501,retired,male,83.0,sat,2016-07-30,05-06,125,home,8826968117fffff,10.700892823398656,8826968117fffff,10.700892823398656
2015000000253-2721501,retired,male,83.0,sat,2016-07-30,06-07,126,leisure,88269681edfffff,10.955335603219833,8826968117fffff,10.700892823398656
2015000000253-2721501,retired,male,83.0,sat,2016-07-30,07-08,127,leisure,88269681edfffff,10.955335603219833,8826968117fffff,10.700892823398656
2015000000253-2721501,retired,male,83.0,sat,2016-07-30,08-09,128,leisure,88269681edfffff,10.955335603219833,8826968117fffff,10.700892823398656
2015000000253-2721501,retired,male,83.0,sat,2016-07-30,09-10,129,leisure,88269681edfffff,10.955335603219833,8826968117fffff,10.700892823398656
2015000000253-2721501,retired,male,83.0,sat,2016-07-30,10-11,130,leisure,88269681edfffff,10.955335603219833,8826968117fffff,10.700892823398656
2015000000253-2721501,retired,male,83.0,sat,2016-07-30,11-12,131,home,8826968117fffff,10.700892823398656,8826968117fffff,10.700892823398656
2015000000253-2721501,retired,male,83.0,sat,2016-07-30,12-13,132,home,8826968117fffff,10.700892823398656,8826968117fffff,10.700892823398656
2015000000253-2721501,retired,male,83.0,sat,2016-07-30,13-14,133,home,8826968117fffff,10.700892823398656,8826968117fffff,10.700892823398656
2015000000253-2721501,retired,male,83.0,sat,2016-07-30,14-15,134,home,8826968117fffff,10.700892823398656,8826968117fffff,10.700892823398656
2015000000253-2721501,retired,male,83.0,sat,2016-07-30,15-16,135,home,8826968117fffff,10.700892823398656,8826968117fffff,10.700892823398656
2015000000253-2721501,retired,male,83.0,sat,2016-07-30,16-17,136,home,8826968117fffff,10.700892823398656,8826968117fffff,10.700892823398656
2015000000253-2721501,retired,male,83.0,sat,2016-07-30,17-18,137,home,8826968117fffff,10.700892823398656,8826968117fffff,10.700892823398656
2015000000253-2721501,retired,male,83.0,sat,2016-07-30,18-19,138,home,8826968117fffff,10.700892823398656,8826968117fffff,10.700892823398656
2015000000253-2721501,retired,male,83.0,sat,2016-07-30,19-20,139,home,8826968117fffff,10.700892823398656,8826968117fffff,10.700892823398656
2015000000253-2721501,retired,male,83.0,sat,2016-07-30,20-21,140,home,8826968117fffff,10.700892823398656,8826968117fffff,10.700892823398656
2015000000253-2721501,retired,male,83.0,sat,2016-07-30,21-22,141,home,8826968117fffff,10.700892823398656,8826968117fffff,10.700892823398656
2015000000253-2721501,retired,male,83.0,sat,2016-07-30,22-23,142,home,8826968117fffff,10.700892823398656,8826968117fffff,10.700892823398656
2015000000253-2721501,retired,male,83.0,sat,2016-07-30,23-24,143,home,8826968117fffff,10.700892823398656,8826968117fffff,10.700892823398656
2015000000253-2721501,retired,male,83.0,sun,2016-07-31,00-01,144,home,8826968117fffff,10.668156201463308,8826968117fffff,10.668156201463308
2015000000253-2721501,retired,male,83.0,sun,2016-07-31,01-02,145,home,8826968117fffff,10.668156201463308,8826968117fffff,10.668156201463308
2015000000253-2721501,retired,male,83.0,sun,2016-07-31,02-03,146,home,8826968117fffff,10.668156201463308,8826968117fffff,10.668156201463308
2015000000253-2721501,retired,male,83.0,sun,2016-07-31,03-04,147,home,8826968117fffff,10.668156201463308,8826968117fffff,10.668156201463308
2015000000253-2721501,retired,male,83.0,sun,2016-07-31,04-05,148,home,8826968117fffff,10.668156201463308,8826968117fffff,10.668156201463308
2015000000253-2721501,retired,male,83.0,sun,2016-07-31,05-06,149,home,8826968117fffff,10.668156201463308,8826968117fffff,10.668156201463308
2015000000253-2721501,retired,male,83.0,sun,2016-07-31,06-07,150,home,8826968117fffff,10.668156201463308,8826968117fffff,10.668156201463308
2015000000253-2721501,retired,male,83.0,sun,2016-07-31,07-08,151,home,8826968117fffff,10.668156201463308,8826968117fffff,10.668156201463308
2015000000253-2721501,retired,male,83.0,sun,2016-07-31,08-09,152,home,8826968117fffff,10.668156201463308,8826968117fffff,10.668156201463308
2015000000253-2721501,retired,male,83.0,sun,2016-07-31,09-10,153,home,8826968117fffff,10.668156201463308,8826968117fffff,10.668156201463308
2015000000253-2721501,retired,male,83.0,sun,2016-07-31,10-11,154,leisure,8826968111fffff,9.378221397731133,8826968117fffff,10.668156201463308
2015000000253-2721501,retired,male,83.0,sun,2016-07-31,11-12,155,leisure,8826968111fffff,9.378221397731133,8826968117fffff,10.668156201463308
2015000000253-2721501,retired,male,83.0,sun,2016-07-31,12-13,156,adult_care,882696a9c7fffff,8.1538942099882,8826968117fffff,10.668156201463308
2015000000253-2721501,retired,male,83.0,sun,2016-07-31,13-14,157,adult_care,882696a9c7fffff,8.1538942099882,8826968117fffff,10.668156201463308
2015000000253-2721501,retired,male,83.0,sun,2016-07-31,14-15,158,adult_care,882696a9c7fffff,8.1538942099882,8826968117fffff,10.668156201463308
2015000000253-2721501,retired,male,83.0,sun,2016-07-31,15-16,159,adult_care,882696a9c7fffff,8.1538942099882,8826968117fffff,10.668156201463308
2015000000253-2721501,retired,male,83.0,sun,2016-07-31,16-17,160,adult_care,882696a9c7fffff,8.1538942099882,8826968117fffff,10.668156201463308
2015000000253-2721501,retired,male,83.0,sun,2016-07-31,17-18,161,adult_care,882696a9c7fffff,8.1538942099882,8826968117fffff,10.668156201463308
2015000000253-2721501,retired,male,83.0,sun,2016-07-31,18-19,162,home,8826968117fffff,10.668156201463308,8826968117fffff,10.668156201463308
2015000000253-2721501,retired,male,83.0,sun,2016-07-31,19-20,163,home,8826968117fffff,10.668156201463308,8826968117fffff,10.668156201463308
2015000000253-2721501,retired,male,83.0,sun,2016-07-31,20-21,164,home,8826968117fffff,10.668156201463308,8826968117fffff,10.668156201463308
2015000000253-2721501,retired,male,83.0,sun,2016-07-31,21-22,165,home,8826968117fffff,10.668156201463308,8826968117fffff,10.668156201463308
2015000000253-2721501,retired,male,83.0,sun,2016-07-31,22-23,166,home,8826968117fffff,10.668156201463308,8826968117fffff,10.668156201463308
2015000000253-2721501,retired,male,83.0,sun,2016-07-31,23-24,167,home,8826968117fffff,10.668156201463308,8826968117fffff,10.668156201463308
2015000000253-2721502,retired,female,72.0,mon,2016-07-25,00-01,0,home,8826968117fffff,15.024458068983389,8826968117fffff,15.024458068983389
2015000000253-2721502,retired,female,72.0,mon,2016-07-25,01-02,1,home,8826968117fffff,15.024458068983389,8826968117fffff,15.024458068983389
2015000000253-2721502,retired,female,72.0,mon,2016-07-25,02-03,2,home,8826968117fffff,15.024458068983389,8826968117fffff,15.024458068983389
2015000000253-2721502,retired,female,72.0,mon,2016-07-25,03-04,3,home,8826968117fffff,15.024458068983389,8826968117fffff,15.024458068983389
2015000000253-2721502,retired,female,72.0,mon,2016-07-25,04-05,4,home,8826968117fffff,15.024458068983389,8826968117fffff,15.024458068983389
2015000000253-2721502,retired,female,72.0,mon,2016-07-25,05-06,5,religious_community,88269681c5fffff,14.266840984271642,8826968117fffff,15.024458068983389
2015000000253-2721502,retired,female,72.0,mon,2016-07-25,06-07,6,religious_community,88269681c5fffff,14.266840984271642,8826968117fffff,15.024458068983389
2015000000253-2721502,retired,female,72.0,mon,2016-07-25,07-08,7,home,8826968117fffff,15.024458068983389,8826968117fffff,15.024458068983389
2015000000253-2721502,retired,female,72.0,mon,2016-07-25,08-09,8,home,8826968117fffff,15.024458068983389,8826968117fffff,15.024458068983389
2015000000253-2721502,retired,female,72.0,mon,2016-07-25,09-10,9,home,8826968117fffff,15.024458068983389,8826968117fffff,15.024458068983389
2015000000253-2721502,retired,female,72.0,mon,2016-07-25,10-11,10,home,8826968117fffff,15.024458068983389,8826968117fffff,15.024458068983389
2015000000253-2721502,retired,female,72.0,mon,2016-07-25,11-12,11,home,8826968117fffff,15.024458068983389,8826968117fffff,15.024458068983389
2015000000253-2721502,retired,female,72.0,mon,2016-07-25,12-13,12,home,8826968117fffff,15.024458068983389,8826968117fffff,15.024458068983389
2015000000253-2721502,retired,female,72.0,mon,2016-07-25,13-14,13,home,8826968117fffff,15.024458068983389,8826968117fffff,15.024458068983389
2015000000253-2721502,retired,female,72.0,mon,2016-07-25,14-15,14,home,8826968117fffff,15.024458068983389,8826968117fffff,15.024458068983389
2015000000253-2721502,retired,female,72.0,mon,2016-07-25,15-16,15,home,8826968117fffff,15.024458068983389,8826968117fffff,15.024458068983389
2015000000253-2721502,retired,female,72.0,mon,2016-07-25,16-17,16,home,8826968117fffff,15.024458068983389,8826968117fffff,15.024458068983389
2015000000253-2721502,retired,female,72.0,mon,2016-07-25,17-18,17,home,8826968117fffff,15.024458068983389,8826968117fffff,15.024458068983389
2015000000253-2721502,retired,female,72.0,mon,2016-07-25,18-19,18,home,8826968117fffff,15.024458068983389,8826968117fffff,15.024458068983389
2015000000253-2721502,retired,female,72.0,mon,2016-07-25,19-20,19,home,8826968117fffff,15.024458068983389,8826968117fffff,15.024458068983389
2015000000253-2721502,retired,female,72.0,mon,2016-07-25,20-21,20,home,8826968117fffff,15.024458068983389,8826968117fffff,15.024458068983389
2015000000253-2721502,retired,female,72.0,mon,2016-07-25,21-22,21,home,8826968117fffff,15.024458068983389,8826968117fffff,15.024458068983389
2015000000253-2721502,retired,female,72.0,mon,2016-07-25,22-23,22,home,8826968117fffff,15.024458068983389,8826968117fffff,15.024458068983389
2015000000253-2721502,retired,female,72.0,mon,2016-07-25,23-24,23,home,8826968117fffff,15.024458068983389,8826968117fffff,15.024458068983389
2015000000253-2721502,retired,female,72.0,tue,2016-07-26,00-01,24,home,8826968117fffff,11.091844652741301,8826968117fffff,11.091844652741301
2015000000253-2721502,retired,female,72.0,tue,2016-07-26,01-02,25,home,8826968117fffff,11.091844652741301,8826968117fffff,11.091844652741301
2015000000253-2721502,retired,female,72.0,tue,2016-07-26,02-03,26,home,8826968117fffff,11.091844652741301,8826968117fffff,11.091844652741301
2015000000253-2721502,retired,female,72.0,tue,2016-07-26,03-04,27,home,8826968117fffff,11.091844652741301,8826968117fffff,11.091844652741301
2015000000253-2721502,retired,female,72.0,tue,2016-07-26,04-05,28,home,8826968117fffff,11.091844652741301,8826968117fffff,11.091844652741301
2015000000253-2721502,retired,female,72.0,tue,2016-07-26,05-06,29,home,8826968117fffff,11.091844652741301,8826968117fffff,11.091844652741301
2015000000253-2721502,retired,female,72.0,tue,2016-07-26,06-07,30,home,8826968117fffff,11.091844652741301,8826968117fffff,11.091844652741301
2015000000253-2721502,retired,female,72.0,tue,2016-07-26,07-08,31,home,8826968117fffff,11.091844652741301,8826968117fffff,11.091844652741301
2015000000253-2721502,retired,female,72.0,tue,2016-07-26,08-09,32,retail,882696813bfffff,11.050604384614545,8826968117fffff,11.091844652741301
2015000000253-2721502,retired,female,72.0,tue,2016-07-26,09-10,33,home,8826968117fffff,11.091844652741301,8826968117fffff,11.091844652741301
2015000000253-2721502,retired,female,72.0,tue,2016-07-26,10-11,34,home,8826968117fffff,11.091844652741301,8826968117fffff,11.091844652741301
2015000000253-2721502,retired,female,72.0,tue,2016-07-26,11-12,35,home,8826968117fffff,11.091844652741301,8826968117fffff,11.091844652741301
2015000000253-2721502,retired,female,72.0,tue,2016-07-26,12-13,36,home,8826968117fffff,11.091844652741301,8826968117fffff,11.091844652741301
2015000000253-2721502,retired,female,72.0,tue,2016-07-26,13-14,37,home,8826968117fffff,11.091844652741301,8826968117fffff,11.091844652741301
2015000000253-2721502,retired,female,72.0,tue,2016-07-26,14-15,38,home,8826968117fffff,11.091844652741301,8826968117fffff,11.091844652741301
2015000000253-2721502,retired,female,72.0,tue,2016-07-26,15-16,39,home,8826968117fffff,11.091844652741301,8826968117fffff,11.091844652741301
2015000000253-2721502,retired,female,72.0,tue,2016-07-26,16-17,40,home,8826968117fffff,11.091844652741301,8826968117fffff,11.091844652741301
2015000000253-2721502,retired,female,72.0,tue,2016-07-26,17-18,41,home,8826968117fffff,11.091844652741301,8826968117fffff,11.091844652741301
2015000000253-2721502,retired,female,72.0,tue,2016-07-26,18-19,42,home,8826968117fffff,11.091844652741301,8826968117fffff,11.091844652741301
2015000000253-2721502,retired,female,72.0,tue,2016-07-26,19-20,43,home,8826968117fffff,11.091844652741301,8826968117fffff,11.091844652741301
2015000000253-2721502,retired,female,72.0,tue,2016-07-26,20-21,44,home,8826968117fffff,11.091844652741301,8826968117fffff,11.091844652741301
2015000000253-2721502,retired,female,72.0,tue,2016-07-26,21-22,45,home,8826968117fffff,11.091844652741301,8826968117fffff,11.091844652741301
2015000000253-2721502,retired,female,72.0,tue,2016-07-26,22-23,46,home,8826968117fffff,11.091844652741301,8826968117fffff,11.091844652741301
2015000000253-2721502,retired,female,72.0,tue,2016-07-26,23-24,47,home,8826968117fffff,11.091844652741301,8826968117fffff,11.091844652741301
2015000000253-2721502,retired,female,72.0,wed,2016-07-27,00-01,48,home,8826968117fffff,9.995283614279488,8826968117fffff,9.995283614279488
2015000000253-2721502,retired,female,72.0,wed,2016-07-27,01-02,49,home,8826968117fffff,9.995283614279488,8826968117fffff,9.995283614279488
2015000000253-2721502,retired,female,72.0,wed,2016-07-27,02-03,50,home,8826968117fffff,9.995283614279488,8826968117fffff,9.995283614279488
2015000000253-2721502,retired,female,72.0,wed,2016-07-27,03-04,51,home,8826968117fffff,9.995283614279488,8826968117fffff,9.995283614279488
2015000000253-2721502,retired,female,72.0,wed,2016-07-27,04-05,52,home,8826968117fffff,9.995283614279488,8826968117fffff,9.995283614279488
2015000000253-2721502,retired,female,72.0,wed,2016-07-27,05-06,53,home,8826968117fffff,9.995283614279488,8826968117fffff,9.995283614279488
2015000000253-2721502,retired,female,72.0,wed,2016-07-27,06-07,54,home,8826968117fffff,9.995283614279488,8826968117fffff,9.995283614279488
2015000000253-2721502,retired,female,72.0,wed,2016-07-27,07-08,55,other,8826968115fffff,9.373843058009559,8826968117fffff,9.995283614279488
2015000000253-2721502,retired,female,72.0,wed,2016-07-27,08-09,56,other,8826968115fffff,9.373843058009559,8826968117fffff,9.995283614279488
2015000000253-2721502,retired,female,72.0,wed,2016-07-27,09-10,57,other,8826968115fffff,9.373843058009559,8826968117fffff,9.995283614279488
2015000000253-2721502,retired,female,72.0,wed,2016-07-27,10-11,58,home,8826968117fffff,9.995283614279488,8826968117fffff,9.995283614279488
2015000000253-2721502,retired,female,72.0,wed,2016-07-27,11-12,59,home,8826968117fffff,9.995283614279488,8826968117fffff,9.995283614279488
2015000000253-2721502,retired,female,72.0,wed,2016-07-27,12-13,60,home,8826968117fffff,9.995283614279488,8826968117fffff,9.995283614279488
2015000000253-2721502,retired,female,72.0,wed,2016-07-27,13-14,61,home,8826968117fffff,9.995283614279488,8826968117fffff,9.995283614279488
2015000000253-2721502,retired,female,72.0,wed,2016-07-27,14-15,62,home,8826968117fffff,9.995283614279488,8826968117fffff,9.995283614279488
2015000000253-2721502,retired,female,72.0,wed,2016-07-27,15-16,63,home,8826968117fffff,9.995283614279488,8826968117fffff,9.995283614279488
2015000000253-2721502,retired,female,72.0,wed,2016-07-27,16-17,64,home,8826968117fffff,9.995283614279488,8826968117fffff,9.995283614279488
2015000000253-2721502,retired,female,72.0,wed,2016-07-27,17-18,65,home,8826968117fffff,9.995283614279488,8826968117fffff,9.995283614279488
2015000000253-2721502,retired,female,72.0,wed,2016-07-27,18-19,66,home,8826968117fffff,9.995283614279488,8826968117fffff,9.995283614279488
2015000000253-2721502,retired,female,72.0,wed,2016-07-27,19-20,67,home,8826968117fffff,9.995283614279488,8826968117fffff,9.995283614279488
2015000000253-2721502,retired,female,72.0,wed,2016-07-27,20-21,68,home,8826968117fffff,9.995283614279488,8826968117fffff,9.995283614279488
2015000000253-2721502,retired,female,72.0,wed,2016-07-27,21-22,69,home,8826968117fffff,9.995283614279488,8826968117fffff,9.995283614279488
2015000000253-2721502,retired,female,72.0,wed,2016-07-27,22-23,70,home,8826968117fffff,9.995283614279488,8826968117fffff,9.995283614279488
2015000000253-2721502,retired,female,72.0,wed,2016-07-27,23-24,71,home,8826968117fffff,9.995283614279488,8826968117fffff,9.995283614279488
2015000000253-2721502,retired,female,72.0,thu,2016-07-28,00-01,72,home,8826968117fffff,11.161071279613468,8826968117fffff,11.161071279613468
2015000000253-2721502,retired,female,72.0,thu,2016-07-28,01-02,73,home,8826968117fffff,11.161071279613468,8826968117fffff,11.161071279613468
2015000000253-2721502,retired,female,72.0,thu,2016-07-28,02-03,74,home,8826968117fffff,11.161071279613468,8826968117fffff,11.161071279613468
2015000000253-2721502,retired,female,72.0,thu,2016-07-28,03-04,75,home,8826968117fffff,11.161071279613468,8826968117fffff,11.161071279613468
2015000000253-2721502,retired,female,72.0,thu,2016-07-28,04-05,76,home,8826968117fffff,11.161071279613468,8826968117fffff,11.161071279613468
2015000000253-2721502,retired,female,72.0,thu,2016-07-28,05-06,77,home,8826968117fffff,11.161071279613468,8826968117fffff,11.161071279613468
2015000000253-2721502,retired,female,72.0,thu,2016-07-28,06-07,78,home,8826968117fffff,11.161071279613468,8826968117fffff,11.161071279613468
2015000000253-2721502,retired,female,72.0,thu,2016-07-28,07-08,79,home,8826968117fffff,11.161071279613468,8826968117fffff,11.161071279613468
2015000000253-2721502,retired,female,72.0,thu,2016-07-28,08-09,80,home,8826968117fffff,11.161071279613468,8826968117fffff,11.161071279613468
2015000000253-2721502,retired,female,72.0,thu,2016-07-28,09-10,81,home,8826968117fffff,11.161071279613468,8826968117fffff,11.161071279613468
2015000000253-2721502,retired,female,72.0,thu,2016-07-28,10-11,82,home,8826968117fffff,11.161071279613468,8826968117fffff,11.161071279613468
2015000000253-2721502,retired,female,72.0,thu,2016-07-28,11-12,83,home,8826968117fffff,11.161071279613468,8826968117fffff,11.161071279613468
2015000000253-2721502,retired,female,72.0,thu,2016-07-28,12-13,84,home,8826968117fffff,11.161071279613468,8826968117fffff,11.161071279613468
2015000000253-2721502,retired,female,72.0,thu,2016-07-28,13-14,85,home,8826968117fffff,11.161071279613468,8826968117fffff,11.161071279613468
2015000000253-2721502,retired,female,72.0,thu,2016-07-28,14-15,86,home,8826968117fffff,11.161071279613468,8826968117fffff,11.161071279613468
2015000000253-2721502,retired,female,72.0,thu,2016-07-28,15-16,87,home,8826968117fffff,11.161071279613468,8826968117fffff,11.161071279613468
2015000000253-2721502,retired,female,72.0,thu,2016-07-28,16-17,88,home,8826968117fffff,11.161071279613468,8826968117fffff,11.161071279613468
2015000000253-2721502,retired,female,72.0,thu,2016-07-28,17-18,89,home,8826968117fffff,11.161071279613468,8826968117fffff,11.161071279613468
2015000000253-2721502,retired,female,72.0,thu,2016-07-28,18-19,90,home,8826968117fffff,11.161071279613468,8826968117fffff,11.161071279613468
2015000000253-2721502,retired,female,72.0,thu,2016-07-28,19-20,91,home,8826968117fffff,11.161071279613468,8826968117fffff,11.161071279613468
2015000000253-2721502,retired,female,72.0,thu,2016-07-28,20-21,92,home,8826968117fffff,11.161071279613468,8826968117fffff,11.161071279613468
2015000000253-2721502,retired,female,72.0,thu,2016-07-28,21-22,93,home,8826968117fffff,11.161071279613468,8826968117fffff,11.161071279613468
2015000000253-2721502,retired,female,72.0,thu,2016-07-28,22-23,94,home,8826968117fffff,11.161071279613468,8826968117fffff,11.161071279613468
2015000000253-2721502,retired,female,72.0,thu,2016-07-28,23-24,95,home,8826968117fffff,11.161071279613468,8826968117fffff,11.161071279613468
2015000000253-2721502,retired,female,72.0,fri,2016-07-29,00-01,96,home,8826968117fffff,12.105104477529885,8826968117fffff,12.105104477529885
2015000000253-2721502,retired,female,72.0,fri,2016-07-29,01-02,97,home,8826968117fffff,12.105104477529885,8826968117fffff,12.105104477529885
2015000000253-2721502,retired,female,72.0,fri,2016-07-29,02-03,98,home,8826968117fffff,12.105104477529885,8826968117fffff,12.105104477529885
2015000000253-2721502,retired,female,72.0,fri,2016-07-29,03-04,99,home,8826968117fffff,12.105104477529885,8826968117fffff,12.105104477529885
2015000000253-2721502,retired,female,72.0,fri,2016-07-29,04-05,100,home,8826968117fffff,12.105104477529885,8826968117fffff,12.105104477529885
2015000000253-2721502,retired,female,72.0,fri,2016-07-29,05-06,101,home,8826968117fffff,12.105104477529885,8826968117fffff,12.105104477529885
2015000000253-2721502,retired,female,72.0,fri,2016-07-29,06-07,102,home,8826968117fffff,12.105104477529885,8826968117fffff,12.105104477529885
2015000000253-2721502,retired,female,72.0,fri,2016-07-29,07-08,103,home,8826968117fffff,12.105104477529885,8826968117fffff,12.105104477529885
2015000000253-2721502,retired,female,72.0,fri,2016-07-29,08-09,104,retail,88269681c5fffff,11.51194484828329,8826968117fffff,12.105104477529885
2015000000253-2721502,retired,female,72.0,fri,2016-07-29,09-10,105,home,8826968117fffff,12.105104477529885,8826968117fffff,12.105104477529885
2015000000253-2721502,retired,female,72.0,fri,2016-07-29,10-11,106,home,8826968117fffff,12.105104477529885,8826968117fffff,12.105104477529885
2015000000253-2721502,retired,female,72.0,fri,2016-07-29,11-12,107,home,8826968117fffff,12.105104477529885,8826968117fffff,12.105104477529885
2015000000253-2721502,retired,female,72.0,fri,2016-07-29,12-13,108,home,8826968117fffff,12.105104477529885,8826968117fffff,12.105104477529885
2015000000253-2721502,retired,female,72.0,fri,2016-07-29,13-14,109,home,8826968117fffff,12.105104477529885,8826968117fffff,12.105104477529885
2015000000253-2721502,retired,female,72.0,fri,2016-07-29,14-15,110,home,8826968117fffff,12.105104477529885,8826968117fffff,12.105104477529885
2015000000253-2721502,retired,female,72.0,fri,2016-07-29,15-16,111,home,8826968117fffff,12.105104477529885,8826968117fffff,12.105104477529885
2015000000253-2721502,retired,female,72.0,fri,2016-07-29,16-17,112,home,8826968117fffff,12.105104477529885,8826968117fffff,12.105104477529885
2015000000253-2721502,retired,female,72.0,fri,2016-07-29,17-18,113,home,8826968117fffff,12.105104477529885,8826968117fffff,12.105104477529885
2015000000253-2721502,retired,female,72.0,fri,2016-07-29,18-19,114,home,8826968117fffff,12.105104477529885,8826968117fffff,12.105104477529885
2015000000253-2721502,retired,female,72.0,fri,2016-07-29,19-20,115,home,8826968117fffff,12.105104477529885,8826968117fffff,12.105104477529885
2015000000253-2721502,retired,female,72.0,fri,2016-07-29,20-21,116,home,8826968117fffff,12.105104477529885,8826968117fffff,12.105104477529885
2015000000253-2721502,retired,female,72.0,fri,2016-07-29,21-22,117,home,8826968117fffff,12.105104477529885,8826968117fffff,12.105104477529885
2015000000253-2721502,retired,female,72.0,fri,2016-07-29,22-23,118,home,8826968117fffff,12.105104477529885,8826968117fffff,12.105104477529885
2015000000253-2721502,retired,female,72.0,fri,2016-07-29,23-24,119,home,8826968117fffff,12.105104477529885,8826968117fffff,12.105104477529885
2015000000253-2721502,retired,female,72.0,sat,2016-07-30,00-01,120,home,8826968117fffff,10.700892823398656,8826968117fffff,10.700892823398656
2015000000253-2721502,retired,female,72.0,sat,2016-07-30,01-02,121,home,8826968117fffff,10.700892823398656,8826968117fffff,10.700892823398656
2015000000253-2721502,retired,female,72.0,sat,2016-07-30,02-03,122,home,8826968117fffff,10.700892823398656,8826968117fffff,10.700892823398656
2015000000253-2721502,retired,female,72.0,sat,2016-07-30,03-04,123,home,8826968117fffff,10.700892823398656,8826968117fffff,10.700892823398656
2015000000253-2721502,retired,female,72.0,sat,2016-07-30,04-05,124,home,8826968117fffff,10.700892823398656,8826968117fffff,10.700892823398656
2015000000253-2721502,retired,female,72.0,sat,2016-07-30,05-06,125,home,8826968117fffff,10.700892823398656,8826968117fffff,10.700892823398656
2015000000253-2721502,retired,female,72.0,sat,2016-07-30,06-07,126,home,8826968117fffff,10.700892823398656,8826968117fffff,10.700892823398656
2015000000253-2721502,retired,female,72.0,sat,2016-07-30,07-08,127,home,8826968117fffff,10.700892823398656,8826968117fffff,10.700892823398656
2015000000253-2721502,retired,female,72.0,sat,2016-07-30,08-09,128,home,8826968117fffff,10.700892823398656,8826968117fffff,10.700892823398656
2015000000253-2721502,retired,female,72.0,sat,2016-07-30,09-10,129,home,8826968117fffff,10.700892823398656,8826968117fffff,10.700892823398656
2015000000253-2721502,retired,female,72.0,sat,2016-07-30,10-11,130,home,8826968117fffff,10.700892823398656,8826968117fffff,10.700892823398656
2015000000253-2721502,retired,female,72.0,sat,2016-07-30,11-12,131,home,8826968117fffff,10.700892823398656,8826968117fffff,10.700892823398656
2015000000253-2721502,retired,female,72.0,sat,2016-07-30,12-13,132,religious_community,88269681ebfffff,11.839478920896282,8826968117fffff,10.700892823398656
2015000000253-2721502,retired,female,72.0,sat,2016-07-30,13-14,133,home,8826968117fffff,10.700892823398656,8826968117fffff,10.700892823398656
2015000000253-2721502,retired,female,72.0,sat,2016-07-30,14-15,134,home,8826968117fffff,10.700892823398656,8826968117fffff,10.700892823398656
2015000000253-2721502,retired,female,72.0,sat,2016-07-30,15-16,135,home,8826968117fffff,10.700892823398656,8826968117fffff,10.700892823398656
2015000000253-2721502,retired,female,72.0,sat,2016-07-30,16-17,136,home,8826968117fffff,10.700892823398656,8826968117fffff,10.700892823398656
2015000000253-2721502,retired,female,72.0,sat,2016-07-30,17-18,137,home,8826968117fffff,10.700892823398656,8826968117fffff,10.700892823398656
2015000000253-2721502,retired,female,72.0,sat,2016-07-30,18-19,138,home,8826968117fffff,10.700892823398656,8826968117fffff,10.700892823398656
2015000000253-2721502,retired,female,72.0,sat,2016-07-30,19-20,139,home,8826968117fffff,10.700892823398656,8826968117fffff,10.700892823398656
2015000000253-2721502,retired,female,72.0,sat,2016-07-30,20-21,140,home,8826968117fffff,10.700892823398656,8826968117fffff,10.700892823398656
2015000000253-2721502,retired,female,72.0,sat,2016-07-30,21-22,141,home,8826968117fffff,10.700892823398656,8826968117fffff,10.700892823398656
2015000000253-2721502,retired,female,72.0,sat,2016-07-30,22-23,142,home,8826968117fffff,10.700892823398656,8826968117fffff,10.700892823398656
2015000000253-2721502,retired,female,72.0,sat,2016-07-30,23-24,143,home,8826968117fffff,10.700892823398656,8826968117fffff,10.700892823398656
2015000000253-2721502,retired,female,72.0,sun,2016-07-31,00-01,144,home,8826968117fffff,10.668156201463308,8826968117fffff,10.668156201463308
2015000000253-2721502,retired,female,72.0,sun,2016-07-31,01-02,145,home,8826968117fffff,10.668156201463308,8826968117fffff,10.668156201463308
2015000000253-2721502,retired,female,72.0,sun,2016-07-31,02-03,146,home,8826968117fffff,10.668156201463308,8826968117fffff,10.668156201463308
2015000000253-2721502,retired,female,72.0,sun,2016-07-31,03-04,147,home,8826968117fffff,10.668156201463308,8826968117fffff,10.668156201463308
2015000000253-2721502,retired,female,72.0,sun,2016-07-31,04-05,148,home,8826968117fffff,10.668156201463308,8826968117fffff,10.668156201463308
2015000000253-2721502,retired,female,72.0,sun,2016-07-31,05-06,149,home,8826968117fffff,10.668156201463308,8826968117fffff,10.668156201463308
2015000000253-2721502,retired,female,72.0,sun,2016-07-31,06-07,150,home,8826968117fffff,10.668156201463308,8826968117fffff,10.668156201463308
2015000000253-2721502,retired,female,72.0,sun,2016-07-31,07-08,151,home,8826968117fffff,10.668156201463308,8826968117fffff,10.668156201463308
2015000000253-2721502,retired,female,72.0,sun,2016-07-31,08-09,152,home,8826968117fffff,10.668156201463308,8826968117fffff,10.668156201463308
2015000000253-2721502,retired,female,72.0,sun,2016-07-31,09-10,153,home,8826968117fffff,10.668156201463308,8826968117fffff,10.668156201463308
2015000000253-2721502,retired,female,72.0,sun,2016-07-31,10-11,154,home,8826968117fffff,10.668156201463308,8826968117fffff,10.668156201463308
2015000000253-2721502,retired,female,72.0,sun,2016-07-31,11-12,155,home,8826968117fffff,10.668156201463308,8826968117fffff,10.668156201463308
2015000000253-2721502,retired,female,72.0,sun,2016-07-31,12-13,156,home,8826968117fffff,10.668156201463308,8826968117fffff,10.668156201463308
2015000000253-2721502,retired,female,72.0,sun,2016-07-31,13-14,157,home,8826968117fffff,10.668156201463308,8826968117fffff,10.668156201463308
2015000000253-2721502,retired,female,72.0,sun,2016-07-31,14-15,158,home,8826968117fffff,10.668156201463308,8826968117fffff,10.668156201463308
2015000000253-2721502,retired,female,72.0,sun,2016-07-31,15-16,159,home,8826968117fffff,10.668156201463308,8826968117fffff,10.668156201463308
2015000000253-2721502,retired,female,72.0,sun,2016-07-31,16-17,160,home,8826968117fffff,10.668156201463308,8826968117fffff,10.668156201463308
2015000000253-2721502,retired,female,72.0,sun,2016-07-31,17-18,161,home,8826968117fffff,10.668156201463308,8826968117fffff,10.668156201463308
2015000000253-2721502,retired,female,72.0,sun,2016-07-31,18-19,162,home,8826968117fffff,10.668156201463308,8826968117fffff,10.668156201463308
2015000000253-2721502,retired,female,72.0,sun,2016-07-31,19-20,163,home,8826968117fffff,10.668156201463308,8826968117fffff,10.668156201463308
2015000000253-2721502,retired,female,72.0,sun,2016-07-31,20-21,164,home,8826968117fffff,10.668156201463308,8826968117fffff,10.668156201463308
2015000000253-2721502,retired,female,72.0,sun,2016-07-31,21-22,165,home,8826968117fffff,10.668156201463308,8826968117fffff,10.668156201463308
2015000000253-2721502,retired,female,72.0,sun,2016-07-31,22-23,166,home,8826968117fffff,10.668156201463308,8826968117fffff,10.668156201463308
2015000000253-2721502,retired,female,72.0,sun,2016-07-31,23-24,167,home,8826968117fffff,10.668156201463308,8826968117fffff,10.668156201463308
