p_id,act,h3_cell,day,week_hour,interval,sex,age,nhts_role,up_role,naics,occat,grade,wfh,homeschool_virtual,travmode,nhts_travmode
2015000000253-1885801,home,8826969897fffff,1,0,04-05,male,83.0,retired,nope,,,,False,False,car_truck_van,CAR
2015000000253-1885801,home,8826969897fffff,1,1,05-06,male,83.0,retired,nope,,,,False,False,car_truck_van,CAR
2015000000253-1885801,retail,8826968161fffff,1,2,06-07,male,83.0,retired,nope,,,,False,False,car_truck_van,CAR
2015000000253-1885801,childcare,8826968167fffff,1,3,07-08,male,83.0,retired,nope,,,,False,False,car_truck_van,CAR
2015000000253-1885801,childcare,8826968167fffff,1,4,08-09,male,83.0,retired,nope,,,,False,False,car_truck_van,CAR
2015000000253-1885801,home,8826969897fffff,1,5,09-10,male,83.0,retired,nope,,,,False,False,car_truck_van,CAR
2015000000253-1885801,home,8826969897fffff,1,6,10-11,male,83.0,retired,nope,,,,False,False,car_truck_van,CAR
2015000000253-1885801,home,8826969897fffff,1,7,11-12,male,83.0,retired,nope,,,,False,False,car_truck_van,CAR
2015000000253-1885801,home,8826969897fffff,1,8,12-13,male,83.0,retired,nope,,,,False,False,car_truck_van,CAR
2015000000253-1885801,home,8826969897fffff,1,9,13-14,male,83.0,retired,nope,,,,False,False,car_truck_van,CAR
2015000000253-1885801,home,8826969897fffff,1,10,14-15,male,83.0,retired,nope,,,,False,False,car_truck_van,CAR
2015000000253-1885801,home,8826969897fffff,1,11,15-16,male,83.0,retired,nope,,,,False,False,car_truck_van,CAR
2015000000253-1885801,home,8826969897fffff,1,12,16-17,male,83.0,retired,nope,,,,False,False,car_truck_van,CAR
2015000000253-1885801,home,8826969897fffff,1,13,17-18,male,83.0,retired,nope,,,,False,False,car_truck_van,CAR
2015000000253-1885801,home,8826969897fffff,1,14,18-19,male,83.0,retired,nope,,,,False,False,car_truck_van,CAR
2015000000253-1885801,home,8826969897fffff,1,15,19-20,male,83.0,retired,nope,,,,False,False,car_truck_van,CAR
2015000000253-1885801,home,8826969897fffff,1,16,20-21,male,83.0,retired,nope,,,,False,False,car_truck_van,CAR
2015000000253-1885801,home,8826969897fffff,1,17,21-22,male,83.0,retired,nope,,,,False,False,car_truck_van,CAR
2015000000253-1885801,home,8826969897fffff,1,18,22-23,male,83.0,retired,nope,,,,False,False,car_truck_van,CAR
2015000000253-1885801,home,8826969897fffff,1,19,23-24,male,83.0,retired,nope,,,,False,False,car_truck_van,CAR
2015000000253-1885801,home,8826969897fffff,1,20,24-25,male,83.0,retired,nope,,,,False,False,car_truck_van,CAR
2015000000253-1885801,home,8826969897fffff,1,21,25-26,male,83.0,retired,nope,,,,False,False,car_truck_van,CAR
2015000000253-1885801,home,8826969897fffff,1,22,26-27,male,83.0,retired,nope,,,,False,False,car_truck_van,CAR
2015000000253-1885801,home,8826969897fffff,1,23,27-28,male,83.0,retired,nope,,,,False,False,car_truck_van,CAR
2015000000253-1885801,home,8826969897fffff,2,24,04-05,male,83.0,retired,nope,,,,False,False,car_truck_van,CAR
2015000000253-1885801,home,8826969897fffff,2,25,05-06,male,83.0,retired,nope,,,,False,False,car_truck_van,CAR
2015000000253-1885801,home,8826969897fffff,2,26,06-07,male,83.0,retired,nope,,,,False,False,car_truck_van,CAR
2015000000253-1885801,home,8826969897fffff,2,27,07-08,male,83.0,retired,nope,,,,False,False,car_truck_van,CAR
2015000000253-1885801,home,8826969897fffff,2,28,08-09,male,83.0,retired,nope,,,,False,False,car_truck_van,CAR
2015000000253-1885801,home,8826969897fffff,2,29,09-10,male,83.0,retired,nope,,,,False,False,car_truck_van,CAR
2015000000253-1885801,home,8826969897fffff,2,30,10-11,male,83.0,retired,nope,,,,False,False,car_truck_van,CAR
2015000000253-1885801,errands,8826969893fffff,2,31,11-12,male,83.0,retired,nope,,,,False,False,car_truck_van,CAR
2015000000253-1885801,home,8826969897fffff,2,32,12-13,male,83.0,retired,nope,,,,False,False,car_truck_van,CAR
2015000000253-1885801,home,8826969897fffff,2,33,13-14,male,83.0,retired,nope,,,,False,False,car_truck_van,CAR
2015000000253-1885801,home,8826969897fffff,2,34,14-15,male,83.0,retired,nope,,,,False,False,car_truck_van,CAR
2015000000253-1885801,home,8826969897fffff,2,35,15-16,male,83.0,retired,nope,,,,False,False,car_truck_van,CAR
2015000000253-1885801,home,8826969897fffff,2,36,16-17,male,83.0,retired,nope,,,,False,False,car_truck_van,CAR
2015000000253-1885801,home,8826969897fffff,2,37,17-18,male,83.0,retired,nope,,,,False,False,car_truck_van,CAR
2015000000253-1885801,home,8826969897fffff,2,38,18-19,male,83.0,retired,nope,,,,False,False,car_truck_van,CAR
2015000000253-1885801,home,8826969897fffff,2,39,19-20,male,83.0,retired,nope,,,,False,False,car_truck_van,CAR
2015000000253-1885801,home,8826969897fffff,2,40,20-21,male,83.0,retired,nope,,,,False,False,car_truck_van,CAR
2015000000253-1885801,home,8826969897fffff,2,41,21-22,male,83.0,retired,nope,,,,False,False,car_truck_van,CAR
2015000000253-1885801,home,8826969897fffff,2,42,22-23,male,83.0,retired,nope,,,,False,False,car_truck_van,CAR
2015000000253-1885801,home,8826969897fffff,2,43,23-24,male,83.0,retired,nope,,,,False,False,car_truck_van,CAR
2015000000253-1885801,home,8826969897fffff,2,44,24-25,male,83.0,retired,nope,,,,False,False,car_truck_van,CAR
2015000000253-1885801,home,8826969897fffff,2,45,25-26,male,83.0,retired,nope,,,,False,False,car_truck_van,CAR
2015000000253-1885801,home,8826969897fffff,2,46,26-27,male,83.0,retired,nope,,,,False,False,car_truck_van,CAR
2015000000253-1885801,home,8826969897fffff,2,47,27-28,male,83.0,retired,nope,,,,False,False,car_truck_van,CAR
2015000000253-1885801,home,8826969897fffff,3,48,04-05,male,83.0,retired,nope,,,,False,False,car_truck_van,CAR
2015000000253-1885801,home,8826969897fffff,3,49,05-06,male,83.0,retired,nope,,,,False,False,car_truck_van,CAR
2015000000253-1885801,home,8826969897fffff,3,50,06-07,male,83.0,retired,nope,,,,False,False,car_truck_van,CAR
2015000000253-1885801,home,8826969897fffff,3,51,07-08,male,83.0,retired,nope,,,,False,False,car_truck_van,CAR
2015000000253-1885801,exercise,8826969893fffff,3,52,08-09,male,83.0,retired,nope,,,,False,False,car_truck_van,CAR
2015000000253-1885801,exercise,8826969893fffff,3,53,09-10,male,83.0,retired,nope,,,,False,False,car_truck_van,CAR
2015000000253-1885801,home,8826969897fffff,3,54,10-11,male,83.0,retired,nope,,,,False,False,car_truck_van,CAR
2015000000253-1885801,home,8826969897fffff,3,55,11-12,male,83.0,retired,nope,,,,False,False,car_truck_van,CAR
2015000000253-1885801,home,8826969897fffff,3,56,12-13,male,83.0,retired,nope,,,,False,False,car_truck_van,CAR
2015000000253-1885801,home,8826969897fffff,3,57,13-14,male,83.0,retired,nope,,,,False,False,car_truck_van,CAR
2015000000253-1885801,home,8826969897fffff,3,58,14-15,male,83.0,retired,nope,,,,False,False,car_truck_van,CAR
2015000000253-1885801,home,8826969897fffff,3,59,15-16,male,83.0,retired,nope,,,,False,False,car_truck_van,CAR
2015000000253-1885801,home,8826969897fffff,3,60,16-17,male,83.0,retired,nope,,,,False,False,car_truck_van,CAR
2015000000253-1885801,home,8826969897fffff,3,61,17-18,male,83.0,retired,nope,,,,False,False,car_truck_van,CAR
2015000000253-1885801,home,8826969897fffff,3,62,18-19,male,83.0,retired,nope,,,,False,False,car_truck_van,CAR
2015000000253-1885801,home,8826969897fffff,3,63,19-20,male,83.0,retired,nope,,,,False,False,car_truck_van,CAR
2015000000253-1885801,home,8826969897fffff,3,64,20-21,male,83.0,retired,nope,,,,False,False,car_truck_van,CAR
2015000000253-1885801,home,8826969897fffff,3,65,21-22,male,83.0,retired,nope,,,,False,False,car_truck_van,CAR
2015000000253-1885801,home,8826969897fffff,3,66,22-23,male,83.0,retired,nope,,,,False,False,car_truck_van,CAR
2015000000253-1885801,home,8826969897fffff,3,67,23-24,male,83.0,retired,nope,,,,False,False,car_truck_van,CAR
2015000000253-1885801,home,8826969897fffff,3,68,24-25,male,83.0,retired,nope,,,,False,False,car_truck_van,CAR
2015000000253-1885801,home,8826969897fffff,3,69,25-26,male,83.0,retired,nope,,,,False,False,car_truck_van,CAR
2015000000253-1885801,home,8826969897fffff,3,70,26-27,male,83.0,retired,nope,,,,False,False,car_truck_van,CAR
2015000000253-1885801,home,8826969897fffff,3,71,27-28,male,83.0,retired,nope,,,,False,False,car_truck_van,CAR
2015000000253-1885801,home,8826969897fffff,4,72,04-05,male,83.0,retired,nope,,,,False,False,car_truck_van,CAR
2015000000253-1885801,home,8826969897fffff,4,73,05-06,male,83.0,retired,nope,,,,False,False,car_truck_van,CAR
2015000000253-1885801,home,8826969897fffff,4,74,06-07,male,83.0,retired,nope,,,,False,False,car_truck_van,CAR
2015000000253-1885801,home,8826969897fffff,4,75,07-08,male,83.0,retired,nope,,,,False,False,car_truck_van,CAR
2015000000253-1885801,leisure,882696989bfffff,4,76,08-09,male,83.0,retired,nope,,,,False,False,car_truck_van,CAR
2015000000253-1885801,leisure,882696989bfffff,4,77,09-10,male,83.0,retired,nope,,,,False,False,car_truck_van,CAR
2015000000253-1885801,home,8826969897fffff,4,78,10-11,male,83.0,retired,nope,,,,False,False,car_truck_van,CAR
2015000000253-1885801,home,8826969897fffff,4,79,11-12,male,83.0,retired,nope,,,,False,False,car_truck_van,CAR
2015000000253-1885801,home,8826969897fffff,4,80,12-13,male,83.0,retired,nope,,,,False,False,car_truck_van,CAR
2015000000253-1885801,home,8826969897fffff,4,81,13-14,male,83.0,retired,nope,,,,False,False,car_truck_van,CAR
2015000000253-1885801,home,8826969897fffff,4,82,14-15,male,83.0,retired,nope,,,,False,False,car_truck_van,CAR
2015000000253-1885801,home,8826969897fffff,4,83,15-16,male,83.0,retired,nope,,,,False,False,car_truck_van,CAR
2015000000253-1885801,home,8826969897fffff,4,84,16-17,male,83.0,retired,nope,,,,False,False,car_truck_van,CAR
2015000000253-1885801,home,8826969897fffff,4,85,17-18,male,83.0,retired,nope,,,,False,False,car_truck_van,CAR
2015000000253-1885801,home,8826969897fffff,4,86,18-19,male,83.0,retired,nope,,,,False,False,car_truck_van,CAR
2015000000253-1885801,home,8826969897fffff,4,87,19-20,male,83.0,retired,nope,,,,False,False,car_truck_van,CAR
2015000000253-1885801,home,8826969897fffff,4,88,20-21,male,83.0,retired,nope,,,,False,False,car_truck_van,CAR
2015000000253-1885801,home,8826969897fffff,4,89,21-22,male,83.0,retired,nope,,,,False,False,car_truck_van,CAR
2015000000253-1885801,home,8826969897fffff,4,90,22-23,male,83.0,retired,nope,,,,False,False,car_truck_van,CAR
2015000000253-1885801,home,8826969897fffff,4,91,23-24,male,83.0,retired,nope,,,,False,False,car_truck_van,CAR
2015000000253-1885801,home,8826969897fffff,4,92,24-25,male,83.0,retired,nope,,,,False,False,car_truck_van,CAR
2015000000253-1885801,home,8826969897fffff,4,93,25-26,male,83.0,retired,nope,,,,False,False,car_truck_van,CAR
2015000000253-1885801,home,8826969897fffff,4,94,26-27,male,83.0,retired,nope,,,,False,False,car_truck_van,CAR
2015000000253-1885801,home,8826969897fffff,4,95,27-28,male,83.0,retired,nope,,,,False,False,car_truck_van,CAR
2015000000253-1885801,home,8826969897fffff,5,96,04-05,male,83.0,retired,nope,,,,False,False,car_truck_van,CAR
2015000000253-1885801,home,8826969897fffff,5,97,05-06,male,83.0,retired,nope,,,,False,False,car_truck_van,CAR
2015000000253-1885801,home,8826969897fffff,5,98,06-07,male,83.0,retired,nope,,,,False,False,car_truck_van,CAR
2015000000253-1885801,home,8826969897fffff,5,99,07-08,male,83.0,retired,nope,,,,False,False,car_truck_van,CAR
2015000000253-1885801,home,8826969897fffff,5,100,08-09,male,83.0,retired,nope,,,,False,False,car_truck_van,CAR
2015000000253-1885801,home,8826969897fffff,5,101,09-10,male,83.0,retired,nope,,,,False,False,car_truck_van,CAR
2015000000253-1885801,change_transp,8826968147fffff,5,102,10-11,male,83.0,retired,nope,,,,False,False,car_truck_van,CAR
2015000000253-1885801,home,8826969897fffff,5,103,11-12,male,83.0,retired,nope,,,,False,False,car_truck_van,CAR
2015000000253-1885801,home,8826969897fffff,5,104,12-13,male,83.0,retired,nope,,,,False,False,car_truck_van,CAR
2015000000253-1885801,home,8826969897fffff,5,105,13-14,male,83.0,retired,nope,,,,False,False,car_truck_van,CAR
2015000000253-1885801,home,8826969897fffff,5,106,14-15,male,83.0,retired,nope,,,,False,False,car_truck_van,CAR
2015000000253-1885801,home,8826969897fffff,5,107,15-16,male,83.0,retired,nope,,,,False,False,car_truck_van,CAR
2015000000253-1885801,home,8826969897fffff,5,108,16-17,male,83.0,retired,nope,,,,False,False,car_truck_van,CAR
2015000000253-1885801,home,8826969897fffff,5,109,17-18,male,83.0,retired,nope,,,,False,False,car_truck_van,CAR
2015000000253-1885801,home,8826969897fffff,5,110,18-19,male,83.0,retired,nope,,,,False,False,car_truck_van,CAR
2015000000253-1885801,home,8826969897fffff,5,111,19-20,male,83.0,retired,nope,,,,False,False,car_truck_van,CAR
2015000000253-1885801,home,8826969897fffff,5,112,20-21,male,83.0,retired,nope,,,,False,False,car_truck_van,CAR
2015000000253-1885801,home,8826969897fffff,5,113,21-22,male,83.0,retired,nope,,,,False,False,car_truck_van,CAR
2015000000253-1885801,home,8826969897fffff,5,114,22-23,male,83.0,retired,nope,,,,False,False,car_truck_van,CAR
2015000000253-1885801,home,8826969897fffff,5,115,23-24,male,83.0,retired,nope,,,,False,False,car_truck_van,CAR
2015000000253-1885801,home,8826969897fffff,5,116,24-25,male,83.0,retired,nope,,,,False,False,car_truck_van,CAR
2015000000253-1885801,home,8826969897fffff,5,117,25-26,male,83.0,retired,nope,,,,False,False,car_truck_van,CAR
2015000000253-1885801,home,8826969897fffff,5,118,26-27,male,83.0,retired,nope,,,,False,False,car_truck_van,CAR
2015000000253-1885801,home,8826969897fffff,5,119,27-28,male,83.0,retired,nope,,,,False,False,car_truck_van,CAR
2015000000253-1885801,home,8826969897fffff,6,120,04-05,male,83.0,retired,nope,,,,False,False,car_truck_van,CAR
2015000000253-1885801,home,8826969897fffff,6,121,05-06,male,83.0,retired,nope,,,,False,False,car_truck_van,CAR
2015000000253-1885801,home,8826969897fffff,6,122,06-07,male,83.0,retired,nope,,,,False,False,car_truck_van,CAR
2015000000253-1885801,home,8826969897fffff,6,123,07-08,male,83.0,retired,nope,,,,False,False,car_truck_van,CAR
2015000000253-1885801,home,8826969897fffff,6,124,08-09,male,83.0,retired,nope,,,,False,False,car_truck_van,CAR
2015000000253-1885801,home,8826969897fffff,6,125,09-10,male,83.0,retired,nope,,,,False,False,car_truck_van,CAR
2015000000253-1885801,retail,8826969893fffff,6,126,10-11,male,83.0,retired,nope,,,,False,False,car_truck_van,CAR
2015000000253-1885801,childcare,8826968161fffff,6,127,11-12,male,83.0,retired,nope,,,,False,False,car_truck_van,CAR
2015000000253-1885801,childcare,8826968161fffff,6,128,12-13,male,83.0,retired,nope,,,,False,False,car_truck_van,CAR
2015000000253-1885801,childcare,8826968161fffff,6,129,13-14,male,83.0,retired,nope,,,,False,False,car_truck_van,CAR
2015000000253-1885801,childcare,8826968161fffff,6,130,14-15,male,83.0,retired,nope,,,,False,False,car_truck_van,CAR
2015000000253-1885801,childcare,8826968161fffff,6,131,15-16,male,83.0,retired,nope,,,,False,False,car_truck_van,CAR
2015000000253-1885801,childcare,8826968161fffff,6,132,16-17,male,83.0,retired,nope,,,,False,False,car_truck_van,CAR
2015000000253-1885801,home,8826969897fffff,6,133,17-18,male,83.0,retired,nope,,,,False,False,car_truck_van,CAR
2015000000253-1885801,home,8826969897fffff,6,134,18-19,male,83.0,retired,nope,,,,False,False,car_truck_van,CAR
2015000000253-1885801,home,8826969897fffff,6,135,19-20,male,83.0,retired,nope,,,,False,False,car_truck_van,CAR
2015000000253-1885801,home,8826969897fffff,6,136,20-21,male,83.0,retired,nope,,,,False,False,car_truck_van,CAR
2015000000253-1885801,home,8826969897fffff,6,137,21-22,male,83.0,retired,nope,,,,False,False,car_truck_van,CAR
2015000000253-1885801,home,8826969897fffff,6,138,22-23,male,83.0,retired,nope,,,,False,False,car_truck_van,CAR
2015000000253-1885801,home,8826969897fffff,6,139,23-24,male,83.0,retired,nope,,,,False,False,car_truck_van,CAR
2015000000253-1885801,home,8826969897fffff,6,140,24-25,male,83.0,retired,nope,,,,False,False,car_truck_van,CAR
2015000000253-1885801,home,8826969897fffff,6,141,25-26,male,83.0,retired,nope,,,,False,False,car_truck_van,CAR
2015000000253-1885801,home,8826969897fffff,6,142,26-27,male,83.0,retired,nope,,,,False,False,car_truck_van,CAR
2015000000253-1885801,home,8826969897fffff,6,143,27-28,male,83.0,retired,nope,,,,False,False,car_truck_van,CAR
2015000000253-1885801,home,8826969897fffff,7,144,04-05,male,83.0,retired,nope,,,,False,False,car_truck_van,CAR
2015000000253-1885801,home,8826969897fffff,7,145,05-06,male,83.0,retired,nope,,,,False,False,car_truck_van,CAR
2015000000253-1885801,home,8826969897fffff,7,146,06-07,male,83.0,retired,nope,,,,False,False,car_truck_van,CAR
2015000000253-1885801,home,8826969897fffff,7,147,07-08,male,83.0,retired,nope,,,,False,False,car_truck_van,CAR
2015000000253-1885801,home,8826969897fffff,7,148,08-09,male,83.0,retired,nope,,,,False,False,car_truck_van,CAR
2015000000253-1885801,home,8826969897fffff,7,149,09-10,male,83.0,retired,nope,,,,False,False,car_truck_van,CAR
2015000000253-1885801,home,8826969897fffff,7,150,10-11,male,83.0,retired,nope,,,,False,False,car_truck_van,CAR
2015000000253-1885801,leisure,8826968161fffff,7,151,11-12,male,83.0,retired,nope,,,,False,False,car_truck_van,CAR
2015000000253-1885801,volunteer,8826968105fffff,7,152,12-13,male,83.0,retired,nope,,,,False,False,car_truck_van,CAR
2015000000253-1885801,volunteer,8826968105fffff,7,153,13-14,male,83.0,retired,nope,,,,False,False,car_truck_van,CAR
2015000000253-1885801,volunteer,8826968107fffff,7,154,14-15,male,83.0,retired,nope,,,,False,False,car_truck_van,CAR
2015000000253-1885801,volunteer,8826968105fffff,7,155,15-16,male,83.0,retired,nope,,,,False,False,car_truck_van,CAR
2015000000253-1885801,volunteer,8826968105fffff,7,156,16-17,male,83.0,retired,nope,,,,False,False,car_truck_van,CAR
2015000000253-1885801,home,8826969897fffff,7,157,17-18,male,83.0,retired,nope,,,,False,False,car_truck_van,CAR
2015000000253-1885801,home,8826969897fffff,7,158,18-19,male,83.0,retired,nope,,,,False,False,car_truck_van,CAR
2015000000253-1885801,home,8826969897fffff,7,159,19-20,male,83.0,retired,nope,,,,False,False,car_truck_van,CAR
2015000000253-1885801,home,8826969897fffff,7,160,20-21,male,83.0,retired,nope,,,,False,False,car_truck_van,CAR
2015000000253-1885801,home,8826969897fffff,7,161,21-22,male,83.0,retired,nope,,,,False,False,car_truck_van,CAR
2015000000253-1885801,home,8826969897fffff,7,162,22-23,male,83.0,retired,nope,,,,False,False,car_truck_van,CAR
2015000000253-1885801,home,8826969897fffff,7,163,23-24,male,83.0,retired,nope,,,,False,False,car_truck_van,CAR
2015000000253-1885801,home,8826969897fffff,7,164,24-25,male,83.0,retired,nope,,,,False,False,car_truck_van,CAR
2015000000253-1885801,home,8826969897fffff,7,165,25-26,male,83.0,retired,nope,,,,False,False,car_truck_van,CAR
2015000000253-1885801,home,8826969897fffff,7,166,26-27,male,83.0,retired,nope,,,,False,False,car_truck_van,CAR
2015000000253-1885801,home,8826969897fffff,7,167,27-28,male,83.0,retired,nope,,,,False,False,car_truck_van,CAR
2015000000253-1885802,home,8826969897fffff,1,0,04-05,female,72.0,retired,nope,,,,False,False,car_truck_van,CAR
2015000000253-1885802,home,8826969897fffff,1,1,05-06,female,72.0,retired,nope,,,,False,False,car_truck_van,CAR
2015000000253-1885802,home,8826969897fffff,1,2,06-07,female,72.0,retired,nope,,,,False,False,car_truck_van,CAR
2015000000253-1885802,home,8826969897fffff,1,3,07-08,female,72.0,retired,nope,,,,False,False,car_truck_van,CAR
2015000000253-1885802,home,8826969897fffff,1,4,08-09,female,72.0,retired,nope,,,,False,False,car_truck_van,CAR
2015000000253-1885802,home,8826969897fffff,1,5,09-10,female,72.0,retired,nope,,,,False,False,car_truck_van,CAR
2015000000253-1885802,home,8826969897fffff,1,6,10-11,female,72.0,retired,nope,,,,False,False,car_truck_van,CAR
2015000000253-1885802,home,8826969897fffff,1,7,11-12,female,72.0,retired,nope,,,,False,False,car_truck_van,CAR
2015000000253-1885802,home,8826969897fffff,1,8,12-13,female,72.0,retired,nope,,,,False,False,car_truck_van,CAR
2015000000253-1885802,home,8826969897fffff,1,9,13-14,female,72.0,retired,nope,,,,False,False,car_truck_van,CAR
2015000000253-1885802,home,8826969897fffff,1,10,14-15,female,72.0,retired,nope,,,,False,False,car_truck_van,CAR
2015000000253-1885802,home,8826969897fffff,1,11,15-16,female,72.0,retired,nope,,,,False,False,car_truck_van,CAR
2015000000253-1885802,home,8826969897fffff,1,12,16-17,female,72.0,retired,nope,,,,False,False,car_truck_van,CAR
2015000000253-1885802,home,8826969897fffff,1,13,17-18,female,72.0,retired,nope,,,,False,False,car_truck_van,CAR
2015000000253-1885802,home,8826969897fffff,1,14,18-19,female,72.0,retired,nope,,,,False,False,car_truck_van,CAR
2015000000253-1885802,home,8826969897fffff,1,15,19-20,female,72.0,retired,nope,,,,False,False,car_truck_van,CAR
2015000000253-1885802,home,8826969897fffff,1,16,20-21,female,72.0,retired,nope,,,,False,False,car_truck_van,CAR
2015000000253-1885802,home,8826969897fffff,1,17,21-22,female,72.0,retired,nope,,,,False,False,car_truck_van,CAR
2015000000253-1885802,home,8826969897fffff,1,18,22-23,female,72.0,retired,nope,,,,False,False,car_truck_van,CAR
2015000000253-1885802,home,8826969897fffff,1,19,23-24,female,72.0,retired,nope,,,,False,False,car_truck_van,CAR
2015000000253-1885802,home,8826969897fffff,1,20,24-25,female,72.0,retired,nope,,,,False,False,car_truck_van,CAR
2015000000253-1885802,home,8826969897fffff,1,21,25-26,female,72.0,retired,nope,,,,False,False,car_truck_van,CAR
2015000000253-1885802,home,8826969897fffff,1,22,26-27,female,72.0,retired,nope,,,,False,False,car_truck_van,CAR
2015000000253-1885802,home,8826969897fffff,1,23,27-28,female,72.0,retired,nope,,,,False,False,car_truck_van,CAR
2015000000253-1885802,home,8826969897fffff,2,24,04-05,female,72.0,retired,nope,,,,False,False,car_truck_van,CAR
2015000000253-1885802,home,8826969897fffff,2,25,05-06,female,72.0,retired,nope,,,,False,False,car_truck_van,CAR
2015000000253-1885802,home,8826969897fffff,2,26,06-07,female,72.0,retired,nope,,,,False,False,car_truck_van,CAR
2015000000253-1885802,medical,8826969893fffff,2,27,07-08,female,72.0,retired,nope,,,,False,False,car_truck_van,CAR
2015000000253-1885802,home,8826969897fffff,2,28,08-09,female,72.0,retired,nope,,,,False,False,car_truck_van,CAR
2015000000253-1885802,home,8826969897fffff,2,29,09-10,female,72.0,retired,nope,,,,False,False,car_truck_van,CAR
2015000000253-1885802,home,8826969897fffff,2,30,10-11,female,72.0,retired,nope,,,,False,False,car_truck_van,CAR
2015000000253-1885802,home,8826969897fffff,2,31,11-12,female,72.0,retired,nope,,,,False,False,car_truck_van,CAR
2015000000253-1885802,home,8826969897fffff,2,32,12-13,female,72.0,retired,nope,,,,False,False,car_truck_van,CAR
2015000000253-1885802,home,8826969897fffff,2,33,13-14,female,72.0,retired,nope,,,,False,False,car_truck_van,CAR
2015000000253-1885802,home,8826969897fffff,2,34,14-15,female,72.0,retired,nope,,,,False,False,car_truck_van,CAR
2015000000253-1885802,home,8826969897fffff,2,35,15-16,female,72.0,retired,nope,,,,False,False,car_truck_van,CAR
2015000000253-1885802,home,8826969897fffff,2,36,16-17,female,72.0,retired,nope,,,,False,False,car_truck_van,CAR
2015000000253-1885802,home,8826969897fffff,2,37,17-18,female,72.0,retired,nope,,,,False,False,car_truck_van,CAR
2015000000253-1885802,home,8826969897fffff,2,38,18-19,female,72.0,retired,nope,,,,False,False,car_truck_van,CAR
2015000000253-1885802,home,8826969897fffff,2,39,19-20,female,72.0,retired,nope,,,,False,False,car_truck_van,CAR
2015000000253-1885802,home,8826969897fffff,2,40,20-21,female,72.0,retired,nope,,,,False,False,car_truck_van,CAR
2015000000253-1885802,home,8826969897fffff,2,41,21-22,female,72.0,retired,nope,,,,False,False,car_truck_van,CAR
2015000000253-1885802,home,8826969897fffff,2,42,22-23,female,72.0,retired,nope,,,,False,False,car_truck_van,CAR
2015000000253-1885802,home,8826969897fffff,2,43,23-24,female,72.0,retired,nope,,,,False,False,car_truck_van,CAR
2015000000253-1885802,home,8826969897fffff,2,44,24-25,female,72.0,retired,nope,,,,False,False,car_truck_van,CAR
2015000000253-1885802,home,8826969897fffff,2,45,25-26,female,72.0,retired,nope,,,,False,False,car_truck_van,CAR
2015000000253-1885802,home,8826969897fffff,2,46,26-27,female,72.0,retired,nope,,,,False,False,car_truck_van,CAR
2015000000253-1885802,home,8826969897fffff,2,47,27-28,female,72.0,retired,nope,,,,False,False,car_truck_van,CAR
2015000000253-1885802,home,8826969897fffff,3,48,04-05,female,72.0,retired,nope,,,,False,False,car_truck_van,CAR
2015000000253-1885802,home,8826969897fffff,3,49,05-06,female,72.0,retired,nope,,,,False,False,car_truck_van,CAR
2015000000253-1885802,childcare,88269698bbfffff,3,50,06-07,female,72.0,retired,nope,,,,False,False,car_truck_van,CAR
2015000000253-1885802,childcare,88269698bbfffff,3,51,07-08,female,72.0,retired,nope,,,,False,False,car_truck_van,CAR
2015000000253-1885802,home,8826969897fffff,3,52,08-09,female,72.0,retired,nope,,,,False,False,car_truck_van,CAR
2015000000253-1885802,home,8826969897fffff,3,53,09-10,female,72.0,retired,nope,,,,False,False,car_truck_van,CAR
2015000000253-1885802,home,8826969897fffff,3,54,10-11,female,72.0,retired,nope,,,,False,False,car_truck_van,CAR
2015000000253-1885802,home,8826969897fffff,3,55,11-12,female,72.0,retired,nope,,,,False,False,car_truck_van,CAR
2015000000253-1885802,home,8826969897fffff,3,56,12-13,female,72.0,retired,nope,,,,False,False,car_truck_van,CAR
2015000000253-1885802,home,8826969897fffff,3,57,13-14,female,72.0,retired,nope,,,,False,False,car_truck_van,CAR
2015000000253-1885802,home,8826969897fffff,3,58,14-15,female,72.0,retired,nope,,,,False,False,car_truck_van,CAR
2015000000253-1885802,home,8826969897fffff,3,59,15-16,female,72.0,retired,nope,,,,False,False,car_truck_van,CAR
2015000000253-1885802,home,8826969897fffff,3,60,16-17,female,72.0,retired,nope,,,,False,False,car_truck_van,CAR
2015000000253-1885802,home,8826969897fffff,3,61,17-18,female,72.0,retired,nope,,,,False,False,car_truck_van,CAR
2015000000253-1885802,home,8826969897fffff,3,62,18-19,female,72.0,retired,nope,,,,False,False,car_truck_van,CAR
2015000000253-1885802,home,8826969897fffff,3,63,19-20,female,72.0,retired,nope,,,,False,False,car_truck_van,CAR
2015000000253-1885802,home,8826969897fffff,3,64,20-21,female,72.0,retired,nope,,,,False,False,car_truck_van,CAR
2015000000253-1885802,home,8826969897fffff,3,65,21-22,female,72.0,retired,nope,,,,False,False,car_truck_van,CAR
2015000000253-1885802,home,8826969897fffff,3,66,22-23,female,72.0,retired,nope,,,,False,False,car_truck_van,CAR
2015000000253-1885802,home,8826969897fffff,3,67,23-24,female,72.0,retired,nope,,,,False,False,car_truck_van,CAR
2015000000253-1885802,home,8826969897fffff,3,68,24-25,female,72.0,retired,nope,,,,False,False,car_truck_van,CAR
2015000000253-1885802,home,8826969897fffff,3,69,25-26,female,72.0,retired,nope,,,,False,False,car_truck_van,CAR
2015000000253-1885802,home,8826969897fffff,3,70,26-27,female,72.0,retired,nope,,,,False,False,car_truck_van,CAR
2015000000253-1885802,home,8826969897fffff,3,71,27-28,female,72.0,retired,nope,,,,False,False,car_truck_van,CAR
2015000000253-1885802,home,8826969897fffff,4,72,04-05,female,72.0,retired,nope,,,,False,False,car_truck_van,CAR
2015000000253-1885802,home,8826969897fffff,4,73,05-06,female,72.0,retired,nope,,,,False,False,car_truck_van,CAR
2015000000253-1885802,home,8826969897fffff,4,74,06-07,female,72.0,retired,nope,,,,False,False,car_truck_van,CAR
2015000000253-1885802,home,8826969897fffff,4,75,07-08,female,72.0,retired,nope,,,,False,False,car_truck_van,CAR
2015000000253-1885802,home,8826969897fffff,4,76,08-09,female,72.0,retired,nope,,,,False,False,car_truck_van,CAR
2015000000253-1885802,home,8826969897fffff,4,77,09-10,female,72.0,retired,nope,,,,False,False,car_truck_van,CAR
2015000000253-1885802,medical,8826969893fffff,4,78,10-11,female,72.0,retired,nope,,,,False,False,car_truck_van,CAR
2015000000253-1885802,medical,8826969893fffff,4,79,11-12,female,72.0,retired,nope,,,,False,False,car_truck_van,CAR
2015000000253-1885802,medical,8826969893fffff,4,80,12-13,female,72.0,retired,nope,,,,False,False,car_truck_van,CAR
2015000000253-1885802,home,8826969897fffff,4,81,13-14,female,72.0,retired,nope,,,,False,False,car_truck_van,CAR
2015000000253-1885802,home,8826969897fffff,4,82,14-15,female,72.0,retired,nope,,,,False,False,car_truck_van,CAR
2015000000253-1885802,home,8826969897fffff,4,83,15-16,female,72.0,retired,nope,,,,False,False,car_truck_van,CAR
2015000000253-1885802,home,8826969897fffff,4,84,16-17,female,72.0,retired,nope,,,,False,False,car_truck_van,CAR
2015000000253-1885802,home,8826969897fffff,4,85,17-18,female,72.0,retired,nope,,,,False,False,car_truck_van,CAR
2015000000253-1885802,home,8826969897fffff,4,86,18-19,female,72.0,retired,nope,,,,False,False,car_truck_van,CAR
2015000000253-1885802,home,8826969897fffff,4,87,19-20,female,72.0,retired,nope,,,,False,False,car_truck_van,CAR
2015000000253-1885802,home,8826969897fffff,4,88,20-21,female,72.0,retired,nope,,,,False,False,car_truck_van,CAR
2015000000253-1885802,home,8826969897fffff,4,89,21-22,female,72.0,retired,nope,,,,False,False,car_truck_van,CAR
2015000000253-1885802,home,8826969897fffff,4,90,22-23,female,72.0,retired,nope,,,,False,False,car_truck_van,CAR
2015000000253-1885802,home,8826969897fffff,4,91,23-24,female,72.0,retired,nope,,,,False,False,car_truck_van,CAR
2015000000253-1885802,home,8826969897fffff,4,92,24-25,female,72.0,retired,nope,,,,False,False,car_truck_van,CAR
2015000000253-1885802,home,8826969897fffff,4,93,25-26,female,72.0,retired,nope,,,,False,False,car_truck_van,CAR
2015000000253-1885802,home,8826969897fffff,4,94,26-27,female,72.0,retired,nope,,,,False,False,car_truck_van,CAR
2015000000253-1885802,home,8826969897fffff,4,95,27-28,female,72.0,retired,nope,,,,False,False,car_truck_van,CAR
2015000000253-1885802,home,8826969897fffff,5,96,04-05,female,72.0,retired,nope,,,,False,False,car_truck_van,CAR
2015000000253-1885802,change_transp,8826968149fffff,5,97,05-06,female,72.0,retired,nope,,,,False,False,car_truck_van,CAR
2015000000253-1885802,change_transp,8826968335fffff,5,98,06-07,female,72.0,retired,nope,,,,False,False,car_truck_van,CAR
2015000000253-1885802,home,8826969897fffff,5,99,07-08,female,72.0,retired,nope,,,,False,False,car_truck_van,CAR
2015000000253-1885802,home,8826969897fffff,5,100,08-09,female,72.0,retired,nope,,,,False,False,car_truck_van,CAR
2015000000253-1885802,home,8826969897fffff,5,101,09-10,female,72.0,retired,nope,,,,False,False,car_truck_van,CAR
2015000000253-1885802,home,8826969897fffff,5,102,10-11,female,72.0,retired,nope,,,,False,False,car_truck_van,CAR
2015000000253-1885802,home,8826969897fffff,5,103,11-12,female,72.0,retired,nope,,,,False,False,car_truck_van,CAR
2015000000253-1885802,home,8826969897fffff,5,104,12-13,female,72.0,retired,nope,,,,False,False,car_truck_van,CAR
2015000000253-1885802,home,8826969897fffff,5,105,13-14,female,72.0,retired,nope,,,,False,False,car_truck_van,CAR
2015000000253-1885802,home,8826969897fffff,5,106,14-15,female,72.0,retired,nope,,,,False,False,car_truck_van,CAR
2015000000253-1885802,home,8826969897fffff,5,107,15-16,female,72.0,retired,nope,,,,False,False,car_truck_van,CAR
2015000000253-1885802,home,8826969897fffff,5,108,16-17,female,72.0,retired,nope,,,,False,False,car_truck_van,CAR
2015000000253-1885802,home,8826969897fffff,5,109,17-18,female,72.0,retired,nope,,,,False,False,car_truck_van,CAR
2015000000253-1885802,home,8826969897fffff,5,110,18-19,female,72.0,retired,nope,,,,False,False,car_truck_van,CAR
2015000000253-1885802,home,8826969897fffff,5,111,19-20,female,72.0,retired,nope,,,,False,False,car_truck_van,CAR
2015000000253-1885802,home,8826969897fffff,5,112,20-21,female,72.0,retired,nope,,,,False,False,car_truck_van,CAR
2015000000253-1885802,home,8826969897fffff,5,113,21-22,female,72.0,retired,nope,,,,False,False,car_truck_van,CAR
2015000000253-1885802,home,8826969897fffff,5,114,22-23,female,72.0,retired,nope,,,,False,False,car_truck_van,CAR
2015000000253-1885802,home,8826969897fffff,5,115,23-24,female,72.0,retired,nope,,,,False,False,car_truck_van,CAR
2015000000253-1885802,home,8826969897fffff,5,116,24-25,female,72.0,retired,nope,,,,False,False,car_truck_van,CAR
2015000000253-1885802,home,8826969897fffff,5,117,25-26,female,72.0,retired,nope,,,,False,False,car_truck_van,CAR
2015000000253-1885802,home,8826969897fffff,5,118,26-27,female,72.0,retired,nope,,,,False,False,car_truck_van,CAR
2015000000253-1885802,home,8826969897fffff,5,119,27-28,female,72.0,retired,nope,,,,False,False,car_truck_van,CAR
2015000000253-1885802,home,8826969897fffff,6,120,04-05,female,72.0,retired,nope,,,,False,False,car_truck_van,CAR
2015000000253-1885802,home,8826969897fffff,6,121,05-06,female,72.0,retired,nope,,,,False,False,car_truck_van,CAR
2015000000253-1885802,home,8826969897fffff,6,122,06-07,female,72.0,retired,nope,,,,False,False,car_truck_van,CAR
2015000000253-1885802,home,8826969897fffff,6,123,07-08,female,72.0,retired,nope,,,,False,False,car_truck_van,CAR
2015000000253-1885802,home,8826969897fffff,6,124,08-09,female,72.0,retired,nope,,,,False,False,car_truck_van,CAR
2015000000253-1885802,home,8826969897fffff,6,125,09-10,female,72.0,retired,nope,,,,False,False,car_truck_van,CAR
2015000000253-1885802,errands,8826968169fffff,6,126,10-11,female,72.0,retired,nope,,,,False,False,car_truck_van,CAR
2015000000253-1885802,home,8826969897fffff,6,127,11-12,female,72.0,retired,nope,,,,False,False,car_truck_van,CAR
2015000000253-1885802,home,8826969897fffff,6,128,12-13,female,72.0,retired,nope,,,,False,False,car_truck_van,CAR
2015000000253-1885802,home,8826969897fffff,6,129,13-14,female,72.0,retired,nope,,,,False,False,car_truck_van,CAR
2015000000253-1885802,home,8826969897fffff,6,130,14-15,female,72.0,retired,nope,,,,False,False,car_truck_van,CAR
2015000000253-1885802,home,8826969897fffff,6,131,15-16,female,72.0,retired,nope,,,,False,False,car_truck_van,CAR
2015000000253-1885802,home,8826969897fffff,6,132,16-17,female,72.0,retired,nope,,,,False,False,car_truck_van,CAR
2015000000253-1885802,home,8826969897fffff,6,133,17-18,female,72.0,retired,nope,,,,False,False,car_truck_van,CAR
2015000000253-1885802,home,8826969897fffff,6,134,18-19,female,72.0,retired,nope,,,,False,False,car_truck_van,CAR
2015000000253-1885802,home,8826969897fffff,6,135,19-20,female,72.0,retired,nope,,,,False,False,car_truck_van,CAR
2015000000253-1885802,home,8826969897fffff,6,136,20-21,female,72.0,retired,nope,,,,False,False,car_truck_van,CAR
2015000000253-1885802,home,8826969897fffff,6,137,21-22,female,72.0,retired,nope,,,,False,False,car_truck_van,CAR
2015000000253-1885802,home,8826969897fffff,6,138,22-23,female,72.0,retired,nope,,,,False,False,car_truck_van,CAR
2015000000253-1885802,home,8826969897fffff,6,139,23-24,female,72.0,retired,nope,,,,False,False,car_truck_van,CAR
2015000000253-1885802,home,8826969897fffff,6,140,24-25,female,72.0,retired,nope,,,,False,False,car_truck_van,CAR
2015000000253-1885802,home,8826969897fffff,6,141,25-26,female,72.0,retired,nope,,,,False,False,car_truck_van,CAR
2015000000253-1885802,home,8826969897fffff,6,142,26-27,female,72.0,retired,nope,,,,False,False,car_truck_van,CAR
2015000000253-1885802,home,8826969897fffff,6,143,27-28,female,72.0,retired,nope,,,,False,False,car_truck_van,CAR
2015000000253-1885802,home,8826969897fffff,7,144,04-05,female,72.0,retired,nope,,,,False,False,car_truck_van,CAR
2015000000253-1885802,home,8826969897fffff,7,145,05-06,female,72.0,retired,nope,,,,False,False,car_truck_van,CAR
2015000000253-1885802,home,8826969897fffff,7,146,06-07,female,72.0,retired,nope,,,,False,False,car_truck_van,CAR
2015000000253-1885802,home,8826969897fffff,7,147,07-08,female,72.0,retired,nope,,,,False,False,car_truck_van,CAR
2015000000253-1885802,home,8826969897fffff,7,148,08-09,female,72.0,retired,nope,,,,False,False,car_truck_van,CAR
2015000000253-1885802,home,8826969897fffff,7,149,09-10,female,72.0,retired,nope,,,,False,False,car_truck_van,CAR
2015000000253-1885802,home,8826969897fffff,7,150,10-11,female,72.0,retired,nope,,,,False,False,car_truck_van,CAR
2015000000253-1885802,meals,88269698b9fffff,7,151,11-12,female,72.0,retired,nope,,,,False,False,car_truck_van,CAR
2015000000253-1885802,meals,88269698b9fffff,7,152,12-13,female,72.0,retired,nope,,,,False,False,car_truck_van,CAR
2015000000253-1885802,meals,88269698b9fffff,7,153,13-14,female,72.0,retired,nope,,,,False,False,car_truck_van,CAR
2015000000253-1885802,meals,88269698b9fffff,7,154,14-15,female,72.0,retired,nope,,,,False,False,car_truck_van,CAR
2015000000253-1885802,change_transp,88269698d5fffff,7,155,15-16,female,72.0,retired,nope,,,,False,False,car_truck_van,CAR
2015000000253-1885802,volunteer,88269698dbfffff,7,156,16-17,female,72.0,retired,nope,,,,False,False,car_truck_van,CAR
2015000000253-1885802,volunteer,88269698dbfffff,7,157,17-18,female,72.0,retired,nope,,,,False,False,car_truck_van,CAR
2015000000253-1885802,volunteer,88269698dbfffff,7,158,18-19,female,72.0,retired,nope,,,,False,False,car_truck_van,CAR
2015000000253-1885802,home,8826969897fffff,7,159,19-20,female,72.0,retired,nope,,,,False,False,car_truck_van,CAR
2015000000253-1885802,home,8826969897fffff,7,160,20-21,female,72.0,retired,nope,,,,False,False,car_truck_van,CAR
2015000000253-1885802,home,8826969897fffff,7,161,21-22,female,72.0,retired,nope,,,,False,False,car_truck_van,CAR
2015000000253-1885802,home,8826969897fffff,7,162,22-23,female,72.0,retired,nope,,,,False,False,car_truck_van,CAR
2015000000253-1885802,home,8826969897fffff,7,163,23-24,female,72.0,retired,nope,,,,False,False,car_truck_van,CAR
2015000000253-1885802,home,8826969897fffff,7,164,24-25,female,72.0,retired,nope,,,,False,False,car_truck_van,CAR
2015000000253-1885802,home,8826969897fffff,7,165,25-26,female,72.0,retired,nope,,,,False,False,car_truck_van,CAR
2015000000253-1885802,home,8826969897fffff,7,166,26-27,female,72.0,retired,nope,,,,False,False,car_truck_van,CAR
2015000000253-1885802,home,8826969897fffff,7,167,27-28,female,72.0,retired,nope,,,,False,False,car_truck_van,CAR
2015000000253-1885803,home,8826969897fffff,1,0,04-05,male,16.0,student__lf_elig,student,,,k12pub_10th,False,False,car_truck_van,CAR
2015000000253-1885803,home,8826969897fffff,1,1,05-06,male,16.0,student__lf_elig,student,,,k12pub_10th,False,False,car_truck_van,CAR
2015000000253-1885803,religious_community,8826969893fffff,1,2,06-07,male,16.0,student__lf_elig,student,,,k12pub_10th,False,False,car_truck_van,CAR
2015000000253-1885803,meals,8826968141fffff,1,3,07-08,male,16.0,student__lf_elig,student,,,k12pub_10th,False,False,car_truck_van,CAR
2015000000253-1885803,religious_community,882696810dfffff,1,4,08-09,male,16.0,student__lf_elig,student,,,k12pub_10th,False,False,car_truck_van,CAR
2015000000253-1885803,home,8826969897fffff,1,5,09-10,male,16.0,student__lf_elig,student,,,k12pub_10th,False,False,car_truck_van,CAR
2015000000253-1885803,home,8826969897fffff,1,6,10-11,male,16.0,student__lf_elig,student,,,k12pub_10th,False,False,car_truck_van,CAR
2015000000253-1885803,home,8826969897fffff,1,7,11-12,male,16.0,student__lf_elig,student,,,k12pub_10th,False,False,car_truck_van,CAR
2015000000253-1885803,home,8826969897fffff,1,8,12-13,male,16.0,student__lf_elig,student,,,k12pub_10th,False,False,car_truck_van,CAR
2015000000253-1885803,home,8826969897fffff,1,9,13-14,male,16.0,student__lf_elig,student,,,k12pub_10th,False,False,car_truck_van,CAR
2015000000253-1885803,home,8826969897fffff,1,10,14-15,male,16.0,student__lf_elig,student,,,k12pub_10th,False,False,car_truck_van,CAR
2015000000253-1885803,home,8826969897fffff,1,11,15-16,male,16.0,student__lf_elig,student,,,k12pub_10th,False,False,car_truck_van,CAR
2015000000253-1885803,home,8826969897fffff,1,12,16-17,male,16.0,student__lf_elig,student,,,k12pub_10th,False,False,car_truck_van,CAR
2015000000253-1885803,home,8826969897fffff,1,13,17-18,male,16.0,student__lf_elig,student,,,k12pub_10th,False,False,car_truck_van,CAR
2015000000253-1885803,home,8826969897fffff,1,14,18-19,male,16.0,student__lf_elig,student,,,k12pub_10th,False,False,car_truck_van,CAR
2015000000253-1885803,home,8826969897fffff,1,15,19-20,male,16.0,student__lf_elig,student,,,k12pub_10th,False,False,car_truck_van,CAR
2015000000253-1885803,home,8826969897fffff,1,16,20-21,male,16.0,student__lf_elig,student,,,k12pub_10th,False,False,car_truck_van,CAR
2015000000253-1885803,home,8826969897fffff,1,17,21-22,male,16.0,student__lf_elig,student,,,k12pub_10th,False,False,car_truck_van,CAR
2015000000253-1885803,home,8826969897fffff,1,18,22-23,male,16.0,student__lf_elig,student,,,k12pub_10th,False,False,car_truck_van,CAR
2015000000253-1885803,home,8826969897fffff,1,19,23-24,male,16.0,student__lf_elig,student,,,k12pub_10th,False,False,car_truck_van,CAR
2015000000253-1885803,home,8826969897fffff,1,20,24-25,male,16.0,student__lf_elig,student,,,k12pub_10th,False,False,car_truck_van,CAR
2015000000253-1885803,home,8826969897fffff,1,21,25-26,male,16.0,student__lf_elig,student,,,k12pub_10th,False,False,car_truck_van,CAR
2015000000253-1885803,home,8826969897fffff,1,22,26-27,male,16.0,student__lf_elig,student,,,k12pub_10th,False,False,car_truck_van,CAR
2015000000253-1885803,home,8826969897fffff,1,23,27-28,male,16.0,student__lf_elig,student,,,k12pub_10th,False,False,car_truck_van,CAR
2015000000253-1885803,home,8826969897fffff,2,24,04-05,male,16.0,student__lf_elig,student,,,k12pub_10th,False,False,car_truck_van,CAR
2015000000253-1885803,home,8826969897fffff,2,25,05-06,male,16.0,student__lf_elig,student,,,k12pub_10th,False,False,car_truck_van,CAR
2015000000253-1885803,home,8826969897fffff,2,26,06-07,male,16.0,student__lf_elig,student,,,k12pub_10th,False,False,car_truck_van,CAR
2015000000253-1885803,school,8826968001fffff,2,27,07-08,male,16.0,student__lf_elig,student,,,k12pub_10th,False,False,car_truck_van,CAR
2015000000253-1885803,medical,8826968029fffff,2,28,08-09,male,16.0,student__lf_elig,student,,,k12pub_10th,False,False,car_truck_van,CAR
2015000000253-1885803,home,8826969897fffff,2,29,09-10,male,16.0,student__lf_elig,student,,,k12pub_10th,False,False,car_truck_van,CAR
2015000000253-1885803,home,8826969897fffff,2,30,10-11,male,16.0,student__lf_elig,student,,,k12pub_10th,False,False,car_truck_van,CAR
2015000000253-1885803,home,8826969897fffff,2,31,11-12,male,16.0,student__lf_elig,student,,,k12pub_10th,False,False,car_truck_van,CAR
2015000000253-1885803,home,8826969897fffff,2,32,12-13,male,16.0,student__lf_elig,student,,,k12pub_10th,False,False,car_truck_van,CAR
2015000000253-1885803,home,8826969897fffff,2,33,13-14,male,16.0,student__lf_elig,student,,,k12pub_10th,False,False,car_truck_van,CAR
2015000000253-1885803,home,8826969897fffff,2,34,14-15,male,16.0,student__lf_elig,student,,,k12pub_10th,False,False,car_truck_van,CAR
2015000000253-1885803,home,8826969897fffff,2,35,15-16,male,16.0,student__lf_elig,student,,,k12pub_10th,False,False,car_truck_van,CAR
2015000000253-1885803,home,8826969897fffff,2,36,16-17,male,16.0,student__lf_elig,student,,,k12pub_10th,False,False,car_truck_van,CAR
2015000000253-1885803,home,8826969897fffff,2,37,17-18,male,16.0,student__lf_elig,student,,,k12pub_10th,False,False,car_truck_van,CAR
2015000000253-1885803,home,8826969897fffff,2,38,18-19,male,16.0,student__lf_elig,student,,,k12pub_10th,False,False,car_truck_van,CAR
2015000000253-1885803,home,8826969897fffff,2,39,19-20,male,16.0,student__lf_elig,student,,,k12pub_10th,False,False,car_truck_van,CAR
2015000000253-1885803,home,8826969897fffff,2,40,20-21,male,16.0,student__lf_elig,student,,,k12pub_10th,False,False,car_truck_van,CAR
2015000000253-1885803,home,8826969897fffff,2,41,21-22,male,16.0,student__lf_elig,student,,,k12pub_10th,False,False,car_truck_van,CAR
2015000000253-1885803,home,8826969897fffff,2,42,22-23,male,16.0,student__lf_elig,student,,,k12pub_10th,False,False,car_truck_van,CAR
2015000000253-1885803,home,8826969897fffff,2,43,23-24,male,16.0,student__lf_elig,student,,,k12pub_10th,False,False,car_truck_van,CAR
2015000000253-1885803,home,8826969897fffff,2,44,24-25,male,16.0,student__lf_elig,student,,,k12pub_10th,False,False,car_truck_van,CAR
2015000000253-1885803,home,8826969897fffff,2,45,25-26,male,16.0,student__lf_elig,student,,,k12pub_10th,False,False,car_truck_van,CAR
2015000000253-1885803,home,8826969897fffff,2,46,26-27,male,16.0,student__lf_elig,student,,,k12pub_10th,False,False,car_truck_van,CAR
2015000000253-1885803,home,8826969897fffff,2,47,27-28,male,16.0,student__lf_elig,student,,,k12pub_10th,False,False,car_truck_van,CAR
2015000000253-1885803,home,8826969897fffff,3,48,04-05,male,16.0,student__lf_elig,student,,,k12pub_10th,False,False,car_truck_van,CAR
2015000000253-1885803,home,8826969897fffff,3,49,05-06,male,16.0,student__lf_elig,student,,,k12pub_10th,False,False,car_truck_van,CAR
2015000000253-1885803,home,8826969897fffff,3,50,06-07,male,16.0,student__lf_elig,student,,,k12pub_10th,False,False,car_truck_van,CAR
2015000000253-1885803,school,8826968001fffff,3,51,07-08,male,16.0,student__lf_elig,student,,,k12pub_10th,False,False,car_truck_van,CAR
2015000000253-1885803,school,8826968001fffff,3,52,08-09,male,16.0,student__lf_elig,student,,,k12pub_10th,False,False,car_truck_van,CAR
2015000000253-1885803,school,8826968001fffff,3,53,09-10,male,16.0,student__lf_elig,student,,,k12pub_10th,False,False,car_truck_van,CAR
2015000000253-1885803,school,8826968001fffff,3,54,10-11,male,16.0,student__lf_elig,student,,,k12pub_10th,False,False,car_truck_van,CAR
2015000000253-1885803,school,8826968001fffff,3,55,11-12,male,16.0,student__lf_elig,student,,,k12pub_10th,False,False,car_truck_van,CAR
2015000000253-1885803,school,8826968001fffff,3,56,12-13,male,16.0,student__lf_elig,student,,,k12pub_10th,False,False,car_truck_van,CAR
2015000000253-1885803,visit_friends_relatives,8826968015fffff,3,57,13-14,male,16.0,student__lf_elig,student,,,k12pub_10th,False,False,car_truck_van,CAR
2015000000253-1885803,visit_friends_relatives,8826968015fffff,3,58,14-15,male,16.0,student__lf_elig,student,,,k12pub_10th,False,False,car_truck_van,CAR
2015000000253-1885803,meals,8826968031fffff,3,59,15-16,male,16.0,student__lf_elig,student,,,k12pub_10th,False,False,car_truck_van,CAR
2015000000253-1885803,home,8826969897fffff,3,60,16-17,male,16.0,student__lf_elig,student,,,k12pub_10th,False,False,car_truck_van,CAR
2015000000253-1885803,home,8826969897fffff,3,61,17-18,male,16.0,student__lf_elig,student,,,k12pub_10th,False,False,car_truck_van,CAR
2015000000253-1885803,home,8826969897fffff,3,62,18-19,male,16.0,student__lf_elig,student,,,k12pub_10th,False,False,car_truck_van,CAR
2015000000253-1885803,home,8826969897fffff,3,63,19-20,male,16.0,student__lf_elig,student,,,k12pub_10th,False,False,car_truck_van,CAR
2015000000253-1885803,home,8826969897fffff,3,64,20-21,male,16.0,student__lf_elig,student,,,k12pub_10th,False,False,car_truck_van,CAR
2015000000253-1885803,home,8826969897fffff,3,65,21-22,male,16.0,student__lf_elig,student,,,k12pub_10th,False,False,car_truck_van,CAR
2015000000253-1885803,home,8826969897fffff,3,66,22-23,male,16.0,student__lf_elig,student,,,k12pub_10th,False,False,car_truck_van,CAR
2015000000253-1885803,home,8826969897fffff,3,67,23-24,male,16.0,student__lf_elig,student,,,k12pub_10th,False,False,car_truck_van,CAR
2015000000253-1885803,home,8826969897fffff,3,68,24-25,male,16.0,student__lf_elig,student,,,k12pub_10th,False,False,car_truck_van,CAR
2015000000253-1885803,home,8826969897fffff,3,69,25-26,male,16.0,student__lf_elig,student,,,k12pub_10th,False,False,car_truck_van,CAR
2015000000253-1885803,home,8826969897fffff,3,70,26-27,male,16.0,student__lf_elig,student,,,k12pub_10th,False,False,car_truck_van,CAR
2015000000253-1885803,home,8826969897fffff,3,71,27-28,male,16.0,student__lf_elig,student,,,k12pub_10th,False,False,car_truck_van,CAR
2015000000253-1885803,home,8826969897fffff,4,72,04-05,male,16.0,student__lf_elig,student,,,k12pub_10th,False,False,car_truck_van,CAR
2015000000253-1885803,home,8826969897fffff,4,73,05-06,male,16.0,student__lf_elig,student,,,k12pub_10th,False,False,car_truck_van,CAR
2015000000253-1885803,home,8826969897fffff,4,74,06-07,male,16.0,student__lf_elig,student,,,k12pub_10th,False,False,car_truck_van,CAR
2015000000253-1885803,school,8826968001fffff,4,75,07-08,male,16.0,student__lf_elig,student,,,k12pub_10th,False,False,car_truck_van,CAR
2015000000253-1885803,school,8826968001fffff,4,76,08-09,male,16.0,student__lf_elig,student,,,k12pub_10th,False,False,car_truck_van,CAR
2015000000253-1885803,school,8826968001fffff,4,77,09-10,male,16.0,student__lf_elig,student,,,k12pub_10th,False,False,car_truck_van,CAR
2015000000253-1885803,school,8826968001fffff,4,78,10-11,male,16.0,student__lf_elig,student,,,k12pub_10th,False,False,car_truck_van,CAR
2015000000253-1885803,volunteer,882696802bfffff,4,79,11-12,male,16.0,student__lf_elig,student,,,k12pub_10th,False,False,car_truck_van,CAR
2015000000253-1885803,volunteer,882696802bfffff,4,80,12-13,male,16.0,student__lf_elig,student,,,k12pub_10th,False,False,car_truck_van,CAR
2015000000253-1885803,volunteer,882696802bfffff,4,81,13-14,male,16.0,student__lf_elig,student,,,k12pub_10th,False,False,car_truck_van,CAR
2015000000253-1885803,volunteer,882696802bfffff,4,82,14-15,male,16.0,student__lf_elig,student,,,k12pub_10th,False,False,car_truck_van,CAR
2015000000253-1885803,volunteer,882696802bfffff,4,83,15-16,male,16.0,student__lf_elig,student,,,k12pub_10th,False,False,car_truck_van,CAR
2015000000253-1885803,leisure,8826968067fffff,4,84,16-17,male,16.0,student__lf_elig,student,,,k12pub_10th,False,False,car_truck_van,CAR
2015000000253-1885803,leisure,8826968067fffff,4,85,17-18,male,16.0,student__lf_elig,student,,,k12pub_10th,False,False,car_truck_van,CAR
2015000000253-1885803,leisure,8826968067fffff,4,86,18-19,male,16.0,student__lf_elig,student,,,k12pub_10th,False,False,car_truck_van,CAR
2015000000253-1885803,home,8826969897fffff,4,87,19-20,male,16.0,student__lf_elig,student,,,k12pub_10th,False,False,car_truck_van,CAR
2015000000253-1885803,home,8826969897fffff,4,88,20-21,male,16.0,student__lf_elig,student,,,k12pub_10th,False,False,car_truck_van,CAR
2015000000253-1885803,home,8826969897fffff,4,89,21-22,male,16.0,student__lf_elig,student,,,k12pub_10th,False,False,car_truck_van,CAR
2015000000253-1885803,home,8826969897fffff,4,90,22-23,male,16.0,student__lf_elig,student,,,k12pub_10th,False,False,car_truck_van,CAR
2015000000253-1885803,home,8826969897fffff,4,91,23-24,male,16.0,student__lf_elig,student,,,k12pub_10th,False,False,car_truck_van,CAR
2015000000253-1885803,home,8826969897fffff,4,92,24-25,male,16.0,student__lf_elig,student,,,k12pub_10th,False,False,car_truck_van,CAR
2015000000253-1885803,home,8826969897fffff,4,93,25-26,male,16.0,student__lf_elig,student,,,k12pub_10th,False,False,car_truck_van,CAR
2015000000253-1885803,home,8826969897fffff,4,94,26-27,male,16.0,student__lf_elig,student,,,k12pub_10th,False,False,car_truck_van,CAR
2015000000253-1885803,home,8826969897fffff,4,95,27-28,male,16.0,student__lf_elig,student,,,k12pub_10th,False,False,car_truck_van,CAR
2015000000253-1885803,home,8826969897fffff,5,96,04-05,male,16.0,student__lf_elig,student,,,k12pub_10th,False,False,car_truck_van,CAR
2015000000253-1885803,home,8826969897fffff,5,97,05-06,male,16.0,student__lf_elig,student,,,k12pub_10th,False,False,car_truck_van,CAR
2015000000253-1885803,home,8826969897fffff,5,98,06-07,male,16.0,student__lf_elig,student,,,k12pub_10th,False,False,car_truck_van,CAR
2015000000253-1885803,school,8826968001fffff,5,99,07-08,male,16.0,student__lf_elig,student,,,k12pub_10th,False,False,car_truck_van,CAR
2015000000253-1885803,school,8826968001fffff,5,100,08-09,male,16.0,student__lf_elig,student,,,k12pub_10th,False,False,car_truck_van,CAR
2015000000253-1885803,school,8826968001fffff,5,101,09-10,male,16.0,student__lf_elig,student,,,k12pub_10th,False,False,car_truck_van,CAR
2015000000253-1885803,school,8826968001fffff,5,102,10-11,male,16.0,student__lf_elig,student,,,k12pub_10th,False,False,car_truck_van,CAR
2015000000253-1885803,medical,882696803dfffff,5,103,11-12,male,16.0,student__lf_elig,student,,,k12pub_10th,False,False,car_truck_van,CAR
2015000000253-1885803,medical,882696803dfffff,5,104,12-13,male,16.0,student__lf_elig,student,,,k12pub_10th,False,False,car_truck_van,CAR
2015000000253-1885803,home,8826969897fffff,5,105,13-14,male,16.0,student__lf_elig,student,,,k12pub_10th,False,False,car_truck_van,CAR
2015000000253-1885803,home,8826969897fffff,5,106,14-15,male,16.0,student__lf_elig,student,,,k12pub_10th,False,False,car_truck_van,CAR
2015000000253-1885803,home,8826969897fffff,5,107,15-16,male,16.0,student__lf_elig,student,,,k12pub_10th,False,False,car_truck_van,CAR
2015000000253-1885803,home,8826969897fffff,5,108,16-17,male,16.0,student__lf_elig,student,,,k12pub_10th,False,False,car_truck_van,CAR
2015000000253-1885803,home,8826969897fffff,5,109,17-18,male,16.0,student__lf_elig,student,,,k12pub_10th,False,False,car_truck_van,CAR
2015000000253-1885803,home,8826969897fffff,5,110,18-19,male,16.0,student__lf_elig,student,,,k12pub_10th,False,False,car_truck_van,CAR
2015000000253-1885803,home,8826969897fffff,5,111,19-20,male,16.0,student__lf_elig,student,,,k12pub_10th,False,False,car_truck_van,CAR
2015000000253-1885803,home,8826969897fffff,5,112,20-21,male,16.0,student__lf_elig,student,,,k12pub_10th,False,False,car_truck_van,CAR
2015000000253-1885803,home,8826969897fffff,5,113,21-22,male,16.0,student__lf_elig,student,,,k12pub_10th,False,False,car_truck_van,CAR
2015000000253-1885803,home,8826969897fffff,5,114,22-23,male,16.0,student__lf_elig,student,,,k12pub_10th,False,False,car_truck_van,CAR
2015000000253-1885803,home,8826969897fffff,5,115,23-24,male,16.0,student__lf_elig,student,,,k12pub_10th,False,False,car_truck_van,CAR
2015000000253-1885803,home,8826969897fffff,5,116,24-25,male,16.0,student__lf_elig,student,,,k12pub_10th,False,False,car_truck_van,CAR
2015000000253-1885803,home,8826969897fffff,5,117,25-26,male,16.0,student__lf_elig,student,,,k12pub_10th,False,False,car_truck_van,CAR
2015000000253-1885803,home,8826969897fffff,5,118,26-27,male,16.0,student__lf_elig,student,,,k12pub_10th,False,False,car_truck_van,CAR
2015000000253-1885803,home,8826969897fffff,5,119,27-28,male,16.0,student__lf_elig,student,,,k12pub_10th,False,False,car_truck_van,CAR
2015000000253-1885803,home,8826969897fffff,6,120,04-05,male,16.0,student__lf_elig,student,,,k12pub_10th,False,False,car_truck_van,CAR
2015000000253-1885803,home,8826969897fffff,6,121,05-06,male,16.0,student__lf_elig,student,,,k12pub_10th,False,False,car_truck_van,CAR
2015000000253-1885803,home,8826969897fffff,6,122,06-07,male,16.0,student__lf_elig,student,,,k12pub_10th,False,False,car_truck_van,CAR
2015000000253-1885803,school,8826968001fffff,6,123,07-08,male,16.0,student__lf_elig,student,,,k12pub_10th,False,False,car_truck_van,CAR
2015000000253-1885803,leisure,8826968003fffff,6,124,08-09,male,16.0,student__lf_elig,student,,,k12pub_10th,False,False,car_truck_van,CAR
2015000000253-1885803,leisure,8826968003fffff,6,125,09-10,male,16.0,student__lf_elig,student,,,k12pub_10th,False,False,car_truck_van,CAR
2015000000253-1885803,home,8826969897fffff,6,126,10-11,male,16.0,student__lf_elig,student,,,k12pub_10th,False,False,car_truck_van,CAR
2015000000253-1885803,home,8826969897fffff,6,127,11-12,male,16.0,student__lf_elig,student,,,k12pub_10th,False,False,car_truck_van,CAR
2015000000253-1885803,home,8826969897fffff,6,128,12-13,male,16.0,student__lf_elig,student,,,k12pub_10th,False,False,car_truck_van,CAR
2015000000253-1885803,home,8826969897fffff,6,129,13-14,male,16.0,student__lf_elig,student,,,k12pub_10th,False,False,car_truck_van,CAR
2015000000253-1885803,home,8826969897fffff,6,130,14-15,male,16.0,student__lf_elig,student,,,k12pub_10th,False,False,car_truck_van,CAR
2015000000253-1885803,home,8826969897fffff,6,131,15-16,male,16.0,student__lf_elig,student,,,k12pub_10th,False,False,car_truck_van,CAR
2015000000253-1885803,home,8826969897fffff,6,132,16-17,male,16.0,student__lf_elig,student,,,k12pub_10th,False,False,car_truck_van,CAR
2015000000253-1885803,home,8826969897fffff,6,133,17-18,male,16.0,student__lf_elig,student,,,k12pub_10th,False,False,car_truck_van,CAR
2015000000253-1885803,home,8826969897fffff,6,134,18-19,male,16.0,student__lf_elig,student,,,k12pub_10th,False,False,car_truck_van,CAR
2015000000253-1885803,home,8826969897fffff,6,135,19-20,male,16.0,student__lf_elig,student,,,k12pub_10th,False,False,car_truck_van,CAR
2015000000253-1885803,home,8826969897fffff,6,136,20-21,male,16.0,student__lf_elig,student,,,k12pub_10th,False,False,car_truck_van,CAR
2015000000253-1885803,home,8826969897fffff,6,137,21-22,male,16.0,student__lf_elig,student,,,k12pub_10th,False,False,car_truck_van,CAR
2015000000253-1885803,home,8826969897fffff,6,138,22-23,male,16.0,student__lf_elig,student,,,k12pub_10th,False,False,car_truck_van,CAR
2015000000253-1885803,home,8826969897fffff,6,139,23-24,male,16.0,student__lf_elig,student,,,k12pub_10th,False,False,car_truck_van,CAR
2015000000253-1885803,home,8826969897fffff,6,140,24-25,male,16.0,student__lf_elig,student,,,k12pub_10th,False,False,car_truck_van,CAR
2015000000253-1885803,home,8826969897fffff,6,141,25-26,male,16.0,student__lf_elig,student,,,k12pub_10th,False,False,car_truck_van,CAR
2015000000253-1885803,home,8826969897fffff,6,142,26-27,male,16.0,student__lf_elig,student,,,k12pub_10th,False,False,car_truck_van,CAR
2015000000253-1885803,home,8826969897fffff,6,143,27-28,male,16.0,student__lf_elig,student,,,k12pub_10th,False,False,car_truck_van,CAR
2015000000253-1885803,home,8826969897fffff,7,144,04-05,male,16.0,student__lf_elig,student,,,k12pub_10th,False,False,car_truck_van,CAR
2015000000253-1885803,home,8826969897fffff,7,145,05-06,male,16.0,student__lf_elig,student,,,k12pub_10th,False,False,car_truck_van,CAR
2015000000253-1885803,school,8826968001fffff,7,146,06-07,male,16.0,student__lf_elig,student,,,k12pub_10th,False,False,car_truck_van,CAR
2015000000253-1885803,school,8826968001fffff,7,147,07-08,male,16.0,student__lf_elig,student,,,k12pub_10th,False,False,car_truck_van,CAR
2015000000253-1885803,school,8826968001fffff,7,148,08-09,male,16.0,student__lf_elig,student,,,k12pub_10th,False,False,car_truck_van,CAR
2015000000253-1885803,exercise,882696802bfffff,7,149,09-10,male,16.0,student__lf_elig,student,,,k12pub_10th,False,False,car_truck_van,CAR
2015000000253-1885803,exercise,882696802bfffff,7,150,10-11,male,16.0,student__lf_elig,student,,,k12pub_10th,False,False,car_truck_van,CAR
2015000000253-1885803,home,8826969897fffff,7,151,11-12,male,16.0,student__lf_elig,student,,,k12pub_10th,False,False,car_truck_van,CAR
2015000000253-1885803,home,8826969897fffff,7,152,12-13,male,16.0,student__lf_elig,student,,,k12pub_10th,False,False,car_truck_van,CAR
2015000000253-1885803,home,8826969897fffff,7,153,13-14,male,16.0,student__lf_elig,student,,,k12pub_10th,False,False,car_truck_van,CAR
2015000000253-1885803,home,8826969897fffff,7,154,14-15,male,16.0,student__lf_elig,student,,,k12pub_10th,False,False,car_truck_van,CAR
2015000000253-1885803,home,8826969897fffff,7,155,15-16,male,16.0,student__lf_elig,student,,,k12pub_10th,False,False,car_truck_van,CAR
2015000000253-1885803,home,8826969897fffff,7,156,16-17,male,16.0,student__lf_elig,student,,,k12pub_10th,False,False,car_truck_van,CAR
2015000000253-1885803,home,8826969897fffff,7,157,17-18,male,16.0,student__lf_elig,student,,,k12pub_10th,False,False,car_truck_van,CAR
2015000000253-1885803,home,8826969897fffff,7,158,18-19,male,16.0,student__lf_elig,student,,,k12pub_10th,False,False,car_truck_van,CAR
2015000000253-1885803,home,8826969897fffff,7,159,19-20,male,16.0,student__lf_elig,student,,,k12pub_10th,False,False,car_truck_van,CAR
2015000000253-1885803,home,8826969897fffff,7,160,20-21,male,16.0,student__lf_elig,student,,,k12pub_10th,False,False,car_truck_van,CAR
2015000000253-1885803,home,8826969897fffff,7,161,21-22,male,16.0,student__lf_elig,student,,,k12pub_10th,False,False,car_truck_van,CAR
2015000000253-1885803,home,8826969897fffff,7,162,22-23,male,16.0,student__lf_elig,student,,,k12pub_10th,False,False,car_truck_van,CAR
2015000000253-1885803,home,8826969897fffff,7,163,23-24,male,16.0,student__lf_elig,student,,,k12pub_10th,False,False,car_truck_van,CAR
2015000000253-1885803,home,8826969897fffff,7,164,24-25,male,16.0,student__lf_elig,student,,,k12pub_10th,False,False,car_truck_van,CAR
2015000000253-1885803,home,8826969897fffff,7,165,25-26,male,16.0,student__lf_elig,student,,,k12pub_10th,False,False,car_truck_van,CAR
2015000000253-1885803,home,8826969897fffff,7,166,26-27,male,16.0,student__lf_elig,student,,,k12pub_10th,False,False,car_truck_van,CAR
2015000000253-1885803,home,8826969897fffff,7,167,27-28,male,16.0,student__lf_elig,student,,,k12pub_10th,False,False,car_truck_van,CAR
2015000000253-1885804,home,8826969897fffff,1,0,04-05,male,13.0,student__age10_15,student,,,k12pub_8th,False,False,walked,WALK
2015000000253-1885804,home,8826969897fffff,1,1,05-06,male,13.0,student__age10_15,student,,,k12pub_8th,False,False,walked,WALK
2015000000253-1885804,home,8826969897fffff,1,2,06-07,male,13.0,student__age10_15,student,,,k12pub_8th,False,False,walked,WALK
2015000000253-1885804,home,8826969897fffff,1,3,07-08,male,13.0,student__age10_15,student,,,k12pub_8th,False,False,walked,WALK
2015000000253-1885804,home,8826969897fffff,1,4,08-09,male,13.0,student__age10_15,student,,,k12pub_8th,False,False,walked,WALK
2015000000253-1885804,religious_community,8826969893fffff,1,5,09-10,male,13.0,student__age10_15,student,,,k12pub_8th,False,False,walked,WALK
2015000000253-1885804,religious_community,8826969893fffff,1,6,10-11,male,13.0,student__age10_15,student,,,k12pub_8th,False,False,walked,WALK
2015000000253-1885804,meals,8826968141fffff,1,7,11-12,male,13.0,student__age10_15,student,,,k12pub_8th,False,False,walked,WALK
2015000000253-1885804,meals,882696811dfffff,1,8,12-13,male,13.0,student__age10_15,student,,,k12pub_8th,False,False,walked,WALK
2015000000253-1885804,home,8826969897fffff,1,9,13-14,male,13.0,student__age10_15,student,,,k12pub_8th,False,False,walked,WALK
2015000000253-1885804,home,8826969897fffff,1,10,14-15,male,13.0,student__age10_15,student,,,k12pub_8th,False,False,walked,WALK
2015000000253-1885804,home,8826969897fffff,1,11,15-16,male,13.0,student__age10_15,student,,,k12pub_8th,False,False,walked,WALK
2015000000253-1885804,home,8826969897fffff,1,12,16-17,male,13.0,student__age10_15,student,,,k12pub_8th,False,False,walked,WALK
2015000000253-1885804,home,8826969897fffff,1,13,17-18,male,13.0,student__age10_15,student,,,k12pub_8th,False,False,walked,WALK
2015000000253-1885804,home,8826969897fffff,1,14,18-19,male,13.0,student__age10_15,student,,,k12pub_8th,False,False,walked,WALK
2015000000253-1885804,home,8826969897fffff,1,15,19-20,male,13.0,student__age10_15,student,,,k12pub_8th,False,False,walked,WALK
2015000000253-1885804,home,8826969897fffff,1,16,20-21,male,13.0,student__age10_15,student,,,k12pub_8th,False,False,walked,WALK
2015000000253-1885804,home,8826969897fffff,1,17,21-22,male,13.0,student__age10_15,student,,,k12pub_8th,False,False,walked,WALK
2015000000253-1885804,home,8826969897fffff,1,18,22-23,male,13.0,student__age10_15,student,,,k12pub_8th,False,False,walked,WALK
2015000000253-1885804,home,8826969897fffff,1,19,23-24,male,13.0,student__age10_15,student,,,k12pub_8th,False,False,walked,WALK
2015000000253-1885804,home,8826969897fffff,1,20,24-25,male,13.0,student__age10_15,student,,,k12pub_8th,False,False,walked,WALK
2015000000253-1885804,home,8826969897fffff,1,21,25-26,male,13.0,student__age10_15,student,,,k12pub_8th,False,False,walked,WALK
2015000000253-1885804,home,8826969897fffff,1,22,26-27,male,13.0,student__age10_15,student,,,k12pub_8th,False,False,walked,WALK
2015000000253-1885804,home,8826969897fffff,1,23,27-28,male,13.0,student__age10_15,student,,,k12pub_8th,False,False,walked,WALK
2015000000253-1885804,home,8826969897fffff,2,24,04-05,male,13.0,student__age10_15,student,,,k12pub_8th,False,False,walked,WALK
2015000000253-1885804,home,8826969897fffff,2,25,05-06,male,13.0,student__age10_15,student,,,k12pub_8th,False,False,walked,WALK
2015000000253-1885804,home,8826969897fffff,2,26,06-07,male,13.0,student__age10_15,student,,,k12pub_8th,False,False,walked,WALK
2015000000253-1885804,home,8826969897fffff,2,27,07-08,male,13.0,student__age10_15,student,,,k12pub_8th,False,False,walked,WALK
2015000000253-1885804,school,8826969893fffff,2,28,08-09,male,13.0,student__age10_15,student,,,k12pub_8th,False,False,walked,WALK
2015000000253-1885804,school,8826969893fffff,2,29,09-10,male,13.0,student__age10_15,student,,,k12pub_8th,False,False,walked,WALK
2015000000253-1885804,school,8826969893fffff,2,30,10-11,male,13.0,student__age10_15,student,,,k12pub_8th,False,False,walked,WALK
2015000000253-1885804,school,8826969893fffff,2,31,11-12,male,13.0,student__age10_15,student,,,k12pub_8th,False,False,walked,WALK
2015000000253-1885804,school,8826969893fffff,2,32,12-13,male,13.0,student__age10_15,student,,,k12pub_8th,False,False,walked,WALK
2015000000253-1885804,school,8826969893fffff,2,33,13-14,male,13.0,student__age10_15,student,,,k12pub_8th,False,False,walked,WALK
2015000000253-1885804,school,8826969893fffff,2,34,14-15,male,13.0,student__age10_15,student,,,k12pub_8th,False,False,walked,WALK
2015000000253-1885804,school,8826969893fffff,2,35,15-16,male,13.0,student__age10_15,student,,,k12pub_8th,False,False,walked,WALK
2015000000253-1885804,leisure,8826968337fffff,2,36,16-17,male,13.0,student__age10_15,student,,,k12pub_8th,False,False,walked,WALK
2015000000253-1885804,leisure,8826968337fffff,2,37,17-18,male,13.0,student__age10_15,student,,,k12pub_8th,False,False,walked,WALK
2015000000253-1885804,home,8826969897fffff,2,38,18-19,male,13.0,student__age10_15,student,,,k12pub_8th,False,False,walked,WALK
2015000000253-1885804,home,8826969897fffff,2,39,19-20,male,13.0,student__age10_15,student,,,k12pub_8th,False,False,walked,WALK
2015000000253-1885804,home,8826969897fffff,2,40,20-21,male,13.0,student__age10_15,student,,,k12pub_8th,False,False,walked,WALK
2015000000253-1885804,home,8826969897fffff,2,41,21-22,male,13.0,student__age10_15,student,,,k12pub_8th,False,False,walked,WALK
2015000000253-1885804,home,8826969897fffff,2,42,22-23,male,13.0,student__age10_15,student,,,k12pub_8th,False,False,walked,WALK
2015000000253-1885804,home,8826969897fffff,2,43,23-24,male,13.0,student__age10_15,student,,,k12pub_8th,False,False,walked,WALK
2015000000253-1885804,home,8826969897fffff,2,44,24-25,male,13.0,student__age10_15,student,,,k12pub_8th,False,False,walked,WALK
2015000000253-1885804,home,8826969897fffff,2,45,25-26,male,13.0,student__age10_15,student,,,k12pub_8th,False,False,walked,WALK
2015000000253-1885804,home,8826969897fffff,2,46,26-27,male,13.0,student__age10_15,student,,,k12pub_8th,False,False,walked,WALK
2015000000253-1885804,home,8826969897fffff,2,47,27-28,male,13.0,student__age10_15,student,,,k12pub_8th,False,False,walked,WALK
2015000000253-1885804,home,8826969897fffff,3,48,04-05,male,13.0,student__age10_15,student,,,k12pub_8th,False,False,walked,WALK
2015000000253-1885804,home,8826969897fffff,3,49,05-06,male,13.0,student__age10_15,student,,,k12pub_8th,False,False,walked,WALK
2015000000253-1885804,home,8826969897fffff,3,50,06-07,male,13.0,student__age10_15,student,,,k12pub_8th,False,False,walked,WALK
2015000000253-1885804,home,8826969897fffff,3,51,07-08,male,13.0,student__age10_15,student,,,k12pub_8th,False,False,walked,WALK
2015000000253-1885804,school,8826969893fffff,3,52,08-09,male,13.0,student__age10_15,student,,,k12pub_8th,False,False,walked,WALK
2015000000253-1885804,school,8826969893fffff,3,53,09-10,male,13.0,student__age10_15,student,,,k12pub_8th,False,False,walked,WALK
2015000000253-1885804,school,8826969893fffff,3,54,10-11,male,13.0,student__age10_15,student,,,k12pub_8th,False,False,walked,WALK
2015000000253-1885804,school,8826969893fffff,3,55,11-12,male,13.0,student__age10_15,student,,,k12pub_8th,False,False,walked,WALK
2015000000253-1885804,school,8826969893fffff,3,56,12-13,male,13.0,student__age10_15,student,,,k12pub_8th,False,False,walked,WALK
2015000000253-1885804,school,8826969893fffff,3,57,13-14,male,13.0,student__age10_15,student,,,k12pub_8th,False,False,walked,WALK
2015000000253-1885804,school,8826969893fffff,3,58,14-15,male,13.0,student__age10_15,student,,,k12pub_8th,False,False,walked,WALK
2015000000253-1885804,school,8826969893fffff,3,59,15-16,male,13.0,student__age10_15,student,,,k12pub_8th,False,False,walked,WALK
2015000000253-1885804,school,8826969893fffff,3,60,16-17,male,13.0,student__age10_15,student,,,k12pub_8th,False,False,walked,WALK
2015000000253-1885804,school,8826969893fffff,3,61,17-18,male,13.0,student__age10_15,student,,,k12pub_8th,False,False,walked,WALK
2015000000253-1885804,school,8826969893fffff,3,62,18-19,male,13.0,student__age10_15,student,,,k12pub_8th,False,False,walked,WALK
2015000000253-1885804,school,8826969893fffff,3,63,19-20,male,13.0,student__age10_15,student,,,k12pub_8th,False,False,walked,WALK
2015000000253-1885804,school,8826969893fffff,3,64,20-21,male,13.0,student__age10_15,student,,,k12pub_8th,False,False,walked,WALK
2015000000253-1885804,school,8826969893fffff,3,65,21-22,male,13.0,student__age10_15,student,,,k12pub_8th,False,False,walked,WALK
2015000000253-1885804,school,8826969893fffff,3,66,22-23,male,13.0,student__age10_15,student,,,k12pub_8th,False,False,walked,WALK
2015000000253-1885804,home,8826969897fffff,3,67,23-24,male,13.0,student__age10_15,student,,,k12pub_8th,False,False,walked,WALK
2015000000253-1885804,home,8826969897fffff,3,68,24-25,male,13.0,student__age10_15,student,,,k12pub_8th,False,False,walked,WALK
2015000000253-1885804,home,8826969897fffff,3,69,25-26,male,13.0,student__age10_15,student,,,k12pub_8th,False,False,walked,WALK
2015000000253-1885804,home,8826969897fffff,3,70,26-27,male,13.0,student__age10_15,student,,,k12pub_8th,False,False,walked,WALK
2015000000253-1885804,home,8826969897fffff,3,71,27-28,male,13.0,student__age10_15,student,,,k12pub_8th,False,False,walked,WALK
2015000000253-1885804,home,8826969897fffff,4,72,04-05,male,13.0,student__age10_15,student,,,k12pub_8th,False,False,walked,WALK
2015000000253-1885804,home,8826969897fffff,4,73,05-06,male,13.0,student__age10_15,student,,,k12pub_8th,False,False,walked,WALK
2015000000253-1885804,home,8826969897fffff,4,74,06-07,male,13.0,student__age10_15,student,,,k12pub_8th,False,False,walked,WALK
2015000000253-1885804,home,8826969897fffff,4,75,07-08,male,13.0,student__age10_15,student,,,k12pub_8th,False,False,walked,WALK
2015000000253-1885804,school,8826969893fffff,4,76,08-09,male,13.0,student__age10_15,student,,,k12pub_8th,False,False,walked,WALK
2015000000253-1885804,school,8826969893fffff,4,77,09-10,male,13.0,student__age10_15,student,,,k12pub_8th,False,False,walked,WALK
2015000000253-1885804,school,8826969893fffff,4,78,10-11,male,13.0,student__age10_15,student,,,k12pub_8th,False,False,walked,WALK
2015000000253-1885804,school,8826969893fffff,4,79,11-12,male,13.0,student__age10_15,student,,,k12pub_8th,False,False,walked,WALK
2015000000253-1885804,school,8826969893fffff,4,80,12-13,male,13.0,student__age10_15,student,,,k12pub_8th,False,False,walked,WALK
2015000000253-1885804,school,8826969893fffff,4,81,13-14,male,13.0,student__age10_15,student,,,k12pub_8th,False,False,walked,WALK
2015000000253-1885804,services,8826968141fffff,4,82,14-15,male,13.0,student__age10_15,student,,,k12pub_8th,False,False,walked,WALK
2015000000253-1885804,home,8826969897fffff,4,83,15-16,male,13.0,student__age10_15,student,,,k12pub_8th,False,False,walked,WALK
2015000000253-1885804,home,8826969897fffff,4,84,16-17,male,13.0,student__age10_15,student,,,k12pub_8th,False,False,walked,WALK
2015000000253-1885804,home,8826969897fffff,4,85,17-18,male,13.0,student__age10_15,student,,,k12pub_8th,False,False,walked,WALK
2015000000253-1885804,home,8826969897fffff,4,86,18-19,male,13.0,student__age10_15,student,,,k12pub_8th,False,False,walked,WALK
2015000000253-1885804,home,8826969897fffff,4,87,19-20,male,13.0,student__age10_15,student,,,k12pub_8th,False,False,walked,WALK
2015000000253-1885804,home,8826969897fffff,4,88,20-21,male,13.0,student__age10_15,student,,,k12pub_8th,False,False,walked,WALK
2015000000253-1885804,home,8826969897fffff,4,89,21-22,male,13.0,student__age10_15,student,,,k12pub_8th,False,False,walked,WALK
2015000000253-1885804,home,8826969897fffff,4,90,22-23,male,13.0,student__age10_15,student,,,k12pub_8th,False,False,walked,WALK
2015000000253-1885804,home,8826969897fffff,4,91,23-24,male,13.0,student__age10_15,student,,,k12pub_8th,False,False,walked,WALK
2015000000253-1885804,home,8826969897fffff,4,92,24-25,male,13.0,student__age10_15,student,,,k12pub_8th,False,False,walked,WALK
2015000000253-1885804,home,8826969897fffff,4,93,25-26,male,13.0,student__age10_15,student,,,k12pub_8th,False,False,walked,WALK
2015000000253-1885804,home,8826969897fffff,4,94,26-27,male,13.0,student__age10_15,student,,,k12pub_8th,False,False,walked,WALK
2015000000253-1885804,home,8826969897fffff,4,95,27-28,male,13.0,student__age10_15,student,,,k12pub_8th,False,False,walked,WALK
2015000000253-1885804,home,8826969897fffff,5,96,04-05,male,13.0,student__age10_15,student,,,k12pub_8th,False,False,walked,WALK
2015000000253-1885804,home,8826969897fffff,5,97,05-06,male,13.0,student__age10_15,student,,,k12pub_8th,False,False,walked,WALK
2015000000253-1885804,home,8826969897fffff,5,98,06-07,male,13.0,student__age10_15,student,,,k12pub_8th,False,False,walked,WALK
2015000000253-1885804,home,8826969897fffff,5,99,07-08,male,13.0,student__age10_15,student,,,k12pub_8th,False,False,walked,WALK
2015000000253-1885804,school,8826969893fffff,5,100,08-09,male,13.0,student__age10_15,student,,,k12pub_8th,False,False,walked,WALK
2015000000253-1885804,school,8826969893fffff,5,101,09-10,male,13.0,student__age10_15,student,,,k12pub_8th,False,False,walked,WALK
2015000000253-1885804,school,8826969893fffff,5,102,10-11,male,13.0,student__age10_15,student,,,k12pub_8th,False,False,walked,WALK
2015000000253-1885804,school,8826969893fffff,5,103,11-12,male,13.0,student__age10_15,student,,,k12pub_8th,False,False,walked,WALK
2015000000253-1885804,school,8826969893fffff,5,104,12-13,male,13.0,student__age10_15,student,,,k12pub_8th,False,False,walked,WALK
2015000000253-1885804,school,8826969893fffff,5,105,13-14,male,13.0,student__age10_15,student,,,k12pub_8th,False,False,walked,WALK
2015000000253-1885804,school,8826969893fffff,5,106,14-15,male,13.0,student__age10_15,student,,,k12pub_8th,False,False,walked,WALK
2015000000253-1885804,meals,8826968141fffff,5,107,15-16,male,13.0,student__age10_15,student,,,k12pub_8th,False,False,walked,WALK
2015000000253-1885804,meals,8826968141fffff,5,108,16-17,male,13.0,student__age10_15,student,,,k12pub_8th,False,False,walked,WALK
2015000000253-1885804,exercise,8826968105fffff,5,109,17-18,male,13.0,student__age10_15,student,,,k12pub_8th,False,False,walked,WALK
2015000000253-1885804,exercise,8826968105fffff,5,110,18-19,male,13.0,student__age10_15,student,,,k12pub_8th,False,False,walked,WALK
2015000000253-1885804,exercise,8826968105fffff,5,111,19-20,male,13.0,student__age10_15,student,,,k12pub_8th,False,False,walked,WALK
2015000000253-1885804,home,8826969897fffff,5,112,20-21,male,13.0,student__age10_15,student,,,k12pub_8th,False,False,walked,WALK
2015000000253-1885804,home,8826969897fffff,5,113,21-22,male,13.0,student__age10_15,student,,,k12pub_8th,False,False,walked,WALK
2015000000253-1885804,home,8826969897fffff,5,114,22-23,male,13.0,student__age10_15,student,,,k12pub_8th,False,False,walked,WALK
2015000000253-1885804,home,8826969897fffff,5,115,23-24,male,13.0,student__age10_15,student,,,k12pub_8th,False,False,walked,WALK
2015000000253-1885804,home,8826969897fffff,5,116,24-25,male,13.0,student__age10_15,student,,,k12pub_8th,False,False,walked,WALK
2015000000253-1885804,home,8826969897fffff,5,117,25-26,male,13.0,student__age10_15,student,,,k12pub_8th,False,False,walked,WALK
2015000000253-1885804,home,8826969897fffff,5,118,26-27,male,13.0,student__age10_15,student,,,k12pub_8th,False,False,walked,WALK
2015000000253-1885804,home,8826969897fffff,5,119,27-28,male,13.0,student__age10_15,student,,,k12pub_8th,False,False,walked,WALK
2015000000253-1885804,home,8826969897fffff,6,120,04-05,male,13.0,student__age10_15,student,,,k12pub_8th,False,False,walked,WALK
2015000000253-1885804,home,8826969897fffff,6,121,05-06,male,13.0,student__age10_15,student,,,k12pub_8th,False,False,walked,WALK
2015000000253-1885804,home,8826969897fffff,6,122,06-07,male,13.0,student__age10_15,student,,,k12pub_8th,False,False,walked,WALK
2015000000253-1885804,home,8826969897fffff,6,123,07-08,male,13.0,student__age10_15,student,,,k12pub_8th,False,False,walked,WALK
2015000000253-1885804,school,8826969893fffff,6,124,08-09,male,13.0,student__age10_15,student,,,k12pub_8th,False,False,walked,WALK
2015000000253-1885804,school,8826969893fffff,6,125,09-10,male,13.0,student__age10_15,student,,,k12pub_8th,False,False,walked,WALK
2015000000253-1885804,school,8826969893fffff,6,126,10-11,male,13.0,student__age10_15,student,,,k12pub_8th,False,False,walked,WALK
2015000000253-1885804,school,8826969893fffff,6,127,11-12,male,13.0,student__age10_15,student,,,k12pub_8th,False,False,walked,WALK
2015000000253-1885804,school,8826969893fffff,6,128,12-13,male,13.0,student__age10_15,student,,,k12pub_8th,False,False,walked,WALK
2015000000253-1885804,school,8826969893fffff,6,129,13-14,male,13.0,student__age10_15,student,,,k12pub_8th,False,False,walked,WALK
2015000000253-1885804,home,8826969897fffff,6,130,14-15,male,13.0,student__age10_15,student,,,k12pub_8th,False,False,walked,WALK
2015000000253-1885804,home,8826969897fffff,6,131,15-16,male,13.0,student__age10_15,student,,,k12pub_8th,False,False,walked,WALK
2015000000253-1885804,home,8826969897fffff,6,132,16-17,male,13.0,student__age10_15,student,,,k12pub_8th,False,False,walked,WALK
2015000000253-1885804,home,8826969897fffff,6,133,17-18,male,13.0,student__age10_15,student,,,k12pub_8th,False,False,walked,WALK
2015000000253-1885804,home,8826969897fffff,6,134,18-19,male,13.0,student__age10_15,student,,,k12pub_8th,False,False,walked,WALK
2015000000253-1885804,home,8826969897fffff,6,135,19-20,male,13.0,student__age10_15,student,,,k12pub_8th,False,False,walked,WALK
2015000000253-1885804,home,8826969897fffff,6,136,20-21,male,13.0,student__age10_15,student,,,k12pub_8th,False,False,walked,WALK
2015000000253-1885804,home,8826969897fffff,6,137,21-22,male,13.0,student__age10_15,student,,,k12pub_8th,False,False,walked,WALK
2015000000253-1885804,home,8826969897fffff,6,138,22-23,male,13.0,student__age10_15,student,,,k12pub_8th,False,False,walked,WALK
2015000000253-1885804,home,8826969897fffff,6,139,23-24,male,13.0,student__age10_15,student,,,k12pub_8th,False,False,walked,WALK
2015000000253-1885804,home,8826969897fffff,6,140,24-25,male,13.0,student__age10_15,student,,,k12pub_8th,False,False,walked,WALK
2015000000253-1885804,home,8826969897fffff,6,141,25-26,male,13.0,student__age10_15,student,,,k12pub_8th,False,False,walked,WALK
2015000000253-1885804,home,8826969897fffff,6,142,26-27,male,13.0,student__age10_15,student,,,k12pub_8th,False,False,walked,WALK
2015000000253-1885804,home,8826969897fffff,6,143,27-28,male,13.0,student__age10_15,student,,,k12pub_8th,False,False,walked,WALK
2015000000253-1885804,home,8826969897fffff,7,144,04-05,male,13.0,student__age10_15,student,,,k12pub_8th,False,False,walked,WALK
2015000000253-1885804,home,8826969897fffff,7,145,05-06,male,13.0,student__age10_15,student,,,k12pub_8th,False,False,walked,WALK
2015000000253-1885804,home,8826969897fffff,7,146,06-07,male,13.0,student__age10_15,student,,,k12pub_8th,False,False,walked,WALK
2015000000253-1885804,home,8826969897fffff,7,147,07-08,male,13.0,student__age10_15,student,,,k12pub_8th,False,False,walked,WALK
2015000000253-1885804,home,8826969897fffff,7,148,08-09,male,13.0,student__age10_15,student,,,k12pub_8th,False,False,walked,WALK
2015000000253-1885804,home,8826969897fffff,7,149,09-10,male,13.0,student__age10_15,student,,,k12pub_8th,False,False,walked,WALK
2015000000253-1885804,home,8826969897fffff,7,150,10-11,male,13.0,student__age10_15,student,,,k12pub_8th,False,False,walked,WALK
2015000000253-1885804,leisure,882696814dfffff,7,151,11-12,male,13.0,student__age10_15,student,,,k12pub_8th,False,False,walked,WALK
2015000000253-1885804,leisure,882696814dfffff,7,152,12-13,male,13.0,student__age10_15,student,,,k12pub_8th,False,False,walked,WALK
2015000000253-1885804,leisure,882696814dfffff,7,153,13-14,male,13.0,student__age10_15,student,,,k12pub_8th,False,False,walked,WALK
2015000000253-1885804,leisure,882696814dfffff,7,154,14-15,male,13.0,student__age10_15,student,,,k12pub_8th,False,False,walked,WALK
2015000000253-1885804,leisure,882696814dfffff,7,155,15-16,male,13.0,student__age10_15,student,,,k12pub_8th,False,False,walked,WALK
2015000000253-1885804,leisure,882696814dfffff,7,156,16-17,male,13.0,student__age10_15,student,,,k12pub_8th,False,False,walked,WALK
2015000000253-1885804,leisure,8826968335fffff,7,157,17-18,male,13.0,student__age10_15,student,,,k12pub_8th,False,False,walked,WALK
2015000000253-1885804,leisure,8826968335fffff,7,158,18-19,male,13.0,student__age10_15,student,,,k12pub_8th,False,False,walked,WALK
2015000000253-1885804,home,8826969897fffff,7,159,19-20,male,13.0,student__age10_15,student,,,k12pub_8th,False,False,walked,WALK
2015000000253-1885804,home,8826969897fffff,7,160,20-21,male,13.0,student__age10_15,student,,,k12pub_8th,False,False,walked,WALK
2015000000253-1885804,home,8826969897fffff,7,161,21-22,male,13.0,student__age10_15,student,,,k12pub_8th,False,False,walked,WALK
2015000000253-1885804,home,8826969897fffff,7,162,22-23,male,13.0,student__age10_15,student,,,k12pub_8th,False,False,walked,WALK
2015000000253-1885804,home,8826969897fffff,7,163,23-24,male,13.0,student__age10_15,student,,,k12pub_8th,False,False,walked,WALK
2015000000253-1885804,home,8826969897fffff,7,164,24-25,male,13.0,student__age10_15,student,,,k12pub_8th,False,False,walked,WALK
2015000000253-1885804,home,8826969897fffff,7,165,25-26,male,13.0,student__age10_15,student,,,k12pub_8th,False,False,walked,WALK
2015000000253-1885804,home,8826969897fffff,7,166,26-27,male,13.0,student__age10_15,student,,,k12pub_8th,False,False,walked,WALK
2015000000253-1885804,home,8826969897fffff,7,167,27-28,male,13.0,student__age10_15,student,,,k12pub_8th,False,False,walked,WALK
2015000000253-1885901,home,8826969897fffff,1,0,04-05,male,83.0,retired,nope,,,,False,False,car_truck_van,CAR
2015000000253-1885901,home,8826969897fffff,1,1,05-06,male,83.0,retired,nope,,,,False,False,car_truck_van,CAR
2015000000253-1885901,home,8826969897fffff,1,2,06-07,male,83.0,retired,nope,,,,False,False,car_truck_van,CAR
2015000000253-1885901,home,8826969897fffff,1,3,07-08,male,83.0,retired,nope,,,,False,False,car_truck_van,CAR
2015000000253-1885901,home,8826969897fffff,1,4,08-09,male,83.0,retired,nope,,,,False,False,car_truck_van,CAR
2015000000253-1885901,visit_friends_relatives,8826969899fffff,1,5,09-10,male,83.0,retired,nope,,,,False,False,car_truck_van,CAR
2015000000253-1885901,childcare,8826968325fffff,1,6,10-11,male,83.0,retired,nope,,,,False,False,car_truck_van,CAR
2015000000253-1885901,childcare,8826968325fffff,1,7,11-12,male,83.0,retired,nope,,,,False,False,car_truck_van,CAR
2015000000253-1885901,home,8826969897fffff,1,8,12-13,male,83.0,retired,nope,,,,False,False,car_truck_van,CAR
2015000000253-1885901,home,8826969897fffff,1,9,13-14,male,83.0,retired,nope,,,,False,False,car_truck_van,CAR
2015000000253-1885901,home,8826969897fffff,1,10,14-15,male,83.0,retired,nope,,,,False,False,car_truck_van,CAR
2015000000253-1885901,home,8826969897fffff,1,11,15-16,male,83.0,retired,nope,,,,False,False,car_truck_van,CAR
2015000000253-1885901,home,8826969897fffff,1,12,16-17,male,83.0,retired,nope,,,,False,False,car_truck_van,CAR
2015000000253-1885901,home,8826969897fffff,1,13,17-18,male,83.0,retired,nope,,,,False,False,car_truck_van,CAR
2015000000253-1885901,home,8826969897fffff,1,14,18-19,male,83.0,retired,nope,,,,False,False,car_truck_van,CAR
2015000000253-1885901,home,8826969897fffff,1,15,19-20,male,83.0,retired,nope,,,,False,False,car_truck_van,CAR
2015000000253-1885901,home,8826969897fffff,1,16,20-21,male,83.0,retired,nope,,,,False,False,car_truck_van,CAR
2015000000253-1885901,home,8826969897fffff,1,17,21-22,male,83.0,retired,nope,,,,False,False,car_truck_van,CAR
2015000000253-1885901,home,8826969897fffff,1,18,22-23,male,83.0,retired,nope,,,,False,False,car_truck_van,CAR
2015000000253-1885901,home,8826969897fffff,1,19,23-24,male,83.0,retired,nope,,,,False,False,car_truck_van,CAR
2015000000253-1885901,home,8826969897fffff,1,20,24-25,male,83.0,retired,nope,,,,False,False,car_truck_van,CAR
2015000000253-1885901,home,8826969897fffff,1,21,25-26,male,83.0,retired,nope,,,,False,False,car_truck_van,CAR
2015000000253-1885901,home,8826969897fffff,1,22,26-27,male,83.0,retired,nope,,,,False,False,car_truck_van,CAR
2015000000253-1885901,home,8826969897fffff,1,23,27-28,male,83.0,retired,nope,,,,False,False,car_truck_van,CAR
2015000000253-1885901,home,8826969897fffff,2,24,04-05,male,83.0,retired,nope,,,,False,False,car_truck_van,CAR
2015000000253-1885901,home,8826969897fffff,2,25,05-06,male,83.0,retired,nope,,,,False,False,car_truck_van,CAR
2015000000253-1885901,exercise,8826969893fffff,2,26,06-07,male,83.0,retired,nope,,,,False,False,car_truck_van,CAR
2015000000253-1885901,home,8826969897fffff,2,27,07-08,male,83.0,retired,nope,,,,False,False,car_truck_van,CAR
2015000000253-1885901,home,8826969897fffff,2,28,08-09,male,83.0,retired,nope,,,,False,False,car_truck_van,CAR
2015000000253-1885901,home,8826969897fffff,2,29,09-10,male,83.0,retired,nope,,,,False,False,car_truck_van,CAR
2015000000253-1885901,home,8826969897fffff,2,30,10-11,male,83.0,retired,nope,,,,False,False,car_truck_van,CAR
2015000000253-1885901,home,8826969897fffff,2,31,11-12,male,83.0,retired,nope,,,,False,False,car_truck_van,CAR
2015000000253-1885901,home,8826969897fffff,2,32,12-13,male,83.0,retired,nope,,,,False,False,car_truck_van,CAR
2015000000253-1885901,home,8826969897fffff,2,33,13-14,male,83.0,retired,nope,,,,False,False,car_truck_van,CAR
2015000000253-1885901,home,8826969897fffff,2,34,14-15,male,83.0,retired,nope,,,,False,False,car_truck_van,CAR
2015000000253-1885901,home,8826969897fffff,2,35,15-16,male,83.0,retired,nope,,,,False,False,car_truck_van,CAR
2015000000253-1885901,home,8826969897fffff,2,36,16-17,male,83.0,retired,nope,,,,False,False,car_truck_van,CAR
2015000000253-1885901,home,8826969897fffff,2,37,17-18,male,83.0,retired,nope,,,,False,False,car_truck_van,CAR
2015000000253-1885901,home,8826969897fffff,2,38,18-19,male,83.0,retired,nope,,,,False,False,car_truck_van,CAR
2015000000253-1885901,home,8826969897fffff,2,39,19-20,male,83.0,retired,nope,,,,False,False,car_truck_van,CAR
2015000000253-1885901,home,8826969897fffff,2,40,20-21,male,83.0,retired,nope,,,,False,False,car_truck_van,CAR
2015000000253-1885901,home,8826969897fffff,2,41,21-22,male,83.0,retired,nope,,,,False,False,car_truck_van,CAR
2015000000253-1885901,home,8826969897fffff,2,42,22-23,male,83.0,retired,nope,,,,False,False,car_truck_van,CAR
2015000000253-1885901,home,8826969897fffff,2,43,23-24,male,83.0,retired,nope,,,,False,False,car_truck_van,CAR
2015000000253-1885901,home,8826969897fffff,2,44,24-25,male,83.0,retired,nope,,,,False,False,car_truck_van,CAR
2015000000253-1885901,home,8826969897fffff,2,45,25-26,male,83.0,retired,nope,,,,False,False,car_truck_van,CAR
2015000000253-1885901,home,8826969897fffff,2,46,26-27,male,83.0,retired,nope,,,,False,False,car_truck_van,CAR
2015000000253-1885901,home,8826969897fffff,2,47,27-28,male,83.0,retired,nope,,,,False,False,car_truck_van,CAR
2015000000253-1885901,home,8826969897fffff,3,48,04-05,male,83.0,retired,nope,,,,False,False,car_truck_van,CAR
2015000000253-1885901,home,8826969897fffff,3,49,05-06,male,83.0,retired,nope,,,,False,False,car_truck_van,CAR
2015000000253-1885901,home,8826969897fffff,3,50,06-07,male,83.0,retired,nope,,,,False,False,car_truck_van,CAR
2015000000253-1885901,home,8826969897fffff,3,51,07-08,male,83.0,retired,nope,,,,False,False,car_truck_van,CAR
2015000000253-1885901,home,8826969897fffff,3,52,08-09,male,83.0,retired,nope,,,,False,False,car_truck_van,CAR
2015000000253-1885901,home,8826969897fffff,3,53,09-10,male,83.0,retired,nope,,,,False,False,car_truck_van,CAR
2015000000253-1885901,home,8826969897fffff,3,54,10-11,male,83.0,retired,nope,,,,False,False,car_truck_van,CAR
2015000000253-1885901,exercise,8826968161fffff,3,55,11-12,male,83.0,retired,nope,,,,False,False,car_truck_van,CAR
2015000000253-1885901,exercise,8826968161fffff,3,56,12-13,male,83.0,retired,nope,,,,False,False,car_truck_van,CAR
2015000000253-1885901,exercise,8826968161fffff,3,57,13-14,male,83.0,retired,nope,,,,False,False,car_truck_van,CAR
2015000000253-1885901,home,8826969897fffff,3,58,14-15,male,83.0,retired,nope,,,,False,False,car_truck_van,CAR
2015000000253-1885901,home,8826969897fffff,3,59,15-16,male,83.0,retired,nope,,,,False,False,car_truck_van,CAR
2015000000253-1885901,home,8826969897fffff,3,60,16-17,male,83.0,retired,nope,,,,False,False,car_truck_van,CAR
2015000000253-1885901,home,8826969897fffff,3,61,17-18,male,83.0,retired,nope,,,,False,False,car_truck_van,CAR
2015000000253-1885901,home,8826969897fffff,3,62,18-19,male,83.0,retired,nope,,,,False,False,car_truck_van,CAR
2015000000253-1885901,home,8826969897fffff,3,63,19-20,male,83.0,retired,nope,,,,False,False,car_truck_van,CAR
2015000000253-1885901,home,8826969897fffff,3,64,20-21,male,83.0,retired,nope,,,,False,False,car_truck_van,CAR
2015000000253-1885901,home,8826969897fffff,3,65,21-22,male,83.0,retired,nope,,,,False,False,car_truck_van,CAR
2015000000253-1885901,home,8826969897fffff,3,66,22-23,male,83.0,retired,nope,,,,False,False,car_truck_van,CAR
2015000000253-1885901,home,8826969897fffff,3,67,23-24,male,83.0,retired,nope,,,,False,False,car_truck_van,CAR
2015000000253-1885901,home,8826969897fffff,3,68,24-25,male,83.0,retired,nope,,,,False,False,car_truck_van,CAR
2015000000253-1885901,home,8826969897fffff,3,69,25-26,male,83.0,retired,nope,,,,False,False,car_truck_van,CAR
2015000000253-1885901,home,8826969897fffff,3,70,26-27,male,83.0,retired,nope,,,,False,False,car_truck_van,CAR
2015000000253-1885901,home,8826969897fffff,3,71,27-28,male,83.0,retired,nope,,,,False,False,car_truck_van,CAR
2015000000253-1885901,home,8826969897fffff,4,72,04-05,male,83.0,retired,nope,,,,False,False,car_truck_van,CAR
2015000000253-1885901,home,8826969897fffff,4,73,05-06,male,83.0,retired,nope,,,,False,False,car_truck_van,CAR
2015000000253-1885901,home,8826969897fffff,4,74,06-07,male,83.0,retired,nope,,,,False,False,car_truck_van,CAR
2015000000253-1885901,home,8826969897fffff,4,75,07-08,male,83.0,retired,nope,,,,False,False,car_truck_van,CAR
2015000000253-1885901,home,8826969897fffff,4,76,08-09,male,83.0,retired,nope,,,,False,False,car_truck_van,CAR
2015000000253-1885901,meals,882696989dfffff,4,77,09-10,male,83.0,retired,nope,,,,False,False,car_truck_van,CAR
2015000000253-1885901,meals,882696989dfffff,4,78,10-11,male,83.0,retired,nope,,,,False,False,car_truck_van,CAR
2015000000253-1885901,meals,882696989dfffff,4,79,11-12,male,83.0,retired,nope,,,,False,False,car_truck_van,CAR
2015000000253-1885901,home,8826969897fffff,4,80,12-13,male,83.0,retired,nope,,,,False,False,car_truck_van,CAR
2015000000253-1885901,home,8826969897fffff,4,81,13-14,male,83.0,retired,nope,,,,False,False,car_truck_van,CAR
2015000000253-1885901,home,8826969897fffff,4,82,14-15,male,83.0,retired,nope,,,,False,False,car_truck_van,CAR
2015000000253-1885901,home,8826969897fffff,4,83,15-16,male,83.0,retired,nope,,,,False,False,car_truck_van,CAR
2015000000253-1885901,home,8826969897fffff,4,84,16-17,male,83.0,retired,nope,,,,False,False,car_truck_van,CAR
2015000000253-1885901,home,8826969897fffff,4,85,17-18,male,83.0,retired,nope,,,,False,False,car_truck_van,CAR
2015000000253-1885901,home,8826969897fffff,4,86,18-19,male,83.0,retired,nope,,,,False,False,car_truck_van,CAR
2015000000253-1885901,home,8826969897fffff,4,87,19-20,male,83.0,retired,nope,,,,False,False,car_truck_van,CAR
2015000000253-1885901,home,8826969897fffff,4,88,20-21,male,83.0,retired,nope,,,,False,False,car_truck_van,CAR
2015000000253-1885901,home,8826969897fffff,4,89,21-22,male,83.0,retired,nope,,,,False,False,car_truck_van,CAR
2015000000253-1885901,home,8826969897fffff,4,90,22-23,male,83.0,retired,nope,,,,False,False,car_truck_van,CAR
2015000000253-1885901,home,8826969897fffff,4,91,23-24,male,83.0,retired,nope,,,,False,False,car_truck_van,CAR
2015000000253-1885901,home,8826969897fffff,4,92,24-25,male,83.0,retired,nope,,,,False,False,car_truck_van,CAR
2015000000253-1885901,home,8826969897fffff,4,93,25-26,male,83.0,retired,nope,,,,False,False,car_truck_van,CAR
2015000000253-1885901,home,8826969897fffff,4,94,26-27,male,83.0,retired,nope,,,,False,False,car_truck_van,CAR
2015000000253-1885901,home,8826969897fffff,4,95,27-28,male,83.0,retired,nope,,,,False,False,car_truck_van,CAR
2015000000253-1885901,home,8826969897fffff,5,96,04-05,male,83.0,retired,nope,,,,False,False,car_truck_van,CAR
2015000000253-1885901,home,8826969897fffff,5,97,05-06,male,83.0,retired,nope,,,,False,False,car_truck_van,CAR
2015000000253-1885901,leisure,88269698b9fffff,5,98,06-07,male,83.0,retired,nope,,,,False,False,car_truck_van,CAR
2015000000253-1885901,leisure,88269698b9fffff,5,99,07-08,male,83.0,retired,nope,,,,False,False,car_truck_van,CAR
2015000000253-1885901,leisure,88269698b9fffff,5,100,08-09,male,83.0,retired,nope,,,,False,False,car_truck_van,CAR
2015000000253-1885901,leisure,88269698b9fffff,5,101,09-10,male,83.0,retired,nope,,,,False,False,car_truck_van,CAR
2015000000253-1885901,change_transp,88269698d3fffff,5,102,10-11,male,83.0,retired,nope,,,,False,False,car_truck_van,CAR
2015000000253-1885901,change_transp,8826968303fffff,5,103,11-12,male,83.0,retired,nope,,,,False,False,car_truck_van,CAR
2015000000253-1885901,home,8826969897fffff,5,104,12-13,male,83.0,retired,nope,,,,False,False,car_truck_van,CAR
2015000000253-1885901,home,8826969897fffff,5,105,13-14,male,83.0,retired,nope,,,,False,False,car_truck_van,CAR
2015000000253-1885901,home,8826969897fffff,5,106,14-15,male,83.0,retired,nope,,,,False,False,car_truck_van,CAR
2015000000253-1885901,home,8826969897fffff,5,107,15-16,male,83.0,retired,nope,,,,False,False,car_truck_van,CAR
2015000000253-1885901,home,8826969897fffff,5,108,16-17,male,83.0,retired,nope,,,,False,False,car_truck_van,CAR
2015000000253-1885901,home,8826969897fffff,5,109,17-18,male,83.0,retired,nope,,,,False,False,car_truck_van,CAR
2015000000253-1885901,home,8826969897fffff,5,110,18-19,male,83.0,retired,nope,,,,False,False,car_truck_van,CAR
2015000000253-1885901,home,8826969897fffff,5,111,19-20,male,83.0,retired,nope,,,,False,False,car_truck_van,CAR
2015000000253-1885901,home,8826969897fffff,5,112,20-21,male,83.0,retired,nope,,,,False,False,car_truck_van,CAR
2015000000253-1885901,home,8826969897fffff,5,113,21-22,male,83.0,retired,nope,,,,False,False,car_truck_van,CAR
2015000000253-1885901,home,8826969897fffff,5,114,22-23,male,83.0,retired,nope,,,,False,False,car_truck_van,CAR
2015000000253-1885901,home,8826969897fffff,5,115,23-24,male,83.0,retired,nope,,,,False,False,car_truck_van,CAR
2015000000253-1885901,home,8826969897fffff,5,116,24-25,male,83.0,retired,nope,,,,False,False,car_truck_van,CAR
2015000000253-1885901,home,8826969897fffff,5,117,25-26,male,83.0,retired,nope,,,,False,False,car_truck_van,CAR
2015000000253-1885901,home,8826969897fffff,5,118,26-27,male,83.0,retired,nope,,,,False,False,car_truck_van,CAR
2015000000253-1885901,home,8826969897fffff,5,119,27-28,male,83.0,retired,nope,,,,False,False,car_truck_van,CAR
2015000000253-1885901,home,8826969897fffff,6,120,04-05,male,83.0,retired,nope,,,,False,False,car_truck_van,CAR
2015000000253-1885901,home,8826969897fffff,6,121,05-06,male,83.0,retired,nope,,,,False,False,car_truck_van,CAR
2015000000253-1885901,home,8826969897fffff,6,122,06-07,male,83.0,retired,nope,,,,False,False,car_truck_van,CAR
2015000000253-1885901,retail,8826969893fffff,6,123,07-08,male,83.0,retired,nope,,,,False,False,car_truck_van,CAR
2015000000253-1885901,childcare,88269698bbfffff,6,124,08-09,male,83.0,retired,nope,,,,False,False,car_truck_van,CAR
2015000000253-1885901,home,8826969897fffff,6,125,09-10,male,83.0,retired,nope,,,,False,False,car_truck_van,CAR
2015000000253-1885901,home,8826969897fffff,6,126,10-11,male,83.0,retired,nope,,,,False,False,car_truck_van,CAR
2015000000253-1885901,home,8826969897fffff,6,127,11-12,male,83.0,retired,nope,,,,False,False,car_truck_van,CAR
2015000000253-1885901,home,8826969897fffff,6,128,12-13,male,83.0,retired,nope,,,,False,False,car_truck_van,CAR
2015000000253-1885901,home,8826969897fffff,6,129,13-14,male,83.0,retired,nope,,,,False,False,car_truck_van,CAR
2015000000253-1885901,home,8826969897fffff,6,130,14-15,male,83.0,retired,nope,,,,False,False,car_truck_van,CAR
2015000000253-1885901,home,8826969897fffff,6,131,15-16,male,83.0,retired,nope,,,,False,False,car_truck_van,CAR
2015000000253-1885901,home,8826969897fffff,6,132,16-17,male,83.0,retired,nope,,,,False,False,car_truck_van,CAR
2015000000253-1885901,home,8826969897fffff,6,133,17-18,male,83.0,retired,nope,,,,False,False,car_truck_van,CAR
2015000000253-1885901,home,8826969897fffff,6,134,18-19,male,83.0,retired,nope,,,,False,False,car_truck_van,CAR
2015000000253-1885901,home,8826969897fffff,6,135,19-20,male,83.0,retired,nope,,,,False,False,car_truck_van,CAR
2015000000253-1885901,home,8826969897fffff,6,136,20-21,male,83.0,retired,nope,,,,False,False,car_truck_van,CAR
2015000000253-1885901,home,8826969897fffff,6,137,21-22,male,83.0,retired,nope,,,,False,False,car_truck_van,CAR
2015000000253-1885901,home,8826969897fffff,6,138,22-23,male,83.0,retired,nope,,,,False,False,car_truck_van,CAR
2015000000253-1885901,home,8826969897fffff,6,139,23-24,male,83.0,retired,nope,,,,False,False,car_truck_van,CAR
2015000000253-1885901,home,8826969897fffff,6,140,24-25,male,83.0,retired,nope,,,,False,False,car_truck_van,CAR
2015000000253-1885901,home,8826969897fffff,6,141,25-26,male,83.0,retired,nope,,,,False,False,car_truck_van,CAR
2015000000253-1885901,home,8826969897fffff,6,142,26-27,male,83.0,retired,nope,,,,False,False,car_truck_van,CAR
2015000000253-1885901,home,8826969897fffff,6,143,27-28,male,83.0,retired,nope,,,,False,False,car_truck_van,CAR
2015000000253-1885901,home,8826969897fffff,7,144,04-05,male,83.0,retired,nope,,,,False,False,car_truck_van,CAR
2015000000253-1885901,home,8826969897fffff,7,145,05-06,male,83.0,retired,nope,,,,False,False,car_truck_van,CAR
2015000000253-1885901,home,8826969897fffff,7,146,06-07,male,83.0,retired,nope,,,,False,False,car_truck_van,CAR
2015000000253-1885901,home,8826969897fffff,7,147,07-08,male,83.0,retired,nope,,,,False,False,car_truck_van,CAR
2015000000253-1885901,home,8826969897fffff,7,148,08-09,male,83.0,retired,nope,,,,False,False,car_truck_van,CAR
2015000000253-1885901,volunteer,8826969893fffff,7,149,09-10,male,83.0,retired,nope,,,,False,False,car_truck_van,CAR
2015000000253-1885901,volunteer,8826969893fffff,7,150,10-11,male,83.0,retired,nope,,,,False,False,car_truck_van,CAR
2015000000253-1885901,volunteer,88269698bbfffff,7,151,11-12,male,83.0,retired,nope,,,,False,False,car_truck_van,CAR
2015000000253-1885901,volunteer,8826969893fffff,7,152,12-13,male,83.0,retired,nope,,,,False,False,car_truck_van,CAR
2015000000253-1885901,home,8826969897fffff,7,153,13-14,male,83.0,retired,nope,,,,False,False,car_truck_van,CAR
2015000000253-1885901,home,8826969897fffff,7,154,14-15,male,83.0,retired,nope,,,,False,False,car_truck_van,CAR
2015000000253-1885901,home,8826969897fffff,7,155,15-16,male,83.0,retired,nope,,,,False,False,car_truck_van,CAR
2015000000253-1885901,home,8826969897fffff,7,156,16-17,male,83.0,retired,nope,,,,False,False,car_truck_van,CAR
2015000000253-1885901,home,8826969897fffff,7,157,17-18,male,83.0,retired,nope,,,,False,False,car_truck_van,CAR
2015000000253-1885901,home,8826969897fffff,7,158,18-19,male,83.0,retired,nope,,,,False,False,car_truck_van,CAR
2015000000253-1885901,home,8826969897fffff,7,159,19-20,male,83.0,retired,nope,,,,False,False,car_truck_van,CAR
2015000000253-1885901,home,8826969897fffff,7,160,20-21,male,83.0,retired,nope,,,,False,False,car_truck_van,CAR
2015000000253-1885901,home,8826969897fffff,7,161,21-22,male,83.0,retired,nope,,,,False,False,car_truck_van,CAR
2015000000253-1885901,home,8826969897fffff,7,162,22-23,male,83.0,retired,nope,,,,False,False,car_truck_van,CAR
2015000000253-1885901,home,8826969897fffff,7,163,23-24,male,83.0,retired,nope,,,,False,False,car_truck_van,CAR
2015000000253-1885901,home,8826969897fffff,7,164,24-25,male,83.0,retired,nope,,,,False,False,car_truck_van,CAR
2015000000253-1885901,home,8826969897fffff,7,165,25-26,male,83.0,retired,nope,,,,False,False,car_truck_van,CAR
2015000000253-1885901,home,8826969897fffff,7,166,26-27,male,83.0,retired,nope,,,,False,False,car_truck_van,CAR
2015000000253-1885901,home,8826969897fffff,7,167,27-28,male,83.0,retired,nope,,,,False,False,car_truck_van,CAR
2015000000253-1885902,home,8826969897fffff,1,0,04-05,female,72.0,retired,nope,,,,False,False,car_truck_van,CAR
2015000000253-1885902,home,8826969897fffff,1,1,05-06,female,72.0,retired,nope,,,,False,False,car_truck_van,CAR
2015000000253-1885902,home,8826969897fffff,1,2,06-07,female,72.0,retired,nope,,,,False,False,car_truck_van,CAR
2015000000253-1885902,home,8826969897fffff,1,3,07-08,female,72.0,retired,nope,,,,False,False,car_truck_van,CAR
2015000000253-1885902,home,8826969897fffff,1,4,08-09,female,72.0,retired,nope,,,,False,False,car_truck_van,CAR
2015000000253-1885902,home,8826969897fffff,1,5,09-10,female,72.0,retired,nope,,,,False,False,car_truck_van,CAR
2015000000253-1885902,home,8826969897fffff,1,6,10-11,female,72.0,retired,nope,,,,False,False,car_truck_van,CAR
2015000000253-1885902,home,8826969897fffff,1,7,11-12,female,72.0,retired,nope,,,,False,False,car_truck_van,CAR
2015000000253-1885902,home,8826969897fffff,1,8,12-13,female,72.0,retired,nope,,,,False,False,car_truck_van,CAR
2015000000253-1885902,home,8826969897fffff,1,9,13-14,female,72.0,retired,nope,,,,False,False,car_truck_van,CAR
2015000000253-1885902,home,8826969897fffff,1,10,14-15,female,72.0,retired,nope,,,,False,False,car_truck_van,CAR
2015000000253-1885902,home,8826969897fffff,1,11,15-16,female,72.0,retired,nope,,,,False,False,car_truck_van,CAR
2015000000253-1885902,home,8826969897fffff,1,12,16-17,female,72.0,retired,nope,,,,False,False,car_truck_van,CAR
2015000000253-1885902,home,8826969897fffff,1,13,17-18,female,72.0,retired,nope,,,,False,False,car_truck_van,CAR
2015000000253-1885902,home,8826969897fffff,1,14,18-19,female,72.0,retired,nope,,,,False,False,car_truck_van,CAR
2015000000253-1885902,home,8826969897fffff,1,15,19-20,female,72.0,retired,nope,,,,False,False,car_truck_van,CAR
2015000000253-1885902,home,8826969897fffff,1,16,20-21,female,72.0,retired,nope,,,,False,False,car_truck_van,CAR
2015000000253-1885902,home,8826969897fffff,1,17,21-22,female,72.0,retired,nope,,,,False,False,car_truck_van,CAR
2015000000253-1885902,home,8826969897fffff,1,18,22-23,female,72.0,retired,nope,,,,False,False,car_truck_van,CAR
2015000000253-1885902,home,8826969897fffff,1,19,23-24,female,72.0,retired,nope,,,,False,False,car_truck_van,CAR
2015000000253-1885902,home,8826969897fffff,1,20,24-25,female,72.0,retired,nope,,,,False,False,car_truck_van,CAR
2015000000253-1885902,home,8826969897fffff,1,21,25-26,female,72.0,retired,nope,,,,False,False,car_truck_van,CAR
2015000000253-1885902,home,8826969897fffff,1,22,26-27,female,72.0,retired,nope,,,,False,False,car_truck_van,CAR
2015000000253-1885902,home,8826969897fffff,1,23,27-28,female,72.0,retired,nope,,,,False,False,car_truck_van,CAR
2015000000253-1885902,home,8826969897fffff,2,24,04-05,female,72.0,retired,nope,,,,False,False,car_truck_van,CAR
2015000000253-1885902,home,8826969897fffff,2,25,05-06,female,72.0,retired,nope,,,,False,False,car_truck_van,CAR
2015000000253-1885902,home,8826969897fffff,2,26,06-07,female,72.0,retired,nope,,,,False,False,car_truck_van,CAR
2015000000253-1885902,home,8826969897fffff,2,27,07-08,female,72.0,retired,nope,,,,False,False,car_truck_van,CAR
2015000000253-1885902,medical,8826968169fffff,2,28,08-09,female,72.0,retired,nope,,,,False,False,car_truck_van,CAR
2015000000253-1885902,home,8826969897fffff,2,29,09-10,female,72.0,retired,nope,,,,False,False,car_truck_van,CAR
2015000000253-1885902,home,8826969897fffff,2,30,10-11,female,72.0,retired,nope,,,,False,False,car_truck_van,CAR
2015000000253-1885902,home,8826969897fffff,2,31,11-12,female,72.0,retired,nope,,,,False,False,car_truck_van,CAR
2015000000253-1885902,home,8826969897fffff,2,32,12-13,female,72.0,retired,nope,,,,False,False,car_truck_van,CAR
2015000000253-1885902,home,8826969897fffff,2,33,13-14,female,72.0,retired,nope,,,,False,False,car_truck_van,CAR
2015000000253-1885902,home,8826969897fffff,2,34,14-15,female,72.0,retired,nope,,,,False,False,car_truck_van,CAR
2015000000253-1885902,home,8826969897fffff,2,35,15-16,female,72.0,retired,nope,,,,False,False,car_truck_van,CAR
2015000000253-1885902,home,8826969897fffff,2,36,16-17,female,72.0,retired,nope,,,,False,False,car_truck_van,CAR
2015000000253-1885902,home,8826969897fffff,2,37,17-18,female,72.0,retired,nope,,,,False,False,car_truck_van,CAR
2015000000253-1885902,home,8826969897fffff,2,38,18-19,female,72.0,retired,nope,,,,False,False,car_truck_van,CAR
2015000000253-1885902,home,8826969897fffff,2,39,19-20,female,72.0,retired,nope,,,,False,False,car_truck_van,CAR
2015000000253-1885902,home,8826969897fffff,2,40,20-21,female,72.0,retired,nope,,,,False,False,car_truck_van,CAR
2015000000253-1885902,home,8826969897fffff,2,41,21-22,female,72.0,retired,nope,,,,False,False,car_truck_van,CAR
2015000000253-1885902,home,8826969897fffff,2,42,22-23,female,72.0,retired,nope,,,,False,False,car_truck_van,CAR
2015000000253-1885902,home,8826969897fffff,2,43,23-24,female,72.0,retired,nope,,,,False,False,car_truck_van,CAR
2015000000253-1885902,home,8826969897fffff,2,44,24-25,female,72.0,retired,nope,,,,False,False,car_truck_van,CAR
2015000000253-1885902,home,8826969897fffff,2,45,25-26,female,72.0,retired,nope,,,,False,False,car_truck_van,CAR
2015000000253-1885902,home,8826969897fffff,2,46,26-27,female,72.0,retired,nope,,,,False,False,car_truck_van,CAR
2015000000253-1885902,home,8826969897fffff,2,47,27-28,female,72.0,retired,nope,,,,False,False,car_truck_van,CAR
2015000000253-1885902,home,8826969897fffff,3,48,04-05,female,72.0,retired,nope,,,,False,False,car_truck_van,CAR
2015000000253-1885902,home,8826969897fffff,3,49,05-06,female,72.0,retired,nope,,,,False,False,car_truck_van,CAR
2015000000253-1885902,home,8826969897fffff,3,50,06-07,female,72.0,retired,nope,,,,False,False,car_truck_van,CAR
2015000000253-1885902,home,8826969897fffff,3,51,07-08,female,72.0,retired,nope,,,,False,False,car_truck_van,CAR
2015000000253-1885902,home,8826969897fffff,3,52,08-09,female,72.0,retired,nope,,,,False,False,car_truck_van,CAR
2015000000253-1885902,home,8826969897fffff,3,53,09-10,female,72.0,retired,nope,,,,False,False,car_truck_van,CAR
2015000000253-1885902,services,8826969895fffff,3,54,10-11,female,72.0,retired,nope,,,,False,False,car_truck_van,CAR
2015000000253-1885902,home,8826969897fffff,3,55,11-12,female,72.0,retired,nope,,,,False,False,car_truck_van,CAR
2015000000253-1885902,home,8826969897fffff,3,56,12-13,female,72.0,retired,nope,,,,False,False,car_truck_van,CAR
2015000000253-1885902,home,8826969897fffff,3,57,13-14,female,72.0,retired,nope,,,,False,False,car_truck_van,CAR
2015000000253-1885902,home,8826969897fffff,3,58,14-15,female,72.0,retired,nope,,,,False,False,car_truck_van,CAR
2015000000253-1885902,home,8826969897fffff,3,59,15-16,female,72.0,retired,nope,,,,False,False,car_truck_van,CAR
2015000000253-1885902,home,8826969897fffff,3,60,16-17,female,72.0,retired,nope,,,,False,False,car_truck_van,CAR
2015000000253-1885902,home,8826969897fffff,3,61,17-18,female,72.0,retired,nope,,,,False,False,car_truck_van,CAR
2015000000253-1885902,home,8826969897fffff,3,62,18-19,female,72.0,retired,nope,,,,False,False,car_truck_van,CAR
2015000000253-1885902,home,8826969897fffff,3,63,19-20,female,72.0,retired,nope,,,,False,False,car_truck_van,CAR
2015000000253-1885902,home,8826969897fffff,3,64,20-21,female,72.0,retired,nope,,,,False,False,car_truck_van,CAR
2015000000253-1885902,home,8826969897fffff,3,65,21-22,female,72.0,retired,nope,,,,False,False,car_truck_van,CAR
2015000000253-1885902,home,8826969897fffff,3,66,22-23,female,72.0,retired,nope,,,,False,False,car_truck_van,CAR
2015000000253-1885902,home,8826969897fffff,3,67,23-24,female,72.0,retired,nope,,,,False,False,car_truck_van,CAR
2015000000253-1885902,home,8826969897fffff,3,68,24-25,female,72.0,retired,nope,,,,False,False,car_truck_van,CAR
2015000000253-1885902,home,8826969897fffff,3,69,25-26,female,72.0,retired,nope,,,,False,False,car_truck_van,CAR
2015000000253-1885902,home,8826969897fffff,3,70,26-27,female,72.0,retired,nope,,,,False,False,car_truck_van,CAR
2015000000253-1885902,home,8826969897fffff,3,71,27-28,female,72.0,retired,nope,,,,False,False,car_truck_van,CAR
2015000000253-1885902,home,8826969897fffff,4,72,04-05,female,72.0,retired,nope,,,,False,False,car_truck_van,CAR
2015000000253-1885902,services,8826969891fffff,4,73,05-06,female,72.0,retired,nope,,,,False,False,car_truck_van,CAR
2015000000253-1885902,home,8826969897fffff,4,74,06-07,female,72.0,retired,nope,,,,False,False,car_truck_van,CAR
2015000000253-1885902,home,8826969897fffff,4,75,07-08,female,72.0,retired,nope,,,,False,False,car_truck_van,CAR
2015000000253-1885902,home,8826969897fffff,4,76,08-09,female,72.0,retired,nope,,,,False,False,car_truck_van,CAR
2015000000253-1885902,home,8826969897fffff,4,77,09-10,female,72.0,retired,nope,,,,False,False,car_truck_van,CAR
2015000000253-1885902,home,8826969897fffff,4,78,10-11,female,72.0,retired,nope,,,,False,False,car_truck_van,CAR
2015000000253-1885902,home,8826969897fffff,4,79,11-12,female,72.0,retired,nope,,,,False,False,car_truck_van,CAR
2015000000253-1885902,home,8826969897fffff,4,80,12-13,female,72.0,retired,nope,,,,False,False,car_truck_van,CAR
2015000000253-1885902,home,8826969897fffff,4,81,13-14,female,72.0,retired,nope,,,,False,False,car_truck_van,CAR
2015000000253-1885902,home,8826969897fffff,4,82,14-15,female,72.0,retired,nope,,,,False,False,car_truck_van,CAR
2015000000253-1885902,home,8826969897fffff,4,83,15-16,female,72.0,retired,nope,,,,False,False,car_truck_van,CAR
2015000000253-1885902,home,8826969897fffff,4,84,16-17,female,72.0,retired,nope,,,,False,False,car_truck_van,CAR
2015000000253-1885902,home,8826969897fffff,4,85,17-18,female,72.0,retired,nope,,,,False,False,car_truck_van,CAR
2015000000253-1885902,home,8826969897fffff,4,86,18-19,female,72.0,retired,nope,,,,False,False,car_truck_van,CAR
2015000000253-1885902,home,8826969897fffff,4,87,19-20,female,72.0,retired,nope,,,,False,False,car_truck_van,CAR
2015000000253-1885902,home,8826969897fffff,4,88,20-21,female,72.0,retired,nope,,,,False,False,car_truck_van,CAR
2015000000253-1885902,home,8826969897fffff,4,89,21-22,female,72.0,retired,nope,,,,False,False,car_truck_van,CAR
2015000000253-1885902,home,8826969897fffff,4,90,22-23,female,72.0,retired,nope,,,,False,False,car_truck_van,CAR
2015000000253-1885902,home,8826969897fffff,4,91,23-24,female,72.0,retired,nope,,,,False,False,car_truck_van,CAR
2015000000253-1885902,home,8826969897fffff,4,92,24-25,female,72.0,retired,nope,,,,False,False,car_truck_van,CAR
2015000000253-1885902,home,8826969897fffff,4,93,25-26,female,72.0,retired,nope,,,,False,False,car_truck_van,CAR
2015000000253-1885902,home,8826969897fffff,4,94,26-27,female,72.0,retired,nope,,,,False,False,car_truck_van,CAR
2015000000253-1885902,home,8826969897fffff,4,95,27-28,female,72.0,retired,nope,,,,False,False,car_truck_van,CAR
2015000000253-1885902,home,8826969897fffff,5,96,04-05,female,72.0,retired,nope,,,,False,False,car_truck_van,CAR
2015000000253-1885902,home,8826969897fffff,5,97,05-06,female,72.0,retired,nope,,,,False,False,car_truck_van,CAR
2015000000253-1885902,home,8826969897fffff,5,98,06-07,female,72.0,retired,nope,,,,False,False,car_truck_van,CAR
2015000000253-1885902,home,8826969897fffff,5,99,07-08,female,72.0,retired,nope,,,,False,False,car_truck_van,CAR
2015000000253-1885902,home,8826969897fffff,5,100,08-09,female,72.0,retired,nope,,,,False,False,car_truck_van,CAR
2015000000253-1885902,home,8826969897fffff,5,101,09-10,female,72.0,retired,nope,,,,False,False,car_truck_van,CAR
2015000000253-1885902,home,8826969897fffff,5,102,10-11,female,72.0,retired,nope,,,,False,False,car_truck_van,CAR
2015000000253-1885902,home,8826969897fffff,5,103,11-12,female,72.0,retired,nope,,,,False,False,car_truck_van,CAR
2015000000253-1885902,home,8826969897fffff,5,104,12-13,female,72.0,retired,nope,,,,False,False,car_truck_van,CAR
2015000000253-1885902,home,8826969897fffff,5,105,13-14,female,72.0,retired,nope,,,,False,False,car_truck_van,CAR
2015000000253-1885902,home,8826969897fffff,5,106,14-15,female,72.0,retired,nope,,,,False,False,car_truck_van,CAR
2015000000253-1885902,home,8826969897fffff,5,107,15-16,female,72.0,retired,nope,,,,False,False,car_truck_van,CAR
2015000000253-1885902,home,8826969897fffff,5,108,16-17,female,72.0,retired,nope,,,,False,False,car_truck_van,CAR
2015000000253-1885902,home,8826969897fffff,5,109,17-18,female,72.0,retired,nope,,,,False,False,car_truck_van,CAR
2015000000253-1885902,home,8826969897fffff,5,110,18-19,female,72.0,retired,nope,,,,False,False,car_truck_van,CAR
2015000000253-1885902,home,8826969897fffff,5,111,19-20,female,72.0,retired,nope,,,,False,False,car_truck_van,CAR
2015000000253-1885902,home,8826969897fffff,5,112,20-21,female,72.0,retired,nope,,,,False,False,car_truck_van,CAR
2015000000253-1885902,home,8826969897fffff,5,113,21-22,female,72.0,retired,nope,,,,False,False,car_truck_van,CAR
2015000000253-1885902,home,8826969897fffff,5,114,22-23,female,72.0,retired,nope,,,,False,False,car_truck_van,CAR
2015000000253-1885902,home,8826969897fffff,5,115,23-24,female,72.0,retired,nope,,,,False,False,car_truck_van,CAR
2015000000253-1885902,home,8826969897fffff,5,116,24-25,female,72.0,retired,nope,,,,False,False,car_truck_van,CAR
2015000000253-1885902,home,8826969897fffff,5,117,25-26,female,72.0,retired,nope,,,,False,False,car_truck_van,CAR
2015000000253-1885902,home,8826969897fffff,5,118,26-27,female,72.0,retired,nope,,,,False,False,car_truck_van,CAR
2015000000253-1885902,home,8826969897fffff,5,119,27-28,female,72.0,retired,nope,,,,False,False,car_truck_van,CAR
2015000000253-1885902,home,8826969897fffff,6,120,04-05,female,72.0,retired,nope,,,,False,False,car_truck_van,CAR
2015000000253-1885902,retail,88269698bbfffff,6,121,05-06,female,72.0,retired,nope,,,,False,False,car_truck_van,CAR
2015000000253-1885902,childcare,88269698bbfffff,6,122,06-07,female,72.0,retired,nope,,,,False,False,car_truck_van,CAR
2015000000253-1885902,home,8826969897fffff,6,123,07-08,female,72.0,retired,nope,,,,False,False,car_truck_van,CAR
2015000000253-1885902,home,8826969897fffff,6,124,08-09,female,72.0,retired,nope,,,,False,False,car_truck_van,CAR
2015000000253-1885902,home,8826969897fffff,6,125,09-10,female,72.0,retired,nope,,,,False,False,car_truck_van,CAR
2015000000253-1885902,home,8826969897fffff,6,126,10-11,female,72.0,retired,nope,,,,False,False,car_truck_van,CAR
2015000000253-1885902,home,8826969897fffff,6,127,11-12,female,72.0,retired,nope,,,,False,False,car_truck_van,CAR
2015000000253-1885902,home,8826969897fffff,6,128,12-13,female,72.0,retired,nope,,,,False,False,car_truck_van,CAR
2015000000253-1885902,home,8826969897fffff,6,129,13-14,female,72.0,retired,nope,,,,False,False,car_truck_van,CAR
2015000000253-1885902,home,8826969897fffff,6,130,14-15,female,72.0,retired,nope,,,,False,False,car_truck_van,CAR
2015000000253-1885902,home,8826969897fffff,6,131,15-16,female,72.0,retired,nope,,,,False,False,car_truck_van,CAR
2015000000253-1885902,home,8826969897fffff,6,132,16-17,female,72.0,retired,nope,,,,False,False,car_truck_van,CAR
2015000000253-1885902,home,8826969897fffff,6,133,17-18,female,72.0,retired,nope,,,,False,False,car_truck_van,CAR
2015000000253-1885902,home,8826969897fffff,6,134,18-19,female,72.0,retired,nope,,,,False,False,car_truck_van,CAR
2015000000253-1885902,home,8826969897fffff,6,135,19-20,female,72.0,retired,nope,,,,False,False,car_truck_van,CAR
2015000000253-1885902,home,8826969897fffff,6,136,20-21,female,72.0,retired,nope,,,,False,False,car_truck_van,CAR
2015000000253-1885902,home,8826969897fffff,6,137,21-22,female,72.0,retired,nope,,,,False,False,car_truck_van,CAR
2015000000253-1885902,home,8826969897fffff,6,138,22-23,female,72.0,retired,nope,,,,False,False,car_truck_van,CAR
2015000000253-1885902,home,8826969897fffff,6,139,23-24,female,72.0,retired,nope,,,,False,False,car_truck_van,CAR
2015000000253-1885902,home,8826969897fffff,6,140,24-25,female,72.0,retired,nope,,,,False,False,car_truck_van,CAR
2015000000253-1885902,home,8826969897fffff,6,141,25-26,female,72.0,retired,nope,,,,False,False,car_truck_van,CAR
2015000000253-1885902,home,8826969897fffff,6,142,26-27,female,72.0,retired,nope,,,,False,False,car_truck_van,CAR
2015000000253-1885902,home,8826969897fffff,6,143,27-28,female,72.0,retired,nope,,,,False,False,car_truck_van,CAR
2015000000253-1885902,home,8826969897fffff,7,144,04-05,female,72.0,retired,nope,,,,False,False,car_truck_van,CAR
2015000000253-1885902,home,8826969897fffff,7,145,05-06,female,72.0,retired,nope,,,,False,False,car_truck_van,CAR
2015000000253-1885902,retail,882696989bfffff,7,146,06-07,female,72.0,retired,nope,,,,False,False,car_truck_van,CAR
2015000000253-1885902,volunteer,882696814dfffff,7,147,07-08,female,72.0,retired,nope,,,,False,False,car_truck_van,CAR
2015000000253-1885902,volunteer,882696814dfffff,7,148,08-09,female,72.0,retired,nope,,,,False,False,car_truck_van,CAR
2015000000253-1885902,volunteer,8826968323fffff,7,149,09-10,female,72.0,retired,nope,,,,False,False,car_truck_van,CAR
2015000000253-1885902,volunteer,8826968321fffff,7,150,10-11,female,72.0,retired,nope,,,,False,False,car_truck_van,CAR
2015000000253-1885902,volunteer,882696832bfffff,7,151,11-12,female,72.0,retired,nope,,,,False,False,car_truck_van,CAR
2015000000253-1885902,home,8826969897fffff,7,152,12-13,female,72.0,retired,nope,,,,False,False,car_truck_van,CAR
2015000000253-1885902,home,8826969897fffff,7,153,13-14,female,72.0,retired,nope,,,,False,False,car_truck_van,CAR
2015000000253-1885902,home,8826969897fffff,7,154,14-15,female,72.0,retired,nope,,,,False,False,car_truck_van,CAR
2015000000253-1885902,home,8826969897fffff,7,155,15-16,female,72.0,retired,nope,,,,False,False,car_truck_van,CAR
2015000000253-1885902,home,8826969897fffff,7,156,16-17,female,72.0,retired,nope,,,,False,False,car_truck_van,CAR
2015000000253-1885902,home,8826969897fffff,7,157,17-18,female,72.0,retired,nope,,,,False,False,car_truck_van,CAR
2015000000253-1885902,home,8826969897fffff,7,158,18-19,female,72.0,retired,nope,,,,False,False,car_truck_van,CAR
2015000000253-1885902,home,8826969897fffff,7,159,19-20,female,72.0,retired,nope,,,,False,False,car_truck_van,CAR
2015000000253-1885902,home,8826969897fffff,7,160,20-21,female,72.0,retired,nope,,,,False,False,car_truck_van,CAR
2015000000253-1885902,home,8826969897fffff,7,161,21-22,female,72.0,retired,nope,,,,False,False,car_truck_van,CAR
2015000000253-1885902,home,8826969897fffff,7,162,22-23,female,72.0,retired,nope,,,,False,False,car_truck_van,CAR
2015000000253-1885902,home,8826969897fffff,7,163,23-24,female,72.0,retired,nope,,,,False,False,car_truck_van,CAR
2015000000253-1885902,home,8826969897fffff,7,164,24-25,female,72.0,retired,nope,,,,False,False,car_truck_van,CAR
2015000000253-1885902,home,8826969897fffff,7,165,25-26,female,72.0,retired,nope,,,,False,False,car_truck_van,CAR
2015000000253-1885902,home,8826969897fffff,7,166,26-27,female,72.0,retired,nope,,,,False,False,car_truck_van,CAR
2015000000253-1885902,home,8826969897fffff,7,167,27-28,female,72.0,retired,nope,,,,False,False,car_truck_van,CAR
2015000000253-1885903,home,8826969897fffff,1,0,04-05,male,16.0,student__lf_elig,student,,,k12pub_10th,False,False,car_truck_van,CAR
2015000000253-1885903,home,8826969897fffff,1,1,05-06,male,16.0,student__lf_elig,student,,,k12pub_10th,False,False,car_truck_van,CAR
2015000000253-1885903,home,8826969897fffff,1,2,06-07,male,16.0,student__lf_elig,student,,,k12pub_10th,False,False,car_truck_van,CAR
2015000000253-1885903,home,8826969897fffff,1,3,07-08,male,16.0,student__lf_elig,student,,,k12pub_10th,False,False,car_truck_van,CAR
2015000000253-1885903,change_transp,88269698d9fffff,1,4,08-09,male,16.0,student__lf_elig,student,,,k12pub_10th,False,False,car_truck_van,CAR
2015000000253-1885903,home,8826969897fffff,1,5,09-10,male,16.0,student__lf_elig,student,,,k12pub_10th,False,False,car_truck_van,CAR
2015000000253-1885903,home,8826969897fffff,1,6,10-11,male,16.0,student__lf_elig,student,,,k12pub_10th,False,False,car_truck_van,CAR
2015000000253-1885903,home,8826969897fffff,1,7,11-12,male,16.0,student__lf_elig,student,,,k12pub_10th,False,False,car_truck_van,CAR
2015000000253-1885903,home,8826969897fffff,1,8,12-13,male,16.0,student__lf_elig,student,,,k12pub_10th,False,False,car_truck_van,CAR
2015000000253-1885903,home,8826969897fffff,1,9,13-14,male,16.0,student__lf_elig,student,,,k12pub_10th,False,False,car_truck_van,CAR
2015000000253-1885903,home,8826969897fffff,1,10,14-15,male,16.0,student__lf_elig,student,,,k12pub_10th,False,False,car_truck_van,CAR
2015000000253-1885903,home,8826969897fffff,1,11,15-16,male,16.0,student__lf_elig,student,,,k12pub_10th,False,False,car_truck_van,CAR
2015000000253-1885903,home,8826969897fffff,1,12,16-17,male,16.0,student__lf_elig,student,,,k12pub_10th,False,False,car_truck_van,CAR
2015000000253-1885903,home,8826969897fffff,1,13,17-18,male,16.0,student__lf_elig,student,,,k12pub_10th,False,False,car_truck_van,CAR
2015000000253-1885903,home,8826969897fffff,1,14,18-19,male,16.0,student__lf_elig,student,,,k12pub_10th,False,False,car_truck_van,CAR
2015000000253-1885903,home,8826969897fffff,1,15,19-20,male,16.0,student__lf_elig,student,,,k12pub_10th,False,False,car_truck_van,CAR
2015000000253-1885903,home,8826969897fffff,1,16,20-21,male,16.0,student__lf_elig,student,,,k12pub_10th,False,False,car_truck_van,CAR
2015000000253-1885903,home,8826969897fffff,1,17,21-22,male,16.0,student__lf_elig,student,,,k12pub_10th,False,False,car_truck_van,CAR
2015000000253-1885903,home,8826969897fffff,1,18,22-23,male,16.0,student__lf_elig,student,,,k12pub_10th,False,False,car_truck_van,CAR
2015000000253-1885903,home,8826969897fffff,1,19,23-24,male,16.0,student__lf_elig,student,,,k12pub_10th,False,False,car_truck_van,CAR
2015000000253-1885903,home,8826969897fffff,1,20,24-25,male,16.0,student__lf_elig,student,,,k12pub_10th,False,False,car_truck_van,CAR
2015000000253-1885903,home,8826969897fffff,1,21,25-26,male,16.0,student__lf_elig,student,,,k12pub_10th,False,False,car_truck_van,CAR
2015000000253-1885903,home,8826969897fffff,1,22,26-27,male,16.0,student__lf_elig,student,,,k12pub_10th,False,False,car_truck_van,CAR
2015000000253-1885903,home,8826969897fffff,1,23,27-28,male,16.0,student__lf_elig,student,,,k12pub_10th,False,False,car_truck_van,CAR
2015000000253-1885903,home,8826969897fffff,2,24,04-05,male,16.0,student__lf_elig,student,,,k12pub_10th,False,False,car_truck_van,CAR
2015000000253-1885903,home,8826969897fffff,2,25,05-06,male,16.0,student__lf_elig,student,,,k12pub_10th,False,False,car_truck_van,CAR
2015000000253-1885903,home,8826969897fffff,2,26,06-07,male,16.0,student__lf_elig,student,,,k12pub_10th,False,False,car_truck_van,CAR
2015000000253-1885903,school,8826968147fffff,2,27,07-08,male,16.0,student__lf_elig,student,,,k12pub_10th,False,False,car_truck_van,CAR
2015000000253-1885903,school,8826968147fffff,2,28,08-09,male,16.0,student__lf_elig,student,,,k12pub_10th,False,False,car_truck_van,CAR
2015000000253-1885903,school,8826968147fffff,2,29,09-10,male,16.0,student__lf_elig,student,,,k12pub_10th,False,False,car_truck_van,CAR
2015000000253-1885903,school,8826968147fffff,2,30,10-11,male,16.0,student__lf_elig,student,,,k12pub_10th,False,False,car_truck_van,CAR
2015000000253-1885903,school,8826968147fffff,2,31,11-12,male,16.0,student__lf_elig,student,,,k12pub_10th,False,False,car_truck_van,CAR
2015000000253-1885903,school,8826968147fffff,2,32,12-13,male,16.0,student__lf_elig,student,,,k12pub_10th,False,False,car_truck_van,CAR
2015000000253-1885903,home,8826969897fffff,2,33,13-14,male,16.0,student__lf_elig,student,,,k12pub_10th,False,False,car_truck_van,CAR
2015000000253-1885903,home,8826969897fffff,2,34,14-15,male,16.0,student__lf_elig,student,,,k12pub_10th,False,False,car_truck_van,CAR
2015000000253-1885903,home,8826969897fffff,2,35,15-16,male,16.0,student__lf_elig,student,,,k12pub_10th,False,False,car_truck_van,CAR
2015000000253-1885903,home,8826969897fffff,2,36,16-17,male,16.0,student__lf_elig,student,,,k12pub_10th,False,False,car_truck_van,CAR
2015000000253-1885903,home,8826969897fffff,2,37,17-18,male,16.0,student__lf_elig,student,,,k12pub_10th,False,False,car_truck_van,CAR
2015000000253-1885903,home,8826969897fffff,2,38,18-19,male,16.0,student__lf_elig,student,,,k12pub_10th,False,False,car_truck_van,CAR
2015000000253-1885903,home,8826969897fffff,2,39,19-20,male,16.0,student__lf_elig,student,,,k12pub_10th,False,False,car_truck_van,CAR
2015000000253-1885903,home,8826969897fffff,2,40,20-21,male,16.0,student__lf_elig,student,,,k12pub_10th,False,False,car_truck_van,CAR
2015000000253-1885903,home,8826969897fffff,2,41,21-22,male,16.0,student__lf_elig,student,,,k12pub_10th,False,False,car_truck_van,CAR
2015000000253-1885903,home,8826969897fffff,2,42,22-23,male,16.0,student__lf_elig,student,,,k12pub_10th,False,False,car_truck_van,CAR
2015000000253-1885903,home,8826969897fffff,2,43,23-24,male,16.0,student__lf_elig,student,,,k12pub_10th,False,False,car_truck_van,CAR
2015000000253-1885903,home,8826969897fffff,2,44,24-25,male,16.0,student__lf_elig,student,,,k12pub_10th,False,False,car_truck_van,CAR
2015000000253-1885903,home,8826969897fffff,2,45,25-26,male,16.0,student__lf_elig,student,,,k12pub_10th,False,False,car_truck_van,CAR
2015000000253-1885903,home,8826969897fffff,2,46,26-27,male,16.0,student__lf_elig,student,,,k12pub_10th,False,False,car_truck_van,CAR
2015000000253-1885903,home,8826969897fffff,2,47,27-28,male,16.0,student__lf_elig,student,,,k12pub_10th,False,False,car_truck_van,CAR
2015000000253-1885903,home,8826969897fffff,3,48,04-05,male,16.0,student__lf_elig,student,,,k12pub_10th,False,False,car_truck_van,CAR
2015000000253-1885903,home,8826969897fffff,3,49,05-06,male,16.0,student__lf_elig,student,,,k12pub_10th,False,False,car_truck_van,CAR
2015000000253-1885903,home,8826969897fffff,3,50,06-07,male,16.0,student__lf_elig,student,,,k12pub_10th,False,False,car_truck_van,CAR
2015000000253-1885903,school,8826968147fffff,3,51,07-08,male,16.0,student__lf_elig,student,,,k12pub_10th,False,False,car_truck_van,CAR
2015000000253-1885903,school,8826968147fffff,3,52,08-09,male,16.0,student__lf_elig,student,,,k12pub_10th,False,False,car_truck_van,CAR
2015000000253-1885903,school,8826968147fffff,3,53,09-10,male,16.0,student__lf_elig,student,,,k12pub_10th,False,False,car_truck_van,CAR
2015000000253-1885903,school,8826968147fffff,3,54,10-11,male,16.0,student__lf_elig,student,,,k12pub_10th,False,False,car_truck_van,CAR
2015000000253-1885903,school,8826968147fffff,3,55,11-12,male,16.0,student__lf_elig,student,,,k12pub_10th,False,False,car_truck_van,CAR
2015000000253-1885903,school,8826968147fffff,3,56,12-13,male,16.0,student__lf_elig,student,,,k12pub_10th,False,False,car_truck_van,CAR
2015000000253-1885903,school,8826968147fffff,3,57,13-14,male,16.0,student__lf_elig,student,,,k12pub_10th,False,False,car_truck_van,CAR
2015000000253-1885903,school,8826968147fffff,3,58,14-15,male,16.0,student__lf_elig,student,,,k12pub_10th,False,False,car_truck_van,CAR
2015000000253-1885903,school,8826968147fffff,3,59,15-16,male,16.0,student__lf_elig,student,,,k12pub_10th,False,False,car_truck_van,CAR
2015000000253-1885903,school,8826968147fffff,3,60,16-17,male,16.0,student__lf_elig,student,,,k12pub_10th,False,False,car_truck_van,CAR
2015000000253-1885903,visit_friends_relatives,882696811dfffff,3,61,17-18,male,16.0,student__lf_elig,student,,,k12pub_10th,False,False,car_truck_van,CAR
2015000000253-1885903,visit_friends_relatives,882696811dfffff,3,62,18-19,male,16.0,student__lf_elig,student,,,k12pub_10th,False,False,car_truck_van,CAR
2015000000253-1885903,visit_friends_relatives,882696811dfffff,3,63,19-20,male,16.0,student__lf_elig,student,,,k12pub_10th,False,False,car_truck_van,CAR
2015000000253-1885903,home,8826969897fffff,3,64,20-21,male,16.0,student__lf_elig,student,,,k12pub_10th,False,False,car_truck_van,CAR
2015000000253-1885903,home,8826969897fffff,3,65,21-22,male,16.0,student__lf_elig,student,,,k12pub_10th,False,False,car_truck_van,CAR
2015000000253-1885903,home,8826969897fffff,3,66,22-23,male,16.0,student__lf_elig,student,,,k12pub_10th,False,False,car_truck_van,CAR
2015000000253-1885903,home,8826969897fffff,3,67,23-24,male,16.0,student__lf_elig,student,,,k12pub_10th,False,False,car_truck_van,CAR
2015000000253-1885903,home,8826969897fffff,3,68,24-25,male,16.0,student__lf_elig,student,,,k12pub_10th,False,False,car_truck_van,CAR
2015000000253-1885903,home,8826969897fffff,3,69,25-26,male,16.0,student__lf_elig,student,,,k12pub_10th,False,False,car_truck_van,CAR
2015000000253-1885903,home,8826969897fffff,3,70,26-27,male,16.0,student__lf_elig,student,,,k12pub_10th,False,False,car_truck_van,CAR
2015000000253-1885903,home,8826969897fffff,3,71,27-28,male,16.0,student__lf_elig,student,,,k12pub_10th,False,False,car_truck_van,CAR
2015000000253-1885903,home,8826969897fffff,4,72,04-05,male,16.0,student__lf_elig,student,,,k12pub_10th,False,False,car_truck_van,CAR
2015000000253-1885903,home,8826969897fffff,4,73,05-06,male,16.0,student__lf_elig,student,,,k12pub_10th,False,False,car_truck_van,CAR
2015000000253-1885903,home,8826969897fffff,4,74,06-07,male,16.0,student__lf_elig,student,,,k12pub_10th,False,False,car_truck_van,CAR
2015000000253-1885903,school,8826968147fffff,4,75,07-08,male,16.0,student__lf_elig,student,,,k12pub_10th,False,False,car_truck_van,CAR
2015000000253-1885903,school,8826968147fffff,4,76,08-09,male,16.0,student__lf_elig,student,,,k12pub_10th,False,False,car_truck_van,CAR
2015000000253-1885903,school,8826968147fffff,4,77,09-10,male,16.0,student__lf_elig,student,,,k12pub_10th,False,False,car_truck_van,CAR
2015000000253-1885903,school,8826968147fffff,4,78,10-11,male,16.0,student__lf_elig,student,,,k12pub_10th,False,False,car_truck_van,CAR
2015000000253-1885903,school,8826968147fffff,4,79,11-12,male,16.0,student__lf_elig,student,,,k12pub_10th,False,False,car_truck_van,CAR
2015000000253-1885903,exercise,8826968155fffff,4,80,12-13,male,16.0,student__lf_elig,student,,,k12pub_10th,False,False,car_truck_van,CAR
2015000000253-1885903,exercise,8826968155fffff,4,81,13-14,male,16.0,student__lf_elig,student,,,k12pub_10th,False,False,car_truck_van,CAR
2015000000253-1885903,exercise,8826968101fffff,4,82,14-15,male,16.0,student__lf_elig,student,,,k12pub_10th,False,False,car_truck_van,CAR
2015000000253-1885903,home,8826969897fffff,4,83,15-16,male,16.0,student__lf_elig,student,,,k12pub_10th,False,False,car_truck_van,CAR
2015000000253-1885903,home,8826969897fffff,4,84,16-17,male,16.0,student__lf_elig,student,,,k12pub_10th,False,False,car_truck_van,CAR
2015000000253-1885903,home,8826969897fffff,4,85,17-18,male,16.0,student__lf_elig,student,,,k12pub_10th,False,False,car_truck_van,CAR
2015000000253-1885903,home,8826969897fffff,4,86,18-19,male,16.0,student__lf_elig,student,,,k12pub_10th,False,False,car_truck_van,CAR
2015000000253-1885903,home,8826969897fffff,4,87,19-20,male,16.0,student__lf_elig,student,,,k12pub_10th,False,False,car_truck_van,CAR
2015000000253-1885903,home,8826969897fffff,4,88,20-21,male,16.0,student__lf_elig,student,,,k12pub_10th,False,False,car_truck_van,CAR
2015000000253-1885903,home,8826969897fffff,4,89,21-22,male,16.0,student__lf_elig,student,,,k12pub_10th,False,False,car_truck_van,CAR
2015000000253-1885903,home,8826969897fffff,4,90,22-23,male,16.0,student__lf_elig,student,,,k12pub_10th,False,False,car_truck_van,CAR
2015000000253-1885903,home,8826969897fffff,4,91,23-24,male,16.0,student__lf_elig,student,,,k12pub_10th,False,False,car_truck_van,CAR
2015000000253-1885903,home,8826969897fffff,4,92,24-25,male,16.0,student__lf_elig,student,,,k12pub_10th,False,False,car_truck_van,CAR
2015000000253-1885903,home,8826969897fffff,4,93,25-26,male,16.0,student__lf_elig,student,,,k12pub_10th,False,False,car_truck_van,CAR
2015000000253-1885903,home,8826969897fffff,4,94,26-27,male,16.0,student__lf_elig,student,,,k12pub_10th,False,False,car_truck_van,CAR
2015000000253-1885903,home,8826969897fffff,4,95,27-28,male,16.0,student__lf_elig,student,,,k12pub_10th,False,False,car_truck_van,CAR
2015000000253-1885903,home,8826969897fffff,5,96,04-05,male,16.0,student__lf_elig,student,,,k12pub_10th,False,False,car_truck_van,CAR
2015000000253-1885903,home,8826969897fffff,5,97,05-06,male,16.0,student__lf_elig,student,,,k12pub_10th,False,False,car_truck_van,CAR
2015000000253-1885903,home,8826969897fffff,5,98,06-07,male,16.0,student__lf_elig,student,,,k12pub_10th,False,False,car_truck_van,CAR
2015000000253-1885903,school,8826968147fffff,5,99,07-08,male,16.0,student__lf_elig,student,,,k12pub_10th,False,False,car_truck_van,CAR
2015000000253-1885903,school,8826968147fffff,5,100,08-09,male,16.0,student__lf_elig,student,,,k12pub_10th,False,False,car_truck_van,CAR
2015000000253-1885903,school,8826968147fffff,5,101,09-10,male,16.0,student__lf_elig,student,,,k12pub_10th,False,False,car_truck_van,CAR
2015000000253-1885903,school,8826968147fffff,5,102,10-11,male,16.0,student__lf_elig,student,,,k12pub_10th,False,False,car_truck_van,CAR
2015000000253-1885903,medical,8826968141fffff,5,103,11-12,male,16.0,student__lf_elig,student,,,k12pub_10th,False,False,car_truck_van,CAR
2015000000253-1885903,medical,8826968141fffff,5,104,12-13,male,16.0,student__lf_elig,student,,,k12pub_10th,False,False,car_truck_van,CAR
2015000000253-1885903,home,8826969897fffff,5,105,13-14,male,16.0,student__lf_elig,student,,,k12pub_10th,False,False,car_truck_van,CAR
2015000000253-1885903,home,8826969897fffff,5,106,14-15,male,16.0,student__lf_elig,student,,,k12pub_10th,False,False,car_truck_van,CAR
2015000000253-1885903,home,8826969897fffff,5,107,15-16,male,16.0,student__lf_elig,student,,,k12pub_10th,False,False,car_truck_van,CAR
2015000000253-1885903,home,8826969897fffff,5,108,16-17,male,16.0,student__lf_elig,student,,,k12pub_10th,False,False,car_truck_van,CAR
2015000000253-1885903,home,8826969897fffff,5,109,17-18,male,16.0,student__lf_elig,student,,,k12pub_10th,False,False,car_truck_van,CAR
2015000000253-1885903,home,8826969897fffff,5,110,18-19,male,16.0,student__lf_elig,student,,,k12pub_10th,False,False,car_truck_van,CAR
2015000000253-1885903,home,8826969897fffff,5,111,19-20,male,16.0,student__lf_elig,student,,,k12pub_10th,False,False,car_truck_van,CAR
2015000000253-1885903,home,8826969897fffff,5,112,20-21,male,16.0,student__lf_elig,student,,,k12pub_10th,False,False,car_truck_van,CAR
2015000000253-1885903,home,8826969897fffff,5,113,21-22,male,16.0,student__lf_elig,student,,,k12pub_10th,False,False,car_truck_van,CAR
2015000000253-1885903,home,8826969897fffff,5,114,22-23,male,16.0,student__lf_elig,student,,,k12pub_10th,False,False,car_truck_van,CAR
2015000000253-1885903,home,8826969897fffff,5,115,23-24,male,16.0,student__lf_elig,student,,,k12pub_10th,False,False,car_truck_van,CAR
2015000000253-1885903,home,8826969897fffff,5,116,24-25,male,16.0,student__lf_elig,student,,,k12pub_10th,False,False,car_truck_van,CAR
2015000000253-1885903,home,8826969897fffff,5,117,25-26,male,16.0,student__lf_elig,student,,,k12pub_10th,False,False,car_truck_van,CAR
2015000000253-1885903,home,8826969897fffff,5,118,26-27,male,16.0,student__lf_elig,student,,,k12pub_10th,False,False,car_truck_van,CAR
2015000000253-1885903,home,8826969897fffff,5,119,27-28,male,16.0,student__lf_elig,student,,,k12pub_10th,False,False,car_truck_van,CAR
2015000000253-1885903,home,8826969897fffff,6,120,04-05,male,16.0,student__lf_elig,student,,,k12pub_10th,False,False,car_truck_van,CAR
2015000000253-1885903,home,8826969897fffff,6,121,05-06,male,16.0,student__lf_elig,student,,,k12pub_10th,False,False,car_truck_van,CAR
2015000000253-1885903,home,8826969897fffff,6,122,06-07,male,16.0,student__lf_elig,student,,,k12pub_10th,False,False,car_truck_van,CAR
2015000000253-1885903,school,8826968147fffff,6,123,07-08,male,16.0,student__lf_elig,student,,,k12pub_10th,False,False,car_truck_van,CAR
2015000000253-1885903,school,8826968147fffff,6,124,08-09,male,16.0,student__lf_elig,student,,,k12pub_10th,False,False,car_truck_van,CAR
2015000000253-1885903,school,8826968147fffff,6,125,09-10,male,16.0,student__lf_elig,student,,,k12pub_10th,False,False,car_truck_van,CAR
2015000000253-1885903,school,8826968147fffff,6,126,10-11,male,16.0,student__lf_elig,student,,,k12pub_10th,False,False,car_truck_van,CAR
2015000000253-1885903,school,8826968147fffff,6,127,11-12,male,16.0,student__lf_elig,student,,,k12pub_10th,False,False,car_truck_van,CAR
2015000000253-1885903,school,8826968147fffff,6,128,12-13,male,16.0,student__lf_elig,student,,,k12pub_10th,False,False,car_truck_van,CAR
2015000000253-1885903,school,8826968147fffff,6,129,13-14,male,16.0,student__lf_elig,student,,,k12pub_10th,False,False,car_truck_van,CAR
2015000000253-1885903,leisure,8826968105fffff,6,130,14-15,male,16.0,student__lf_elig,student,,,k12pub_10th,False,False,car_truck_van,CAR
2015000000253-1885903,home,8826969897fffff,6,131,15-16,male,16.0,student__lf_elig,student,,,k12pub_10th,False,False,car_truck_van,CAR
2015000000253-1885903,home,8826969897fffff,6,132,16-17,male,16.0,student__lf_elig,student,,,k12pub_10th,False,False,car_truck_van,CAR
2015000000253-1885903,home,8826969897fffff,6,133,17-18,male,16.0,student__lf_elig,student,,,k12pub_10th,False,False,car_truck_van,CAR
2015000000253-1885903,home,8826969897fffff,6,134,18-19,male,16.0,student__lf_elig,student,,,k12pub_10th,False,False,car_truck_van,CAR
2015000000253-1885903,home,8826969897fffff,6,135,19-20,male,16.0,student__lf_elig,student,,,k12pub_10th,False,False,car_truck_van,CAR
2015000000253-1885903,home,8826969897fffff,6,136,20-21,male,16.0,student__lf_elig,student,,,k12pub_10th,False,False,car_truck_van,CAR
2015000000253-1885903,home,8826969897fffff,6,137,21-22,male,16.0,student__lf_elig,student,,,k12pub_10th,False,False,car_truck_van,CAR
2015000000253-1885903,home,8826969897fffff,6,138,22-23,male,16.0,student__lf_elig,student,,,k12pub_10th,False,False,car_truck_van,CAR
2015000000253-1885903,home,8826969897fffff,6,139,23-24,male,16.0,student__lf_elig,student,,,k12pub_10th,False,False,car_truck_van,CAR
2015000000253-1885903,home,8826969897fffff,6,140,24-25,male,16.0,student__lf_elig,student,,,k12pub_10th,False,False,car_truck_van,CAR
2015000000253-1885903,home,8826969897fffff,6,141,25-26,male,16.0,student__lf_elig,student,,,k12pub_10th,False,False,car_truck_van,CAR
2015000000253-1885903,home,8826969897fffff,6,142,26-27,male,16.0,student__lf_elig,student,,,k12pub_10th,False,False,car_truck_van,CAR
2015000000253-1885903,home,8826969897fffff,6,143,27-28,male,16.0,student__lf_elig,student,,,k12pub_10th,False,False,car_truck_van,CAR
2015000000253-1885903,home,8826969897fffff,7,144,04-05,male,16.0,student__lf_elig,student,,,k12pub_10th,False,False,car_truck_van,CAR
2015000000253-1885903,home,8826969897fffff,7,145,05-06,male,16.0,student__lf_elig,student,,,k12pub_10th,False,False,car_truck_van,CAR
2015000000253-1885903,home,8826969897fffff,7,146,06-07,male,16.0,student__lf_elig,student,,,k12pub_10th,False,False,car_truck_van,CAR
2015000000253-1885903,home,8826969897fffff,7,147,07-08,male,16.0,student__lf_elig,student,,,k12pub_10th,False,False,car_truck_van,CAR
2015000000253-1885903,home,8826969897fffff,7,148,08-09,male,16.0,student__lf_elig,student,,,k12pub_10th,False,False,car_truck_van,CAR
2015000000253-1885903,home,8826969897fffff,7,149,09-10,male,16.0,student__lf_elig,student,,,k12pub_10th,False,False,car_truck_van,CAR
2015000000253-1885903,home,8826969897fffff,7,150,10-11,male,16.0,student__lf_elig,student,,,k12pub_10th,False,False,car_truck_van,CAR
2015000000253-1885903,home,8826969897fffff,7,151,11-12,male,16.0,student__lf_elig,student,,,k12pub_10th,False,False,car_truck_van,CAR
2015000000253-1885903,home,8826969897fffff,7,152,12-13,male,16.0,student__lf_elig,student,,,k12pub_10th,False,False,car_truck_van,CAR
2015000000253-1885903,home,8826969897fffff,7,153,13-14,male,16.0,student__lf_elig,student,,,k12pub_10th,False,False,car_truck_van,CAR
2015000000253-1885903,home,8826969897fffff,7,154,14-15,male,16.0,student__lf_elig,student,,,k12pub_10th,False,False,car_truck_van,CAR
2015000000253-1885903,home,8826969897fffff,7,155,15-16,male,16.0,student__lf_elig,student,,,k12pub_10th,False,False,car_truck_van,CAR
2015000000253-1885903,home,8826969897fffff,7,156,16-17,male,16.0,student__lf_elig,student,,,k12pub_10th,False,False,car_truck_van,CAR
2015000000253-1885903,home,8826969897fffff,7,157,17-18,male,16.0,student__lf_elig,student,,,k12pub_10th,False,False,car_truck_van,CAR
2015000000253-1885903,home,8826969897fffff,7,158,18-19,male,16.0,student__lf_elig,student,,,k12pub_10th,False,False,car_truck_van,CAR
2015000000253-1885903,home,8826969897fffff,7,159,19-20,male,16.0,student__lf_elig,student,,,k12pub_10th,False,False,car_truck_van,CAR
2015000000253-1885903,home,8826969897fffff,7,160,20-21,male,16.0,student__lf_elig,student,,,k12pub_10th,False,False,car_truck_van,CAR
2015000000253-1885903,home,8826969897fffff,7,161,21-22,male,16.0,student__lf_elig,student,,,k12pub_10th,False,False,car_truck_van,CAR
2015000000253-1885903,home,8826969897fffff,7,162,22-23,male,16.0,student__lf_elig,student,,,k12pub_10th,False,False,car_truck_van,CAR
2015000000253-1885903,home,8826969897fffff,7,163,23-24,male,16.0,student__lf_elig,student,,,k12pub_10th,False,False,car_truck_van,CAR
2015000000253-1885903,home,8826969897fffff,7,164,24-25,male,16.0,student__lf_elig,student,,,k12pub_10th,False,False,car_truck_van,CAR
2015000000253-1885903,home,8826969897fffff,7,165,25-26,male,16.0,student__lf_elig,student,,,k12pub_10th,False,False,car_truck_van,CAR
2015000000253-1885903,home,8826969897fffff,7,166,26-27,male,16.0,student__lf_elig,student,,,k12pub_10th,False,False,car_truck_van,CAR
2015000000253-1885903,home,8826969897fffff,7,167,27-28,male,16.0,student__lf_elig,student,,,k12pub_10th,False,False,car_truck_van,CAR
2015000000253-1885904,home,8826969897fffff,1,0,04-05,male,13.0,student__age10_15,student,,,k12pub_8th,False,False,walked,WALK
2015000000253-1885904,religious_community,882696989bfffff,1,1,05-06,male,13.0,student__age10_15,student,,,k12pub_8th,False,False,walked,WALK
2015000000253-1885904,religious_community,882696989bfffff,1,2,06-07,male,13.0,student__age10_15,student,,,k12pub_8th,False,False,walked,WALK
2015000000253-1885904,meals,882696832dfffff,1,3,07-08,male,13.0,student__age10_15,student,,,k12pub_8th,False,False,walked,WALK
2015000000253-1885904,leisure,8826968329fffff,1,4,08-09,male,13.0,student__age10_15,student,,,k12pub_8th,False,False,walked,WALK
2015000000253-1885904,leisure,8826968329fffff,1,5,09-10,male,13.0,student__age10_15,student,,,k12pub_8th,False,False,walked,WALK
2015000000253-1885904,leisure,8826968329fffff,1,6,10-11,male,13.0,student__age10_15,student,,,k12pub_8th,False,False,walked,WALK
2015000000253-1885904,exercise,8826968329fffff,1,7,11-12,male,13.0,student__age10_15,student,,,k12pub_8th,False,False,walked,WALK
2015000000253-1885904,exercise,8826968329fffff,1,8,12-13,male,13.0,student__age10_15,student,,,k12pub_8th,False,False,walked,WALK
2015000000253-1885904,home,8826969897fffff,1,9,13-14,male,13.0,student__age10_15,student,,,k12pub_8th,False,False,walked,WALK
2015000000253-1885904,home,8826969897fffff,1,10,14-15,male,13.0,student__age10_15,student,,,k12pub_8th,False,False,walked,WALK
2015000000253-1885904,home,8826969897fffff,1,11,15-16,male,13.0,student__age10_15,student,,,k12pub_8th,False,False,walked,WALK
2015000000253-1885904,home,8826969897fffff,1,12,16-17,male,13.0,student__age10_15,student,,,k12pub_8th,False,False,walked,WALK
2015000000253-1885904,home,8826969897fffff,1,13,17-18,male,13.0,student__age10_15,student,,,k12pub_8th,False,False,walked,WALK
2015000000253-1885904,home,8826969897fffff,1,14,18-19,male,13.0,student__age10_15,student,,,k12pub_8th,False,False,walked,WALK
2015000000253-1885904,home,8826969897fffff,1,15,19-20,male,13.0,student__age10_15,student,,,k12pub_8th,False,False,walked,WALK
2015000000253-1885904,home,8826969897fffff,1,16,20-21,male,13.0,student__age10_15,student,,,k12pub_8th,False,False,walked,WALK
2015000000253-1885904,home,8826969897fffff,1,17,21-22,male,13.0,student__age10_15,student,,,k12pub_8th,False,False,walked,WALK
2015000000253-1885904,home,8826969897fffff,1,18,22-23,male,13.0,student__age10_15,student,,,k12pub_8th,False,False,walked,WALK
2015000000253-1885904,home,8826969897fffff,1,19,23-24,male,13.0,student__age10_15,student,,,k12pub_8th,False,False,walked,WALK
2015000000253-1885904,home,8826969897fffff,1,20,24-25,male,13.0,student__age10_15,student,,,k12pub_8th,False,False,walked,WALK
2015000000253-1885904,home,8826969897fffff,1,21,25-26,male,13.0,student__age10_15,student,,,k12pub_8th,False,False,walked,WALK
2015000000253-1885904,home,8826969897fffff,1,22,26-27,male,13.0,student__age10_15,student,,,k12pub_8th,False,False,walked,WALK
2015000000253-1885904,home,8826969897fffff,1,23,27-28,male,13.0,student__age10_15,student,,,k12pub_8th,False,False,walked,WALK
2015000000253-1885904,home,8826969897fffff,2,24,04-05,male,13.0,student__age10_15,student,,,k12pub_8th,False,False,walked,WALK
2015000000253-1885904,home,8826969897fffff,2,25,05-06,male,13.0,student__age10_15,student,,,k12pub_8th,False,False,walked,WALK
2015000000253-1885904,home,8826969897fffff,2,26,06-07,male,13.0,student__age10_15,student,,,k12pub_8th,False,False,walked,WALK
2015000000253-1885904,home,8826969897fffff,2,27,07-08,male,13.0,student__age10_15,student,,,k12pub_8th,False,False,walked,WALK
2015000000253-1885904,school,8826969893fffff,2,28,08-09,male,13.0,student__age10_15,student,,,k12pub_8th,False,False,walked,WALK
2015000000253-1885904,school,8826969893fffff,2,29,09-10,male,13.0,student__age10_15,student,,,k12pub_8th,False,False,walked,WALK
2015000000253-1885904,school,8826969893fffff,2,30,10-11,male,13.0,student__age10_15,student,,,k12pub_8th,False,False,walked,WALK
2015000000253-1885904,school,8826969893fffff,2,31,11-12,male,13.0,student__age10_15,student,,,k12pub_8th,False,False,walked,WALK
2015000000253-1885904,school,8826969893fffff,2,32,12-13,male,13.0,student__age10_15,student,,,k12pub_8th,False,False,walked,WALK
2015000000253-1885904,school,8826969893fffff,2,33,13-14,male,13.0,student__age10_15,student,,,k12pub_8th,False,False,walked,WALK
2015000000253-1885904,school,8826969893fffff,2,34,14-15,male,13.0,student__age10_15,student,,,k12pub_8th,False,False,walked,WALK
2015000000253-1885904,school,8826969893fffff,2,35,15-16,male,13.0,student__age10_15,student,,,k12pub_8th,False,False,walked,WALK
2015000000253-1885904,leisure,8826968109fffff,2,36,16-17,male,13.0,student__age10_15,student,,,k12pub_8th,False,False,walked,WALK
2015000000253-1885904,leisure,8826968109fffff,2,37,17-18,male,13.0,student__age10_15,student,,,k12pub_8th,False,False,walked,WALK
2015000000253-1885904,visit_friends_relatives,8826968155fffff,2,38,18-19,male,13.0,student__age10_15,student,,,k12pub_8th,False,False,walked,WALK
2015000000253-1885904,visit_friends_relatives,8826968155fffff,2,39,19-20,male,13.0,student__age10_15,student,,,k12pub_8th,False,False,walked,WALK
2015000000253-1885904,visit_friends_relatives,8826968155fffff,2,40,20-21,male,13.0,student__age10_15,student,,,k12pub_8th,False,False,walked,WALK
2015000000253-1885904,home,8826969897fffff,2,41,21-22,male,13.0,student__age10_15,student,,,k12pub_8th,False,False,walked,WALK
2015000000253-1885904,home,8826969897fffff,2,42,22-23,male,13.0,student__age10_15,student,,,k12pub_8th,False,False,walked,WALK
2015000000253-1885904,home,8826969897fffff,2,43,23-24,male,13.0,student__age10_15,student,,,k12pub_8th,False,False,walked,WALK
2015000000253-1885904,home,8826969897fffff,2,44,24-25,male,13.0,student__age10_15,student,,,k12pub_8th,False,False,walked,WALK
2015000000253-1885904,home,8826969897fffff,2,45,25-26,male,13.0,student__age10_15,student,,,k12pub_8th,False,False,walked,WALK
2015000000253-1885904,home,8826969897fffff,2,46,26-27,male,13.0,student__age10_15,student,,,k12pub_8th,False,False,walked,WALK
2015000000253-1885904,home,8826969897fffff,2,47,27-28,male,13.0,student__age10_15,student,,,k12pub_8th,False,False,walked,WALK
2015000000253-1885904,home,8826969897fffff,3,48,04-05,male,13.0,student__age10_15,student,,,k12pub_8th,False,False,walked,WALK
2015000000253-1885904,home,8826969897fffff,3,49,05-06,male,13.0,student__age10_15,student,,,k12pub_8th,False,False,walked,WALK
2015000000253-1885904,home,8826969897fffff,3,50,06-07,male,13.0,student__age10_15,student,,,k12pub_8th,False,False,walked,WALK
2015000000253-1885904,home,8826969897fffff,3,51,07-08,male,13.0,student__age10_15,student,,,k12pub_8th,False,False,walked,WALK
2015000000253-1885904,school,8826969893fffff,3,52,08-09,male,13.0,student__age10_15,student,,,k12pub_8th,False,False,walked,WALK
2015000000253-1885904,school,8826969893fffff,3,53,09-10,male,13.0,student__age10_15,student,,,k12pub_8th,False,False,walked,WALK
2015000000253-1885904,school,8826969893fffff,3,54,10-11,male,13.0,student__age10_15,student,,,k12pub_8th,False,False,walked,WALK
2015000000253-1885904,school,8826969893fffff,3,55,11-12,male,13.0,student__age10_15,student,,,k12pub_8th,False,False,walked,WALK
2015000000253-1885904,school,8826969893fffff,3,56,12-13,male,13.0,student__age10_15,student,,,k12pub_8th,False,False,walked,WALK
2015000000253-1885904,school,8826969893fffff,3,57,13-14,male,13.0,student__age10_15,student,,,k12pub_8th,False,False,walked,WALK
2015000000253-1885904,school,8826969893fffff,3,58,14-15,male,13.0,student__age10_15,student,,,k12pub_8th,False,False,walked,WALK
2015000000253-1885904,school,8826969893fffff,3,59,15-16,male,13.0,student__age10_15,student,,,k12pub_8th,False,False,walked,WALK
2015000000253-1885904,school,8826969893fffff,3,60,16-17,male,13.0,student__age10_15,student,,,k12pub_8th,False,False,walked,WALK
2015000000253-1885904,religious_community,8826968151fffff,3,61,17-18,male,13.0,student__age10_15,student,,,k12pub_8th,False,False,walked,WALK
2015000000253-1885904,religious_community,8826968151fffff,3,62,18-19,male,13.0,student__age10_15,student,,,k12pub_8th,False,False,walked,WALK
2015000000253-1885904,home,8826969897fffff,3,63,19-20,male,13.0,student__age10_15,student,,,k12pub_8th,False,False,walked,WALK
2015000000253-1885904,home,8826969897fffff,3,64,20-21,male,13.0,student__age10_15,student,,,k12pub_8th,False,False,walked,WALK
2015000000253-1885904,home,8826969897fffff,3,65,21-22,male,13.0,student__age10_15,student,,,k12pub_8th,False,False,walked,WALK
2015000000253-1885904,home,8826969897fffff,3,66,22-23,male,13.0,student__age10_15,student,,,k12pub_8th,False,False,walked,WALK
2015000000253-1885904,home,8826969897fffff,3,67,23-24,male,13.0,student__age10_15,student,,,k12pub_8th,False,False,walked,WALK
2015000000253-1885904,home,8826969897fffff,3,68,24-25,male,13.0,student__age10_15,student,,,k12pub_8th,False,False,walked,WALK
2015000000253-1885904,home,8826969897fffff,3,69,25-26,male,13.0,student__age10_15,student,,,k12pub_8th,False,False,walked,WALK
2015000000253-1885904,home,8826969897fffff,3,70,26-27,male,13.0,student__age10_15,student,,,k12pub_8th,False,False,walked,WALK
2015000000253-1885904,home,8826969897fffff,3,71,27-28,male,13.0,student__age10_15,student,,,k12pub_8th,False,False,walked,WALK
2015000000253-1885904,home,8826969897fffff,4,72,04-05,male,13.0,student__age10_15,student,,,k12pub_8th,False,False,walked,WALK
2015000000253-1885904,home,8826969897fffff,4,73,05-06,male,13.0,student__age10_15,student,,,k12pub_8th,False,False,walked,WALK
2015000000253-1885904,home,8826969897fffff,4,74,06-07,male,13.0,student__age10_15,student,,,k12pub_8th,False,False,walked,WALK
2015000000253-1885904,home,8826969897fffff,4,75,07-08,male,13.0,student__age10_15,student,,,k12pub_8th,False,False,walked,WALK
2015000000253-1885904,school,8826969893fffff,4,76,08-09,male,13.0,student__age10_15,student,,,k12pub_8th,False,False,walked,WALK
2015000000253-1885904,school,8826969893fffff,4,77,09-10,male,13.0,student__age10_15,student,,,k12pub_8th,False,False,walked,WALK
2015000000253-1885904,school,8826969893fffff,4,78,10-11,male,13.0,student__age10_15,student,,,k12pub_8th,False,False,walked,WALK
2015000000253-1885904,school,8826969893fffff,4,79,11-12,male,13.0,student__age10_15,student,,,k12pub_8th,False,False,walked,WALK
2015000000253-1885904,school,8826969893fffff,4,80,12-13,male,13.0,student__age10_15,student,,,k12pub_8th,False,False,walked,WALK
2015000000253-1885904,school,8826969893fffff,4,81,13-14,male,13.0,student__age10_15,student,,,k12pub_8th,False,False,walked,WALK
2015000000253-1885904,school,8826969893fffff,4,82,14-15,male,13.0,student__age10_15,student,,,k12pub_8th,False,False,walked,WALK
2015000000253-1885904,services,8826968141fffff,4,83,15-16,male,13.0,student__age10_15,student,,,k12pub_8th,False,False,walked,WALK
2015000000253-1885904,home,8826969897fffff,4,84,16-17,male,13.0,student__age10_15,student,,,k12pub_8th,False,False,walked,WALK
2015000000253-1885904,home,8826969897fffff,4,85,17-18,male,13.0,student__age10_15,student,,,k12pub_8th,False,False,walked,WALK
2015000000253-1885904,home,8826969897fffff,4,86,18-19,male,13.0,student__age10_15,student,,,k12pub_8th,False,False,walked,WALK
2015000000253-1885904,home,8826969897fffff,4,87,19-20,male,13.0,student__age10_15,student,,,k12pub_8th,False,False,walked,WALK
2015000000253-1885904,home,8826969897fffff,4,88,20-21,male,13.0,student__age10_15,student,,,k12pub_8th,False,False,walked,WALK
2015000000253-1885904,home,8826969897fffff,4,89,21-22,male,13.0,student__age10_15,student,,,k12pub_8th,False,False,walked,WALK
2015000000253-1885904,home,8826969897fffff,4,90,22-23,male,13.0,student__age10_15,student,,,k12pub_8th,False,False,walked,WALK
2015000000253-1885904,home,8826969897fffff,4,91,23-24,male,13.0,student__age10_15,student,,,k12pub_8th,False,False,walked,WALK
2015000000253-1885904,home,8826969897fffff,4,92,24-25,male,13.0,student__age10_15,student,,,k12pub_8th,False,False,walked,WALK
2015000000253-1885904,home,8826969897fffff,4,93,25-26,male,13.0,student__age10_15,student,,,k12pub_8th,False,False,walked,WALK
2015000000253-1885904,home,8826969897fffff,4,94,26-27,male,13.0,student__age10_15,student,,,k12pub_8th,False,False,walked,WALK
2015000000253-1885904,home,8826969897fffff,4,95,27-28,male,13.0,student__age10_15,student,,,k12pub_8th,False,False,walked,WALK
2015000000253-1885904,home,8826969897fffff,5,96,04-05,male,13.0,student__age10_15,student,,,k12pub_8th,False,False,walked,WALK
2015000000253-1885904,home,8826969897fffff,5,97,05-06,male,13.0,student__age10_15,student,,,k12pub_8th,False,False,walked,WALK
2015000000253-1885904,home,8826969897fffff,5,98,06-07,male,13.0,student__age10_15,student,,,k12pub_8th,False,False,walked,WALK
2015000000253-1885904,home,8826969897fffff,5,99,07-08,male,13.0,student__age10_15,student,,,k12pub_8th,False,False,walked,WALK
2015000000253-1885904,school,8826969893fffff,5,100,08-09,male,13.0,student__age10_15,student,,,k12pub_8th,False,False,walked,WALK
2015000000253-1885904,school,8826969893fffff,5,101,09-10,male,13.0,student__age10_15,student,,,k12pub_8th,False,False,walked,WALK
2015000000253-1885904,school,8826969893fffff,5,102,10-11,male,13.0,student__age10_15,student,,,k12pub_8th,False,False,walked,WALK
2015000000253-1885904,school,8826969893fffff,5,103,11-12,male,13.0,student__age10_15,student,,,k12pub_8th,False,False,walked,WALK
2015000000253-1885904,school,8826969893fffff,5,104,12-13,male,13.0,student__age10_15,student,,,k12pub_8th,False,False,walked,WALK
2015000000253-1885904,school,8826969893fffff,5,105,13-14,male,13.0,student__age10_15,student,,,k12pub_8th,False,False,walked,WALK
2015000000253-1885904,school,8826969893fffff,5,106,14-15,male,13.0,student__age10_15,student,,,k12pub_8th,False,False,walked,WALK
2015000000253-1885904,school,8826969893fffff,5,107,15-16,male,13.0,student__age10_15,student,,,k12pub_8th,False,False,walked,WALK
2015000000253-1885904,meals,8826969893fffff,5,108,16-17,male,13.0,student__age10_15,student,,,k12pub_8th,False,False,walked,WALK
2015000000253-1885904,exercise,8826968321fffff,5,109,17-18,male,13.0,student__age10_15,student,,,k12pub_8th,False,False,walked,WALK
2015000000253-1885904,meals,8826968321fffff,5,110,18-19,male,13.0,student__age10_15,student,,,k12pub_8th,False,False,walked,WALK
2015000000253-1885904,meals,8826968321fffff,5,111,19-20,male,13.0,student__age10_15,student,,,k12pub_8th,False,False,walked,WALK
2015000000253-1885904,home,8826969897fffff,5,112,20-21,male,13.0,student__age10_15,student,,,k12pub_8th,False,False,walked,WALK
2015000000253-1885904,home,8826969897fffff,5,113,21-22,male,13.0,student__age10_15,student,,,k12pub_8th,False,False,walked,WALK
2015000000253-1885904,home,8826969897fffff,5,114,22-23,male,13.0,student__age10_15,student,,,k12pub_8th,False,False,walked,WALK
2015000000253-1885904,home,8826969897fffff,5,115,23-24,male,13.0,student__age10_15,student,,,k12pub_8th,False,False,walked,WALK
2015000000253-1885904,home,8826969897fffff,5,116,24-25,male,13.0,student__age10_15,student,,,k12pub_8th,False,False,walked,WALK
2015000000253-1885904,home,8826969897fffff,5,117,25-26,male,13.0,student__age10_15,student,,,k12pub_8th,False,False,walked,WALK
2015000000253-1885904,home,8826969897fffff,5,118,26-27,male,13.0,student__age10_15,student,,,k12pub_8th,False,False,walked,WALK
2015000000253-1885904,home,8826969897fffff,5,119,27-28,male,13.0,student__age10_15,student,,,k12pub_8th,False,False,walked,WALK
2015000000253-1885904,home,8826969897fffff,6,120,04-05,male,13.0,student__age10_15,student,,,k12pub_8th,False,False,walked,WALK
2015000000253-1885904,home,8826969897fffff,6,121,05-06,male,13.0,student__age10_15,student,,,k12pub_8th,False,False,walked,WALK
2015000000253-1885904,home,8826969897fffff,6,122,06-07,male,13.0,student__age10_15,student,,,k12pub_8th,False,False,walked,WALK
2015000000253-1885904,home,8826969897fffff,6,123,07-08,male,13.0,student__age10_15,student,,,k12pub_8th,False,False,walked,WALK
2015000000253-1885904,school,8826969893fffff,6,124,08-09,male,13.0,student__age10_15,student,,,k12pub_8th,False,False,walked,WALK
2015000000253-1885904,school,8826969893fffff,6,125,09-10,male,13.0,student__age10_15,student,,,k12pub_8th,False,False,walked,WALK
2015000000253-1885904,school,8826969893fffff,6,126,10-11,male,13.0,student__age10_15,student,,,k12pub_8th,False,False,walked,WALK
2015000000253-1885904,school,8826969893fffff,6,127,11-12,male,13.0,student__age10_15,student,,,k12pub_8th,False,False,walked,WALK
2015000000253-1885904,school,8826969893fffff,6,128,12-13,male,13.0,student__age10_15,student,,,k12pub_8th,False,False,walked,WALK
2015000000253-1885904,school,8826969893fffff,6,129,13-14,male,13.0,student__age10_15,student,,,k12pub_8th,False,False,walked,WALK
2015000000253-1885904,school,8826969893fffff,6,130,14-15,male,13.0,student__age10_15,student,,,k12pub_8th,False,False,walked,WALK
2015000000253-1885904,home,8826969897fffff,6,131,15-16,male,13.0,student__age10_15,student,,,k12pub_8th,False,False,walked,WALK
2015000000253-1885904,home,8826969897fffff,6,132,16-17,male,13.0,student__age10_15,student,,,k12pub_8th,False,False,walked,WALK
2015000000253-1885904,home,8826969897fffff,6,133,17-18,male,13.0,student__age10_15,student,,,k12pub_8th,False,False,walked,WALK
2015000000253-1885904,home,8826969897fffff,6,134,18-19,male,13.0,student__age10_15,student,,,k12pub_8th,False,False,walked,WALK
2015000000253-1885904,home,8826969897fffff,6,135,19-20,male,13.0,student__age10_15,student,,,k12pub_8th,False,False,walked,WALK
2015000000253-1885904,home,8826969897fffff,6,136,20-21,male,13.0,student__age10_15,student,,,k12pub_8th,False,False,walked,WALK
2015000000253-1885904,home,8826969897fffff,6,137,21-22,male,13.0,student__age10_15,student,,,k12pub_8th,False,False,walked,WALK
2015000000253-1885904,home,8826969897fffff,6,138,22-23,male,13.0,student__age10_15,student,,,k12pub_8th,False,False,walked,WALK
2015000000253-1885904,home,8826969897fffff,6,139,23-24,male,13.0,student__age10_15,student,,,k12pub_8th,False,False,walked,WALK
2015000000253-1885904,home,8826969897fffff,6,140,24-25,male,13.0,student__age10_15,student,,,k12pub_8th,False,False,walked,WALK
2015000000253-1885904,home,8826969897fffff,6,141,25-26,male,13.0,student__age10_15,student,,,k12pub_8th,False,False,walked,WALK
2015000000253-1885904,home,8826969897fffff,6,142,26-27,male,13.0,student__age10_15,student,,,k12pub_8th,False,False,walked,WALK
2015000000253-1885904,home,8826969897fffff,6,143,27-28,male,13.0,student__age10_15,student,,,k12pub_8th,False,False,walked,WALK
2015000000253-1885904,home,8826969897fffff,7,144,04-05,male,13.0,student__age10_15,student,,,k12pub_8th,False,False,walked,WALK
2015000000253-1885904,home,8826969897fffff,7,145,05-06,male,13.0,student__age10_15,student,,,k12pub_8th,False,False,walked,WALK
2015000000253-1885904,leisure,882696814dfffff,7,146,06-07,male,13.0,student__age10_15,student,,,k12pub_8th,False,False,walked,WALK
2015000000253-1885904,leisure,882696814dfffff,7,147,07-08,male,13.0,student__age10_15,student,,,k12pub_8th,False,False,walked,WALK
2015000000253-1885904,leisure,8826968323fffff,7,148,08-09,male,13.0,student__age10_15,student,,,k12pub_8th,False,False,walked,WALK
2015000000253-1885904,leisure,8826968323fffff,7,149,09-10,male,13.0,student__age10_15,student,,,k12pub_8th,False,False,walked,WALK
2015000000253-1885904,leisure,8826968323fffff,7,150,10-11,male,13.0,student__age10_15,student,,,k12pub_8th,False,False,walked,WALK
2015000000253-1885904,leisure,8826968323fffff,7,151,11-12,male,13.0,student__age10_15,student,,,k12pub_8th,False,False,walked,WALK
2015000000253-1885904,leisure,8826968323fffff,7,152,12-13,male,13.0,student__age10_15,student,,,k12pub_8th,False,False,walked,WALK
2015000000253-1885904,leisure,8826968323fffff,7,153,13-14,male,13.0,student__age10_15,student,,,k12pub_8th,False,False,walked,WALK
2015000000253-1885904,leisure,8826968323fffff,7,154,14-15,male,13.0,student__age10_15,student,,,k12pub_8th,False,False,walked,WALK
2015000000253-1885904,leisure,8826968323fffff,7,155,15-16,male,13.0,student__age10_15,student,,,k12pub_8th,False,False,walked,WALK
2015000000253-1885904,leisure,8826968323fffff,7,156,16-17,male,13.0,student__age10_15,student,,,k12pub_8th,False,False,walked,WALK
2015000000253-1885904,leisure,882696832bfffff,7,157,17-18,male,13.0,student__age10_15,student,,,k12pub_8th,False,False,walked,WALK
2015000000253-1885904,leisure,882696832bfffff,7,158,18-19,male,13.0,student__age10_15,student,,,k12pub_8th,False,False,walked,WALK
2015000000253-1885904,home,8826969897fffff,7,159,19-20,male,13.0,student__age10_15,student,,,k12pub_8th,False,False,walked,WALK
2015000000253-1885904,home,8826969897fffff,7,160,20-21,male,13.0,student__age10_15,student,,,k12pub_8th,False,False,walked,WALK
2015000000253-1885904,home,8826969897fffff,7,161,21-22,male,13.0,student__age10_15,student,,,k12pub_8th,False,False,walked,WALK
2015000000253-1885904,home,8826969897fffff,7,162,22-23,male,13.0,student__age10_15,student,,,k12pub_8th,False,False,walked,WALK
2015000000253-1885904,home,8826969897fffff,7,163,23-24,male,13.0,student__age10_15,student,,,k12pub_8th,False,False,walked,WALK
2015000000253-1885904,home,8826969897fffff,7,164,24-25,male,13.0,student__age10_15,student,,,k12pub_8th,False,False,walked,WALK
2015000000253-1885904,home,8826969897fffff,7,165,25-26,male,13.0,student__age10_15,student,,,k12pub_8th,False,False,walked,WALK
2015000000253-1885904,home,8826969897fffff,7,166,26-27,male,13.0,student__age10_15,student,,,k12pub_8th,False,False,walked,WALK
2015000000253-1885904,home,8826969897fffff,7,167,27-28,male,13.0,student__age10_15,student,,,k12pub_8th,False,False,walked,WALK
2015000000253-2721501,home,8826968117fffff,1,0,04-05,male,83.0,retired,nope,,,,False,False,car_truck_van,CAR
2015000000253-2721501,home,8826968117fffff,1,1,05-06,male,83.0,retired,nope,,,,False,False,car_truck_van,CAR
2015000000253-2721501,home,8826968117fffff,1,2,06-07,male,83.0,retired,nope,,,,False,False,car_truck_van,CAR
2015000000253-2721501,home,8826968117fffff,1,3,07-08,male,83.0,retired,nope,,,,False,False,car_truck_van,CAR
2015000000253-2721501,home,8826968117fffff,1,4,08-09,male,83.0,retired,nope,,,,False,False,car_truck_van,CAR
2015000000253-2721501,home,8826968117fffff,1,5,09-10,male,83.0,retired,nope,,,,False,False,car_truck_van,CAR
2015000000253-2721501,leisure,8826968111fffff,1,6,10-11,male,83.0,retired,nope,,,,False,False,car_truck_van,CAR
2015000000253-2721501,leisure,8826968111fffff,1,7,11-12,male,83.0,retired,nope,,,,False,False,car_truck_van,CAR
2015000000253-2721501,adult_care,882696a9c7fffff,1,8,12-13,male,83.0,retired,nope,,,,False,False,car_truck_van,CAR
2015000000253-2721501,adult_care,882696a9c7fffff,1,9,13-14,male,83.0,retired,nope,,,,False,False,car_truck_van,CAR
2015000000253-2721501,adult_care,882696a9c7fffff,1,10,14-15,male,83.0,retired,nope,,,,False,False,car_truck_van,CAR
2015000000253-2721501,adult_care,882696a9c7fffff,1,11,15-16,male,83.0,retired,nope,,,,False,False,car_truck_van,CAR
2015000000253-2721501,adult_care,882696a9c7fffff,1,12,16-17,male,83.0,retired,nope,,,,False,False,car_truck_van,CAR
2015000000253-2721501,adult_care,882696a9c7fffff,1,13,17-18,male,83.0,retired,nope,,,,False,False,car_truck_van,CAR
2015000000253-2721501,home,8826968117fffff,1,14,18-19,male,83.0,retired,nope,,,,False,False,car_truck_van,CAR
2015000000253-2721501,home,8826968117fffff,1,15,19-20,male,83.0,retired,nope,,,,False,False,car_truck_van,CAR
2015000000253-2721501,home,8826968117fffff,1,16,20-21,male,83.0,retired,nope,,,,False,False,car_truck_van,CAR
2015000000253-2721501,home,8826968117fffff,1,17,21-22,male,83.0,retired,nope,,,,False,False,car_truck_van,CAR
2015000000253-2721501,home,8826968117fffff,1,18,22-23,male,83.0,retired,nope,,,,False,False,car_truck_van,CAR
2015000000253-2721501,home,8826968117fffff,1,19,23-24,male,83.0,retired,nope,,,,False,False,car_truck_van,CAR
2015000000253-2721501,home,8826968117fffff,1,20,24-25,male,83.0,retired,nope,,,,False,False,car_truck_van,CAR
2015000000253-2721501,home,8826968117fffff,1,21,25-26,male,83.0,retired,nope,,,,False,False,car_truck_van,CAR
2015000000253-2721501,home,8826968117fffff,1,22,26-27,male,83.0,retired,nope,,,,False,False,car_truck_van,CAR
2015000000253-2721501,home,8826968117fffff,1,23,27-28,male,83.0,retired,nope,,,,False,False,car_truck_van,CAR
2015000000253-2721501,home,8826968117fffff,2,24,04-05,male,83.0,retired,nope,,,,False,False,car_truck_van,CAR
2015000000253-2721501,home,8826968117fffff,2,25,05-06,male,83.0,retired,nope,,,,False,False,car_truck_van,CAR
2015000000253-2721501,exercise,882696811dfffff,2,26,06-07,male,83.0,retired,nope,,,,False,False,car_truck_van,CAR
2015000000253-2721501,home,8826968117fffff,2,27,07-08,male,83.0,retired,nope,,,,False,False,car_truck_van,CAR
2015000000253-2721501,home,8826968117fffff,2,28,08-09,male,83.0,retired,nope,,,,False,False,car_truck_van,CAR
2015000000253-2721501,home,8826968117fffff,2,29,09-10,male,83.0,retired,nope,,,,False,False,car_truck_van,CAR
2015000000253-2721501,home,8826968117fffff,2,30,10-11,male,83.0,retired,nope,,,,False,False,car_truck_van,CAR
2015000000253-2721501,home,8826968117fffff,2,31,11-12,male,83.0,retired,nope,,,,False,False,car_truck_van,CAR
2015000000253-2721501,home,8826968117fffff,2,32,12-13,male,83.0,retired,nope,,,,False,False,car_truck_van,CAR
2015000000253-2721501,home,8826968117fffff,2,33,13-14,male,83.0,retired,nope,,,,False,False,car_truck_van,CAR
2015000000253-2721501,home,8826968117fffff,2,34,14-15,male,83.0,retired,nope,,,,False,False,car_truck_van,CAR
2015000000253-2721501,home,8826968117fffff,2,35,15-16,male,83.0,retired,nope,,,,False,False,car_truck_van,CAR
2015000000253-2721501,home,8826968117fffff,2,36,16-17,male,83.0,retired,nope,,,,False,False,car_truck_van,CAR
2015000000253-2721501,home,8826968117fffff,2,37,17-18,male,83.0,retired,nope,,,,False,False,car_truck_van,CAR
2015000000253-2721501,home,8826968117fffff,2,38,18-19,male,83.0,retired,nope,,,,False,False,car_truck_van,CAR
2015000000253-2721501,home,8826968117fffff,2,39,19-20,male,83.0,retired,nope,,,,False,False,car_truck_van,CAR
2015000000253-2721501,home,8826968117fffff,2,40,20-21,male,83.0,retired,nope,,,,False,False,car_truck_van,CAR
2015000000253-2721501,home,8826968117fffff,2,41,21-22,male,83.0,retired,nope,,,,False,False,car_truck_van,CAR
2015000000253-2721501,home,8826968117fffff,2,42,22-23,male,83.0,retired,nope,,,,False,False,car_truck_van,CAR
2015000000253-2721501,home,8826968117fffff,2,43,23-24,male,83.0,retired,nope,,,,False,False,car_truck_van,CAR
2015000000253-2721501,home,8826968117fffff,2,44,24-25,male,83.0,retired,nope,,,,False,False,car_truck_van,CAR
2015000000253-2721501,home,8826968117fffff,2,45,25-26,male,83.0,retired,nope,,,,False,False,car_truck_van,CAR
2015000000253-2721501,home,8826968117fffff,2,46,26-27,male,83.0,retired,nope,,,,False,False,car_truck_van,CAR
2015000000253-2721501,home,8826968117fffff,2,47,27-28,male,83.0,retired,nope,,,,False,False,car_truck_van,CAR
2015000000253-2721501,home,8826968117fffff,3,48,04-05,male,83.0,retired,nope,,,,False,False,car_truck_van,CAR
2015000000253-2721501,volunteer,88269681cdfffff,3,49,05-06,male,83.0,retired,nope,,,,False,False,car_truck_van,CAR
2015000000253-2721501,home,8826968117fffff,3,50,06-07,male,83.0,retired,nope,,,,False,False,car_truck_van,CAR
2015000000253-2721501,home,8826968117fffff,3,51,07-08,male,83.0,retired,nope,,,,False,False,car_truck_van,CAR
2015000000253-2721501,home,8826968117fffff,3,52,08-09,male,83.0,retired,nope,,,,False,False,car_truck_van,CAR
2015000000253-2721501,home,8826968117fffff,3,53,09-10,male,83.0,retired,nope,,,,False,False,car_truck_van,CAR
2015000000253-2721501,home,8826968117fffff,3,54,10-11,male,83.0,retired,nope,,,,False,False,car_truck_van,CAR
2015000000253-2721501,home,8826968117fffff,3,55,11-12,male,83.0,retired,nope,,,,False,False,car_truck_van,CAR
2015000000253-2721501,home,8826968117fffff,3,56,12-13,male,83.0,retired,nope,,,,False,False,car_truck_van,CAR
2015000000253-2721501,home,8826968117fffff,3,57,13-14,male,83.0,retired,nope,,,,False,False,car_truck_van,CAR
2015000000253-2721501,home,8826968117fffff,3,58,14-15,male,83.0,retired,nope,,,,False,False,car_truck_van,CAR
2015000000253-2721501,home,8826968117fffff,3,59,15-16,male,83.0,retired,nope,,,,False,False,car_truck_van,CAR
2015000000253-2721501,home,8826968117fffff,3,60,16-17,male,83.0,retired,nope,,,,False,False,car_truck_van,CAR
2015000000253-2721501,home,8826968117fffff,3,61,17-18,male,83.0,retired,nope,,,,False,False,car_truck_van,CAR
2015000000253-2721501,home,8826968117fffff,3,62,18-19,male,83.0,retired,nope,,,,False,False,car_truck_van,CAR
2015000000253-2721501,home,8826968117fffff,3,63,19-20,male,83.0,retired,nope,,,,False,False,car_truck_van,CAR
2015000000253-2721501,home,8826968117fffff,3,64,20-21,male,83.0,retired,nope,,,,False,False,car_truck_van,CAR
2015000000253-2721501,home,8826968117fffff,3,65,21-22,male,83.0,retired,nope,,,,False,False,car_truck_van,CAR
2015000000253-2721501,home,8826968117fffff,3,66,22-23,male,83.0,retired,nope,,,,False,False,car_truck_van,CAR
2015000000253-2721501,home,8826968117fffff,3,67,23-24,male,83.0,retired,nope,,,,False,False,car_truck_van,CAR
2015000000253-2721501,home,8826968117fffff,3,68,24-25,male,83.0,retired,nope,,,,False,False,car_truck_van,CAR
2015000000253-2721501,home,8826968117fffff,3,69,25-26,male,83.0,retired,nope,,,,False,False,car_truck_van,CAR
2015000000253-2721501,home,8826968117fffff,3,70,26-27,male,83.0,retired,nope,,,,False,False,car_truck_van,CAR
2015000000253-2721501,home,8826968117fffff,3,71,27-28,male,83.0,retired,nope,,,,False,False,car_truck_van,CAR
2015000000253-2721501,home,8826968117fffff,4,72,04-05,male,83.0,retired,nope,,,,False,False,car_truck_van,CAR
2015000000253-2721501,home,8826968117fffff,4,73,05-06,male,83.0,retired,nope,,,,False,False,car_truck_van,CAR
2015000000253-2721501,home,8826968117fffff,4,74,06-07,male,83.0,retired,nope,,,,False,False,car_truck_van,CAR
2015000000253-2721501,home,8826968117fffff,4,75,07-08,male,83.0,retired,nope,,,,False,False,car_truck_van,CAR
2015000000253-2721501,change_transp,8826968021fffff,4,76,08-09,male,83.0,retired,nope,,,,False,False,car_truck_van,CAR
2015000000253-2721501,change_transp,8826968023fffff,4,77,09-10,male,83.0,retired,nope,,,,False,False,car_truck_van,CAR
2015000000253-2721501,home,8826968117fffff,4,78,10-11,male,83.0,retired,nope,,,,False,False,car_truck_van,CAR
2015000000253-2721501,home,8826968117fffff,4,79,11-12,male,83.0,retired,nope,,,,False,False,car_truck_van,CAR
2015000000253-2721501,home,8826968117fffff,4,80,12-13,male,83.0,retired,nope,,,,False,False,car_truck_van,CAR
2015000000253-2721501,home,8826968117fffff,4,81,13-14,male,83.0,retired,nope,,,,False,False,car_truck_van,CAR
2015000000253-2721501,home,8826968117fffff,4,82,14-15,male,83.0,retired,nope,,,,False,False,car_truck_van,CAR
2015000000253-2721501,home,8826968117fffff,4,83,15-16,male,83.0,retired,nope,,,,False,False,car_truck_van,CAR
2015000000253-2721501,home,8826968117fffff,4,84,16-17,male,83.0,retired,nope,,,,False,False,car_truck_van,CAR
2015000000253-2721501,home,8826968117fffff,4,85,17-18,male,83.0,retired,nope,,,,False,False,car_truck_van,CAR
2015000000253-2721501,home,8826968117fffff,4,86,18-19,male,83.0,retired,nope,,,,False,False,car_truck_van,CAR
2015000000253-2721501,home,8826968117fffff,4,87,19-20,male,83.0,retired,nope,,,,False,False,car_truck_van,CAR
2015000000253-2721501,home,8826968117fffff,4,88,20-21,male,83.0,retired,nope,,,,False,False,car_truck_van,CAR
2015000000253-2721501,home,8826968117fffff,4,89,21-22,male,83.0,retired,nope,,,,False,False,car_truck_van,CAR
2015000000253-2721501,home,8826968117fffff,4,90,22-23,male,83.0,retired,nope,,,,False,False,car_truck_van,CAR
2015000000253-2721501,home,8826968117fffff,4,91,23-24,male,83.0,retired,nope,,,,False,False,car_truck_van,CAR
2015000000253-2721501,home,8826968117fffff,4,92,24-25,male,83.0,retired,nope,,,,False,False,car_truck_van,CAR
2015000000253-2721501,home,8826968117fffff,4,93,25-26,male,83.0,retired,nope,,,,False,False,car_truck_van,CAR
2015000000253-2721501,home,8826968117fffff,4,94,26-27,male,83.0,retired,nope,,,,False,False,car_truck_van,CAR
2015000000253-2721501,home,8826968117fffff,4,95,27-28,male,83.0,retired,nope,,,,False,False,car_truck_van,CAR
2015000000253-2721501,home,8826968117fffff,5,96,04-05,male,83.0,retired,nope,,,,False,False,car_truck_van,CAR
2015000000253-2721501,home,8826968117fffff,5,97,05-06,male,83.0,retired,nope,,,,False,False,car_truck_van,CAR
2015000000253-2721501,home,8826968117fffff,5,98,06-07,male,83.0,retired,nope,,,,False,False,car_truck_van,CAR
2015000000253-2721501,home,8826968117fffff,5,99,07-08,male,83.0,retired,nope,,,,False,False,car_truck_van,CAR
2015000000253-2721501,home,8826968117fffff,5,100,08-09,male,83.0,retired,nope,,,,False,False,car_truck_van,CAR
2015000000253-2721501,home,8826968117fffff,5,101,09-10,male,83.0,retired,nope,,,,False,False,car_truck_van,CAR
2015000000253-2721501,home,8826968117fffff,5,102,10-11,male,83.0,retired,nope,,,,False,False,car_truck_van,CAR
2015000000253-2721501,home,8826968117fffff,5,103,11-12,male,83.0,retired,nope,,,,False,False,car_truck_van,CAR
2015000000253-2721501,home,8826968117fffff,5,104,12-13,male,83.0,retired,nope,,,,False,False,car_truck_van,CAR
2015000000253-2721501,home,8826968117fffff,5,105,13-14,male,83.0,retired,nope,,,,False,False,car_truck_van,CAR
2015000000253-2721501,home,8826968117fffff,5,106,14-15,male,83.0,retired,nope,,,,False,False,car_truck_van,CAR
2015000000253-2721501,home,8826968117fffff,5,107,15-16,male,83.0,retired,nope,,,,False,False,car_truck_van,CAR
2015000000253-2721501,home,8826968117fffff,5,108,16-17,male,83.0,retired,nope,,,,False,False,car_truck_van,CAR
2015000000253-2721501,home,8826968117fffff,5,109,17-18,male,83.0,retired,nope,,,,False,False,car_truck_van,CAR
2015000000253-2721501,home,8826968117fffff,5,110,18-19,male,83.0,retired,nope,,,,False,False,car_truck_van,CAR
2015000000253-2721501,home,8826968117fffff,5,111,19-20,male,83.0,retired,nope,,,,False,False,car_truck_van,CAR
2015000000253-2721501,home,8826968117fffff,5,112,20-21,male,83.0,retired,nope,,,,False,False,car_truck_van,CAR
2015000000253-2721501,home,8826968117fffff,5,113,21-22,male,83.0,retired,nope,,,,False,False,car_truck_van,CAR
2015000000253-2721501,home,8826968117fffff,5,114,22-23,male,83.0,retired,nope,,,,False,False,car_truck_van,CAR
2015000000253-2721501,home,8826968117fffff,5,115,23-24,male,83.0,retired,nope,,,,False,False,car_truck_van,CAR
2015000000253-2721501,home,8826968117fffff,5,116,24-25,male,83.0,retired,nope,,,,False,False,car_truck_van,CAR
2015000000253-2721501,home,8826968117fffff,5,117,25-26,male,83.0,retired,nope,,,,False,False,car_truck_van,CAR
2015000000253-2721501,home,8826968117fffff,5,118,26-27,male,83.0,retired,nope,,,,False,False,car_truck_van,CAR
2015000000253-2721501,home,8826968117fffff,5,119,27-28,male,83.0,retired,nope,,,,False,False,car_truck_van,CAR
2015000000253-2721501,home,8826968117fffff,6,120,04-05,male,83.0,retired,nope,,,,False,False,car_truck_van,CAR
2015000000253-2721501,retail,88269681c5fffff,6,121,05-06,male,83.0,retired,nope,,,,False,False,car_truck_van,CAR
2015000000253-2721501,home,8826968117fffff,6,122,06-07,male,83.0,retired,nope,,,,False,False,car_truck_van,CAR
2015000000253-2721501,home,8826968117fffff,6,123,07-08,male,83.0,retired,nope,,,,False,False,car_truck_van,CAR
2015000000253-2721501,home,8826968117fffff,6,124,08-09,male,83.0,retired,nope,,,,False,False,car_truck_van,CAR
2015000000253-2721501,home,8826968117fffff,6,125,09-10,male,83.0,retired,nope,,,,False,False,car_truck_van,CAR
2015000000253-2721501,home,8826968117fffff,6,126,10-11,male,83.0,retired,nope,,,,False,False,car_truck_van,CAR
2015000000253-2721501,home,8826968117fffff,6,127,11-12,male,83.0,retired,nope,,,,False,False,car_truck_van,CAR
2015000000253-2721501,home,8826968117fffff,6,128,12-13,male,83.0,retired,nope,,,,False,False,car_truck_van,CAR
2015000000253-2721501,home,8826968117fffff,6,129,13-14,male,83.0,retired,nope,,,,False,False,car_truck_van,CAR
2015000000253-2721501,home,8826968117fffff,6,130,14-15,male,83.0,retired,nope,,,,False,False,car_truck_van,CAR
2015000000253-2721501,home,8826968117fffff,6,131,15-16,male,83.0,retired,nope,,,,False,False,car_truck_van,CAR
2015000000253-2721501,home,8826968117fffff,6,132,16-17,male,83.0,retired,nope,,,,False,False,car_truck_van,CAR
2015000000253-2721501,home,8826968117fffff,6,133,17-18,male,83.0,retired,nope,,,,False,False,car_truck_van,CAR
2015000000253-2721501,home,8826968117fffff,6,134,18-19,male,83.0,retired,nope,,,,False,False,car_truck_van,CAR
2015000000253-2721501,home,8826968117fffff,6,135,19-20,male,83.0,retired,nope,,,,False,False,car_truck_van,CAR
2015000000253-2721501,home,8826968117fffff,6,136,20-21,male,83.0,retired,nope,,,,False,False,car_truck_van,CAR
2015000000253-2721501,home,8826968117fffff,6,137,21-22,male,83.0,retired,nope,,,,False,False,car_truck_van,CAR
2015000000253-2721501,home,8826968117fffff,6,138,22-23,male,83.0,retired,nope,,,,False,False,car_truck_van,CAR
2015000000253-2721501,home,8826968117fffff,6,139,23-24,male,83.0,retired,nope,,,,False,False,car_truck_van,CAR
2015000000253-2721501,home,8826968117fffff,6,140,24-25,male,83.0,retired,nope,,,,False,False,car_truck_van,CAR
2015000000253-2721501,home,8826968117fffff,6,141,25-26,male,83.0,retired,nope,,,,False,False,car_truck_van,CAR
2015000000253-2721501,home,8826968117fffff,6,142,26-27,male,83.0,retired,nope,,,,False,False,car_truck_van,CAR
2015000000253-2721501,home,8826968117fffff,6,143,27-28,male,83.0,retired,nope,,,,False,False,car_truck_van,CAR
2015000000253-2721501,home,8826968117fffff,7,144,04-05,male,83.0,retired,nope,,,,False,False,car_truck_van,CAR
2015000000253-2721501,home,8826968117fffff,7,145,05-06,male,83.0,retired,nope,,,,False,False,car_truck_van,CAR
2015000000253-2721501,leisure,88269681edfffff,7,146,06-07,male,83.0,retired,nope,,,,False,False,car_truck_van,CAR
2015000000253-2721501,leisure,88269681edfffff,7,147,07-08,male,83.0,retired,nope,,,,False,False,car_truck_van,CAR
2015000000253-2721501,leisure,88269681edfffff,7,148,08-09,male,83.0,retired,nope,,,,False,False,car_truck_van,CAR
2015000000253-2721501,leisure,88269681edfffff,7,149,09-10,male,83.0,retired,nope,,,,False,False,car_truck_van,CAR
2015000000253-2721501,leisure,88269681edfffff,7,150,10-11,male,83.0,retired,nope,,,,False,False,car_truck_van,CAR
2015000000253-2721501,home,8826968117fffff,7,151,11-12,male,83.0,retired,nope,,,,False,False,car_truck_van,CAR
2015000000253-2721501,home,8826968117fffff,7,152,12-13,male,83.0,retired,nope,,,,False,False,car_truck_van,CAR
2015000000253-2721501,home,8826968117fffff,7,153,13-14,male,83.0,retired,nope,,,,False,False,car_truck_van,CAR
2015000000253-2721501,home,8826968117fffff,7,154,14-15,male,83.0,retired,nope,,,,False,False,car_truck_van,CAR
2015000000253-2721501,home,8826968117fffff,7,155,15-16,male,83.0,retired,nope,,,,False,False,car_truck_van,CAR
2015000000253-2721501,home,8826968117fffff,7,156,16-17,male,83.0,retired,nope,,,,False,False,car_truck_van,CAR
2015000000253-2721501,home,8826968117fffff,7,157,17-18,male,83.0,retired,nope,,,,False,False,car_truck_van,CAR
2015000000253-2721501,home,8826968117fffff,7,158,18-19,male,83.0,retired,nope,,,,False,False,car_truck_van,CAR
2015000000253-2721501,home,8826968117fffff,7,159,19-20,male,83.0,retired,nope,,,,False,False,car_truck_van,CAR
2015000000253-2721501,home,8826968117fffff,7,160,20-21,male,83.0,retired,nope,,,,False,False,car_truck_van,CAR
2015000000253-2721501,home,8826968117fffff,7,161,21-22,male,83.0,retired,nope,,,,False,False,car_truck_van,CAR
2015000000253-2721501,home,8826968117fffff,7,162,22-23,male,83.0,retired,nope,,,,False,False,car_truck_van,CAR
2015000000253-2721501,home,8826968117fffff,7,163,23-24,male,83.0,retired,nope,,,,False,False,car_truck_van,CAR
2015000000253-2721501,home,8826968117fffff,7,164,24-25,male,83.0,retired,nope,,,,False,False,car_truck_van,CAR
2015000000253-2721501,home,8826968117fffff,7,165,25-26,male,83.0,retired,nope,,,,False,False,car_truck_van,CAR
2015000000253-2721501,home,8826968117fffff,7,166,26-27,male,83.0,retired,nope,,,,False,False,car_truck_van,CAR
2015000000253-2721501,home,8826968117fffff,7,167,27-28,male,83.0,retired,nope,,,,False,False,car_truck_van,CAR
2015000000253-2721502,home,8826968117fffff,1,0,04-05,female,72.0,retired,nope,,,,False,False,car_truck_van,CAR
2015000000253-2721502,home,8826968117fffff,1,1,05-06,female,72.0,retired,nope,,,,False,False,car_truck_van,CAR
2015000000253-2721502,home,8826968117fffff,1,2,06-07,female,72.0,retired,nope,,,,False,False,car_truck_van,CAR
2015000000253-2721502,home,8826968117fffff,1,3,07-08,female,72.0,retired,nope,,,,False,False,car_truck_van,CAR
2015000000253-2721502,home,8826968117fffff,1,4,08-09,female,72.0,retired,nope,,,,False,False,car_truck_van,CAR
2015000000253-2721502,home,8826968117fffff,1,5,09-10,female,72.0,retired,nope,,,,False,False,car_truck_van,CAR
2015000000253-2721502,home,8826968117fffff,1,6,10-11,female,72.0,retired,nope,,,,False,False,car_truck_van,CAR
2015000000253-2721502,home,8826968117fffff,1,7,11-12,female,72.0,retired,nope,,,,False,False,car_truck_van,CAR
2015000000253-2721502,home,8826968117fffff,1,8,12-13,female,72.0,retired,nope,,,,False,False,car_truck_van,CAR
2015000000253-2721502,home,8826968117fffff,1,9,13-14,female,72.0,retired,nope,,,,False,False,car_truck_van,CAR
2015000000253-2721502,home,8826968117fffff,1,10,14-15,female,72.0,retired,nope,,,,False,False,car_truck_van,CAR
2015000000253-2721502,home,8826968117fffff,1,11,15-16,female,72.0,retired,nope,,,,False,False,car_truck_van,CAR
2015000000253-2721502,home,8826968117fffff,1,12,16-17,female,72.0,retired,nope,,,,False,False,car_truck_van,CAR
2015000000253-2721502,home,8826968117fffff,1,13,17-18,female,72.0,retired,nope,,,,False,False,car_truck_van,CAR
2015000000253-2721502,home,8826968117fffff,1,14,18-19,female,72.0,retired,nope,,,,False,False,car_truck_van,CAR
2015000000253-2721502,home,8826968117fffff,1,15,19-20,female,72.0,retired,nope,,,,False,False,car_truck_van,CAR
2015000000253-2721502,home,8826968117fffff,1,16,20-21,female,72.0,retired,nope,,,,False,False,car_truck_van,CAR
2015000000253-2721502,home,8826968117fffff,1,17,21-22,female,72.0,retired,nope,,,,False,False,car_truck_van,CAR
2015000000253-2721502,home,8826968117fffff,1,18,22-23,female,72.0,retired,nope,,,,False,False,car_truck_van,CAR
2015000000253-2721502,home,8826968117fffff,1,19,23-24,female,72.0,retired,nope,,,,False,False,car_truck_van,CAR
2015000000253-2721502,home,8826968117fffff,1,20,24-25,female,72.0,retired,nope,,,,False,False,car_truck_van,CAR
2015000000253-2721502,home,8826968117fffff,1,21,25-26,female,72.0,retired,nope,,,,False,False,car_truck_van,CAR
2015000000253-2721502,home,8826968117fffff,1,22,26-27,female,72.0,retired,nope,,,,False,False,car_truck_van,CAR
2015000000253-2721502,home,8826968117fffff,1,23,27-28,female,72.0,retired,nope,,,,False,False,car_truck_van,CAR
2015000000253-2721502,home,8826968117fffff,2,24,04-05,female,72.0,retired,nope,,,,False,False,car_truck_van,CAR
2015000000253-2721502,religious_community,88269681c5fffff,2,25,05-06,female,72.0,retired,nope,,,,False,False,car_truck_van,CAR
2015000000253-2721502,religious_community,88269681c5fffff,2,26,06-07,female,72.0,retired,nope,,,,False,False,car_truck_van,CAR
2015000000253-2721502,home,8826968117fffff,2,27,07-08,female,72.0,retired,nope,,,,False,False,car_truck_van,CAR
2015000000253-2721502,home,8826968117fffff,2,28,08-09,female,72.0,retired,nope,,,,False,False,car_truck_van,CAR
2015000000253-2721502,home,8826968117fffff,2,29,09-10,female,72.0,retired,nope,,,,False,False,car_truck_van,CAR
2015000000253-2721502,home,8826968117fffff,2,30,10-11,female,72.0,retired,nope,,,,False,False,car_truck_van,CAR
2015000000253-2721502,home,8826968117fffff,2,31,11-12,female,72.0,retired,nope,,,,False,False,car_truck_van,CAR
2015000000253-2721502,home,8826968117fffff,2,32,12-13,female,72.0,retired,nope,,,,False,False,car_truck_van,CAR
2015000000253-2721502,home,8826968117fffff,2,33,13-14,female,72.0,retired,nope,,,,False,False,car_truck_van,CAR
2015000000253-2721502,home,8826968117fffff,2,34,14-15,female,72.0,retired,nope,,,,False,False,car_truck_van,CAR
2015000000253-2721502,home,8826968117fffff,2,35,15-16,female,72.0,retired,nope,,,,False,False,car_truck_van,CAR
2015000000253-2721502,home,8826968117fffff,2,36,16-17,female,72.0,retired,nope,,,,False,False,car_truck_van,CAR
2015000000253-2721502,home,8826968117fffff,2,37,17-18,female,72.0,retired,nope,,,,False,False,car_truck_van,CAR
2015000000253-2721502,home,8826968117fffff,2,38,18-19,female,72.0,retired,nope,,,,False,False,car_truck_van,CAR
2015000000253-2721502,home,8826968117fffff,2,39,19-20,female,72.0,retired,nope,,,,False,False,car_truck_van,CAR
2015000000253-2721502,home,8826968117fffff,2,40,20-21,female,72.0,retired,nope,,,,False,False,car_truck_van,CAR
2015000000253-2721502,home,8826968117fffff,2,41,21-22,female,72.0,retired,nope,,,,False,False,car_truck_van,CAR
2015000000253-2721502,home,8826968117fffff,2,42,22-23,female,72.0,retired,nope,,,,False,False,car_truck_van,CAR
2015000000253-2721502,home,8826968117fffff,2,43,23-24,female,72.0,retired,nope,,,,False,False,car_truck_van,CAR
2015000000253-2721502,home,8826968117fffff,2,44,24-25,female,72.0,retired,nope,,,,False,False,car_truck_van,CAR
2015000000253-2721502,home,8826968117fffff,2,45,25-26,female,72.0,retired,nope,,,,False,False,car_truck_van,CAR
2015000000253-2721502,home,8826968117fffff,2,46,26-27,female,72.0,retired,nope,,,,False,False,car_truck_van,CAR
2015000000253-2721502,home,8826968117fffff,2,47,27-28,female,72.0,retired,nope,,,,False,False,car_truck_van,CAR
2015000000253-2721502,home,8826968117fffff,3,48,04-05,female,72.0,retired,nope,,,,False,False,car_truck_van,CAR
2015000000253-2721502,home,8826968117fffff,3,49,05-06,female,72.0,retired,nope,,,,False,False,car_truck_van,CAR
2015000000253-2721502,home,8826968117fffff,3,50,06-07,female,72.0,retired,nope,,,,False,False,car_truck_van,CAR
2015000000253-2721502,home,8826968117fffff,3,51,07-08,female,72.0,retired,nope,,,,False,False,car_truck_van,CAR
2015000000253-2721502,retail,882696813bfffff,3,52,08-09,female,72.0,retired,nope,,,,False,False,car_truck_van,CAR
2015000000253-2721502,home,8826968117fffff,3,53,09-10,female,72.0,retired,nope,,,,False,False,car_truck_van,CAR
2015000000253-2721502,home,8826968117fffff,3,54,10-11,female,72.0,retired,nope,,,,False,False,car_truck_van,CAR
2015000000253-2721502,home,8826968117fffff,3,55,11-12,female,72.0,retired,nope,,,,False,False,car_truck_van,CAR
2015000000253-2721502,home,8826968117fffff,3,56,12-13,female,72.0,retired,nope,,,,False,False,car_truck_van,CAR
2015000000253-2721502,home,8826968117fffff,3,57,13-14,female,72.0,retired,nope,,,,False,False,car_truck_van,CAR
2015000000253-2721502,home,8826968117fffff,3,58,14-15,female,72.0,retired,nope,,,,False,False,car_truck_van,CAR
2015000000253-2721502,home,8826968117fffff,3,59,15-16,female,72.0,retired,nope,,,,False,False,car_truck_van,CAR
2015000000253-2721502,home,8826968117fffff,3,60,16-17,female,72.0,retired,nope,,,,False,False,car_truck_van,CAR
2015000000253-2721502,home,8826968117fffff,3,61,17-18,female,72.0,retired,nope,,,,False,False,car_truck_van,CAR
2015000000253-2721502,home,8826968117fffff,3,62,18-19,female,72.0,retired,nope,,,,False,False,car_truck_van,CAR
2015000000253-2721502,home,8826968117fffff,3,63,19-20,female,72.0,retired,nope,,,,False,False,car_truck_van,CAR
2015000000253-2721502,home,8826968117fffff,3,64,20-21,female,72.0,retired,nope,,,,False,False,car_truck_van,CAR
2015000000253-2721502,home,8826968117fffff,3,65,21-22,female,72.0,retired,nope,,,,False,False,car_truck_van,CAR
2015000000253-2721502,home,8826968117fffff,3,66,22-23,female,72.0,retired,nope,,,,False,False,car_truck_van,CAR
2015000000253-2721502,home,8826968117fffff,3,67,23-24,female,72.0,retired,nope,,,,False,False,car_truck_van,CAR
2015000000253-2721502,home,8826968117fffff,3,68,24-25,female,72.0,retired,nope,,,,False,False,car_truck_van,CAR
2015000000253-2721502,home,8826968117fffff,3,69,25-26,female,72.0,retired,nope,,,,False,False,car_truck_van,CAR
2015000000253-2721502,home,8826968117fffff,3,70,26-27,female,72.0,retired,nope,,,,False,False,car_truck_van,CAR
2015000000253-2721502,home,8826968117fffff,3,71,27-28,female,72.0,retired,nope,,,,False,False,car_truck_van,CAR
2015000000253-2721502,home,8826968117fffff,4,72,04-05,female,72.0,retired,nope,,,,False,False,car_truck_van,CAR
2015000000253-2721502,home,8826968117fffff,4,73,05-06,female,72.0,retired,nope,,,,False,False,car_truck_van,CAR
2015000000253-2721502,home,8826968117fffff,4,74,06-07,female,72.0,retired,nope,,,,False,False,car_truck_van,CAR
2015000000253-2721502,other,8826968115fffff,4,75,07-08,female,72.0,retired,nope,,,,False,False,car_truck_van,CAR
2015000000253-2721502,other,8826968115fffff,4,76,08-09,female,72.0,retired,nope,,,,False,False,car_truck_van,CAR
2015000000253-2721502,other,8826968115fffff,4,77,09-10,female,72.0,retired,nope,,,,False,False,car_truck_van,CAR
2015000000253-2721502,home,8826968117fffff,4,78,10-11,female,72.0,retired,nope,,,,False,False,car_truck_van,CAR
2015000000253-2721502,home,8826968117fffff,4,79,11-12,female,72.0,retired,nope,,,,False,False,car_truck_van,CAR
2015000000253-2721502,home,8826968117fffff,4,80,12-13,female,72.0,retired,nope,,,,False,False,car_truck_van,CAR
2015000000253-2721502,home,8826968117fffff,4,81,13-14,female,72.0,retired,nope,,,,False,False,car_truck_van,CAR
2015000000253-2721502,home,8826968117fffff,4,82,14-15,female,72.0,retired,nope,,,,False,False,car_truck_van,CAR
2015000000253-2721502,home,8826968117fffff,4,83,15-16,female,72.0,retired,nope,,,,False,False,car_truck_van,CAR
2015000000253-2721502,home,8826968117fffff,4,84,16-17,female,72.0,retired,nope,,,,False,False,car_truck_van,CAR
2015000000253-2721502,home,8826968117fffff,4,85,17-18,female,72.0,retired,nope,,,,False,False,car_truck_van,CAR
2015000000253-2721502,home,8826968117fffff,4,86,18-19,female,72.0,retired,nope,,,,False,False,car_truck_van,CAR
2015000000253-2721502,home,8826968117fffff,4,87,19-20,female,72.0,retired,nope,,,,False,False,car_truck_van,CAR
2015000000253-2721502,home,8826968117fffff,4,88,20-21,female,72.0,retired,nope,,,,False,False,car_truck_van,CAR
2015000000253-2721502,home,8826968117fffff,4,89,21-22,female,72.0,retired,nope,,,,False,False,car_truck_van,CAR
2015000000253-2721502,home,8826968117fffff,4,90,22-23,female,72.0,retired,nope,,,,False,False,car_truck_van,CAR
2015000000253-2721502,home,8826968117fffff,4,91,23-24,female,72.0,retired,nope,,,,False,False,car_truck_van,CAR
2015000000253-2721502,home,8826968117fffff,4,92,24-25,female,72.0,retired,nope,,,,False,False,car_truck_van,CAR
2015000000253-2721502,home,8826968117fffff,4,93,25-26,female,72.0,retired,nope,,,,False,False,car_truck_van,CAR
2015000000253-2721502,home,8826968117fffff,4,94,26-27,female,72.0,retired,nope,,,,False,False,car_truck_van,CAR
2015000000253-2721502,home,8826968117fffff,4,95,27-28,female,72.0,retired,nope,,,,False,False,car_truck_van,CAR
2015000000253-2721502,home,8826968117fffff,5,96,04-05,female,72.0,retired,nope,,,,False,False,car_truck_van,CAR
2015000000253-2721502,home,8826968117fffff,5,97,05-06,female,72.0,retired,nope,,,,False,False,car_truck_van,CAR
2015000000253-2721502,home,8826968117fffff,5,98,06-07,female,72.0,retired,nope,,,,False,False,car_truck_van,CAR
2015000000253-2721502,home,8826968117fffff,5,99,07-08,female,72.0,retired,nope,,,,False,False,car_truck_van,CAR
2015000000253-2721502,home,8826968117fffff,5,100,08-09,female,72.0,retired,nope,,,,False,False,car_truck_van,CAR
2015000000253-2721502,home,8826968117fffff,5,101,09-10,female,72.0,retired,nope,,,,False,False,car_truck_van,CAR
2015000000253-2721502,home,8826968117fffff,5,102,10-11,female,72.0,retired,nope,,,,False,False,car_truck_van,CAR
2015000000253-2721502,home,8826968117fffff,5,103,11-12,female,72.0,retired,nope,,,,False,False,car_truck_van,CAR
2015000000253-2721502,home,8826968117fffff,5,104,12-13,female,72.0,retired,nope,,,,False,False,car_truck_van,CAR
2015000000253-2721502,home,8826968117fffff,5,105,13-14,female,72.0,retired,nope,,,,False,False,car_truck_van,CAR
2015000000253-2721502,home,8826968117fffff,5,106,14-15,female,72.0,retired,nope,,,,False,False,car_truck_van,CAR
2015000000253-2721502,home,8826968117fffff,5,107,15-16,female,72.0,retired,nope,,,,False,False,car_truck_van,CAR
2015000000253-2721502,home,8826968117fffff,5,108,16-17,female,72.0,retired,nope,,,,False,False,car_truck_van,CAR
2015000000253-2721502,home,8826968117fffff,5,109,17-18,female,72.0,retired,nope,,,,False,False,car_truck_van,CAR
2015000000253-2721502,home,8826968117fffff,5,110,18-19,female,72.0,retired,nope,,,,False,False,car_truck_van,CAR
2015000000253-2721502,home,8826968117fffff,5,111,19-20,female,72.0,retired,nope,,,,False,False,car_truck_van,CAR
2015000000253-2721502,home,8826968117fffff,5,112,20-21,female,72.0,retired,nope,,,,False,False,car_truck_van,CAR
2015000000253-2721502,home,8826968117fffff,5,113,21-22,female,72.0,retired,nope,,,,False,False,car_truck_van,CAR
2015000000253-2721502,home,8826968117fffff,5,114,22-23,female,72.0,retired,nope,,,,False,False,car_truck_van,CAR
2015000000253-2721502,home,8826968117fffff,5,115,23-24,female,72.0,retired,nope,,,,False,False,car_truck_van,CAR
2015000000253-2721502,home,8826968117fffff,5,116,24-25,female,72.0,retired,nope,,,,False,False,car_truck_van,CAR
2015000000253-2721502,home,8826968117fffff,5,117,25-26,female,72.0,retired,nope,,,,False,False,car_truck_van,CAR
2015000000253-2721502,home,8826968117fffff,5,118,26-27,female,72.0,retired,nope,,,,False,False,car_truck_van,CAR
2015000000253-2721502,home,8826968117fffff,5,119,27-28,female,72.0,retired,nope,,,,False,False,car_truck_van,CAR
2015000000253-2721502,home,8826968117fffff,6,120,04-05,female,72.0,retired,nope,,,,False,False,car_truck_van,CAR
2015000000253-2721502,home,8826968117fffff,6,121,05-06,female,72.0,retired,nope,,,,False,False,car_truck_van,CAR
2015000000253-2721502,home,8826968117fffff,6,122,06-07,female,72.0,retired,nope,,,,False,False,car_truck_van,CAR
2015000000253-2721502,home,8826968117fffff,6,123,07-08,female,72.0,retired,nope,,,,False,False,car_truck_van,CAR
2015000000253-2721502,retail,88269681c5fffff,6,124,08-09,female,72.0,retired,nope,,,,False,False,car_truck_van,CAR
2015000000253-2721502,home,8826968117fffff,6,125,09-10,female,72.0,retired,nope,,,,False,False,car_truck_van,CAR
2015000000253-2721502,home,8826968117fffff,6,126,10-11,female,72.0,retired,nope,,,,False,False,car_truck_van,CAR
2015000000253-2721502,home,8826968117fffff,6,127,11-12,female,72.0,retired,nope,,,,False,False,car_truck_van,CAR
2015000000253-2721502,home,8826968117fffff,6,128,12-13,female,72.0,retired,nope,,,,False,False,car_truck_van,CAR
2015000000253-2721502,home,8826968117fffff,6,129,13-14,female,72.0,retired,nope,,,,False,False,car_truck_van,CAR
2015000000253-2721502,home,8826968117fffff,6,130,14-15,female,72.0,retired,nope,,,,False,False,car_truck_van,CAR
2015000000253-2721502,home,8826968117fffff,6,131,15-16,female,72.0,retired,nope,,,,False,False,car_truck_van,CAR
2015000000253-2721502,home,8826968117fffff,6,132,16-17,female,72.0,retired,nope,,,,False,False,car_truck_van,CAR
2015000000253-2721502,home,8826968117fffff,6,133,17-18,female,72.0,retired,nope,,,,False,False,car_truck_van,CAR
2015000000253-2721502,home,8826968117fffff,6,134,18-19,female,72.0,retired,nope,,,,False,False,car_truck_van,CAR
2015000000253-2721502,home,8826968117fffff,6,135,19-20,female,72.0,retired,nope,,,,False,False,car_truck_van,CAR
2015000000253-2721502,home,8826968117fffff,6,136,20-21,female,72.0,retired,nope,,,,False,False,car_truck_van,CAR
2015000000253-2721502,home,8826968117fffff,6,137,21-22,female,72.0,retired,nope,,,,False,False,car_truck_van,CAR
2015000000253-2721502,home,8826968117fffff,6,138,22-23,female,72.0,retired,nope,,,,False,False,car_truck_van,CAR
2015000000253-2721502,home,8826968117fffff,6,139,23-24,female,72.0,retired,nope,,,,False,False,car_truck_van,CAR
2015000000253-2721502,home,8826968117fffff,6,140,24-25,female,72.0,retired,nope,,,,False,False,car_truck_van,CAR
2015000000253-2721502,home,8826968117fffff,6,141,25-26,female,72.0,retired,nope,,,,False,False,car_truck_van,CAR
2015000000253-2721502,home,8826968117fffff,6,142,26-27,female,72.0,retired,nope,,,,False,False,car_truck_van,CAR
2015000000253-2721502,home,8826968117fffff,6,143,27-28,female,72.0,retired,nope,,,,False,False,car_truck_van,CAR
2015000000253-2721502,home,8826968117fffff,7,144,04-05,female,72.0,retired,nope,,,,False,False,car_truck_van,CAR
2015000000253-2721502,home,8826968117fffff,7,145,05-06,female,72.0,retired,nope,,,,False,False,car_truck_van,CAR
2015000000253-2721502,home,8826968117fffff,7,146,06-07,female,72.0,retired,nope,,,,False,False,car_truck_van,CAR
2015000000253-2721502,home,8826968117fffff,7,147,07-08,female,72.0,retired,nope,,,,False,False,car_truck_van,CAR
2015000000253-2721502,home,8826968117fffff,7,148,08-09,female,72.0,retired,nope,,,,False,False,car_truck_van,CAR
2015000000253-2721502,home,8826968117fffff,7,149,09-10,female,72.0,retired,nope,,,,False,False,car_truck_van,CAR
2015000000253-2721502,home,8826968117fffff,7,150,10-11,female,72.0,retired,nope,,,,False,False,car_truck_van,CAR
2015000000253-2721502,home,8826968117fffff,7,151,11-12,female,72.0,retired,nope,,,,False,False,car_truck_van,CAR
2015000000253-2721502,religious_community,88269681ebfffff,7,152,12-13,female,72.0,retired,nope,,,,False,False,car_truck_van,CAR
2015000000253-2721502,home,8826968117fffff,7,153,13-14,female,72.0,retired,nope,,,,False,False,car_truck_van,CAR
2015000000253-2721502,home,8826968117fffff,7,154,14-15,female,72.0,retired,nope,,,,False,False,car_truck_van,CAR
2015000000253-2721502,home,8826968117fffff,7,155,15-16,female,72.0,retired,nope,,,,False,False,car_truck_van,CAR
2015000000253-2721502,home,8826968117fffff,7,156,16-17,female,72.0,retired,nope,,,,False,False,car_truck_van,CAR
2015000000253-2721502,home,8826968117fffff,7,157,17-18,female,72.0,retired,nope,,,,False,False,car_truck_van,CAR
2015000000253-2721502,home,8826968117fffff,7,158,18-19,female,72.0,retired,nope,,,,False,False,car_truck_van,CAR
2015000000253-2721502,home,8826968117fffff,7,159,19-20,female,72.0,retired,nope,,,,False,False,car_truck_van,CAR
2015000000253-2721502,home,8826968117fffff,7,160,20-21,female,72.0,retired,nope,,,,False,False,car_truck_van,CAR
2015000000253-2721502,home,8826968117fffff,7,161,21-22,female,72.0,retired,nope,,,,False,False,car_truck_van,CAR
2015000000253-2721502,home,8826968117fffff,7,162,22-23,female,72.0,retired,nope,,,,False,False,car_truck_van,CAR
2015000000253-2721502,home,8826968117fffff,7,163,23-24,female,72.0,retired,nope,,,,False,False,car_truck_van,CAR
2015000000253-2721502,home,8826968117fffff,7,164,24-25,female,72.0,retired,nope,,,,False,False,car_truck_van,CAR
2015000000253-2721502,home,8826968117fffff,7,165,25-26,female,72.0,retired,nope,,,,False,False,car_truck_van,CAR
2015000000253-2721502,home,8826968117fffff,7,166,26-27,female,72.0,retired,nope,,,,False,False,car_truck_van,CAR
2015000000253-2721502,home,8826968117fffff,7,167,27-28,female,72.0,retired,nope,,,,False,False,car_truck_van,CAR
